SET synchronous_commit TO off;

DROP USER IF EXISTS starosta;
CREATE USER starosta WITH PASSWORD 'p4ssw0rd';
DROP DATABASE IF EXISTS obce;
CREATE DATABASE obce OWNER starosta;
-- CREATE DATABASE obce OWNER postgres;

\c obce

-- DROP TABLE IF EXISTS populacia;
-- DROP TABLE IF EXISTS obec;
-- DROP TABLE IF EXISTS okres;
-- DROP TABLE IF EXISTS oblast;
-- DROP TABLE IF EXISTS kraj;

CREATE TABLE oblast(
    id INT PRIMARY KEY,
    nazov VARCHAR(30)
);

INSERT INTO oblast VALUES( 1, 'Bratislavsky kraj');
INSERT INTO oblast VALUES( 2, 'Zapadne Slovensko');
INSERT INTO oblast VALUES( 3, 'Stredne Slovensko');
INSERT INTO oblast VALUES( 4, 'Vychodne Slovensko');

CREATE TABLE kraj(
    id INT PRIMARY KEY,
    id_oblast INT REFERENCES oblast(id),
    nazov VARCHAR(50)
);

INSERT INTO kraj VALUES( 1, 1, 'Bratislavsky kraj');
INSERT INTO kraj VALUES( 2, 2, 'Trnavsky kraj');
INSERT INTO kraj VALUES( 3, 2, 'Trenciansky kraj');
INSERT INTO kraj VALUES( 4, 2, 'Nitriansky kraj');
INSERT INTO kraj VALUES( 5, 3, 'Zilinsky kraj');
INSERT INTO kraj VALUES( 6, 3, 'Banskobystricky kraj');
INSERT INTO kraj VALUES( 7, 4, 'Presovsky kraj');
INSERT INTO kraj VALUES( 8, 4, 'Kosicky kraj');

CREATE TABLE okres(
    id INT PRIMARY KEY,
    id_kraj INT REFERENCES kraj(id),
    nazov VARCHAR(50)
);

INSERT INTO okres VALUES( 101, 1, 'Bratislava I');
INSERT INTO okres VALUES( 102, 1, 'Bratislava II');
INSERT INTO okres VALUES( 103, 1, 'Bratislava III');
INSERT INTO okres VALUES( 104, 1, 'Bratislava IV');
INSERT INTO okres VALUES( 105, 1, 'Bratislava V');
INSERT INTO okres VALUES( 106, 1, 'Malacky');
INSERT INTO okres VALUES( 107, 1, 'Pezinok');
INSERT INTO okres VALUES( 108, 1, 'Senec');
INSERT INTO okres VALUES( 201, 2, 'Dunajska Streda');
INSERT INTO okres VALUES( 202, 2, 'Galanta');
INSERT INTO okres VALUES( 203, 2, 'Hlohovec');
INSERT INTO okres VALUES( 204, 2, 'Piestany');
INSERT INTO okres VALUES( 205, 2, 'Senica');
INSERT INTO okres VALUES( 206, 2, 'Skalica');
INSERT INTO okres VALUES( 207, 2, 'Trnava');
INSERT INTO okres VALUES( 301, 3, 'Banovce nad Bebravou');
INSERT INTO okres VALUES( 302, 3, 'Ilava');
INSERT INTO okres VALUES( 303, 3, 'Myjava');
INSERT INTO okres VALUES( 304, 3, 'Nove Mesto nad Vahom');
INSERT INTO okres VALUES( 305, 3, 'Partizanske');
INSERT INTO okres VALUES( 306, 3, 'Povazska Bystrica');
INSERT INTO okres VALUES( 307, 3, 'Prievidza');
INSERT INTO okres VALUES( 308, 3, 'Puchov');
INSERT INTO okres VALUES( 309, 3, 'Trencin');
INSERT INTO okres VALUES( 401, 4, 'Komarno');
INSERT INTO okres VALUES( 402, 4, 'Levice');
INSERT INTO okres VALUES( 403, 4, 'Nitra');
INSERT INTO okres VALUES( 404, 4, 'Nove Zamky');
INSERT INTO okres VALUES( 405, 4, 'Sala');
INSERT INTO okres VALUES( 406, 4, 'Topolcany');
INSERT INTO okres VALUES( 407, 4, 'Zlate Moravce');
INSERT INTO okres VALUES( 501, 5, 'Bytca');
INSERT INTO okres VALUES( 502, 5, 'Cadca');
INSERT INTO okres VALUES( 503, 5, 'Dolny Kubin');
INSERT INTO okres VALUES( 504, 5, 'Kysucke Nove Mesto');
INSERT INTO okres VALUES( 505, 5, 'Liptovsky Mikulas');
INSERT INTO okres VALUES( 506, 5, 'Martin');
INSERT INTO okres VALUES( 507, 5, 'Namestovo');
INSERT INTO okres VALUES( 508, 5, 'Ruzomberok');
INSERT INTO okres VALUES( 509, 5, 'Turcianske Teplice');
INSERT INTO okres VALUES( 510, 5, 'Tvrdosin');
INSERT INTO okres VALUES( 511, 5, 'Zilina');
INSERT INTO okres VALUES( 601, 6, 'Banska Bystrica');
INSERT INTO okres VALUES( 602, 6, 'Banska Stiavnica');
INSERT INTO okres VALUES( 603, 6, 'Brezno');
INSERT INTO okres VALUES( 604, 6, 'Detva');
INSERT INTO okres VALUES( 605, 6, 'Krupina');
INSERT INTO okres VALUES( 606, 6, 'Lucenec');
INSERT INTO okres VALUES( 607, 6, 'Poltar');
INSERT INTO okres VALUES( 608, 6, 'Revuca');
INSERT INTO okres VALUES( 609, 6, 'Rimavska Sobota');
INSERT INTO okres VALUES( 610, 6, 'Velky Krtis');
INSERT INTO okres VALUES( 611, 6, 'Zvolen');
INSERT INTO okres VALUES( 612, 6, 'Zarnovica');
INSERT INTO okres VALUES( 613, 6, 'Ziar nad Hronom');
INSERT INTO okres VALUES( 701, 7, 'Bardejov');
INSERT INTO okres VALUES( 702, 7, 'Humenne');
INSERT INTO okres VALUES( 703, 7, 'Kezmarok');
INSERT INTO okres VALUES( 704, 7, 'Levoca');
INSERT INTO okres VALUES( 705, 7, 'Medzilaborce');
INSERT INTO okres VALUES( 706, 7, 'Poprad');
INSERT INTO okres VALUES( 707, 7, 'Presov');
INSERT INTO okres VALUES( 708, 7, 'Sabinov');
INSERT INTO okres VALUES( 709, 7, 'Snina');
INSERT INTO okres VALUES( 710, 7, 'Stara Lubovna');
INSERT INTO okres VALUES( 711, 7, 'Stropkov');
INSERT INTO okres VALUES( 712, 7, 'Svidnik');
INSERT INTO okres VALUES( 713, 7, 'Vranov  nad Toplou');
INSERT INTO okres VALUES( 801, 8, 'Gelnica');
INSERT INTO okres VALUES( 802, 8, 'Kosice I');
INSERT INTO okres VALUES( 803, 8, 'Kosice II');
INSERT INTO okres VALUES( 804, 8, 'Kosice III');
INSERT INTO okres VALUES( 805, 8, 'Kosice IV');
INSERT INTO okres VALUES( 806, 8, 'Kosice-okolie');
INSERT INTO okres VALUES( 807, 8, 'Michalovce');
INSERT INTO okres VALUES( 808, 8, 'Roznava');
INSERT INTO okres VALUES( 809, 8, 'Sobrance');
INSERT INTO okres VALUES( 810, 8, 'Spisska Nova Ves');
INSERT INTO okres VALUES( 811, 8, 'Trebisov');

CREATE TABLE obec(
    id INT PRIMARY KEY,
    id_okres INT REFERENCES okres(id),
    nazov VARCHAR(50)
);

CREATE TABLE populacia(
    rok INT,
    id_obec INT REFERENCES obec(id),
    muzi INT,
    zeny INT,
    PRIMARY KEY( rok, id_obec )
);

INSERT INTO obec  VALUES( 528595, 101, 'Bratislava - Stare Mesto');
INSERT INTO populacia  VALUES( 2012, 528595, 18302, 20565 );
INSERT INTO obec  VALUES( 529311, 102, 'Bratislava - Podunajske Biskupice');
INSERT INTO populacia  VALUES( 2012, 529311, 9861, 11144 );
INSERT INTO obec  VALUES( 529320, 102, 'Bratislava - Ruzinov');
INSERT INTO populacia  VALUES( 2012, 529320, 31518, 38146 );
INSERT INTO obec  VALUES( 529338, 102, 'Bratislava - Vrakuna');
INSERT INTO populacia  VALUES( 2012, 529338, 9238, 10251 );
INSERT INTO obec  VALUES( 529346, 103, 'Bratislava - Nove Mesto');
INSERT INTO populacia  VALUES( 2012, 529346, 16698, 20020 );
INSERT INTO obec  VALUES( 529354, 103, 'Bratislava - Raca');
INSERT INTO populacia  VALUES( 2012, 529354, 9442, 10626 );
INSERT INTO obec  VALUES( 529362, 103, 'Bratislava - Vajnory');
INSERT INTO populacia  VALUES( 2012, 529362, 2622, 2646 );
INSERT INTO obec  VALUES( 529371, 104, 'Bratislava - Devinska Nova Ves');
INSERT INTO populacia  VALUES( 2012, 529371, 7687, 8082 );
INSERT INTO obec  VALUES( 529389, 104, 'Bratislava - Dubravka');
INSERT INTO populacia  VALUES( 2012, 529389, 15156, 17624 );
INSERT INTO obec  VALUES( 529397, 104, 'Bratislava - Karlova Ves');
INSERT INTO populacia  VALUES( 2012, 529397, 15373, 17709 );
INSERT INTO obec  VALUES( 529401, 104, 'Bratislava - Devin');
INSERT INTO populacia  VALUES( 2012, 529401, 586, 561 );
INSERT INTO obec  VALUES( 529419, 104, 'Bratislava - Lamac');
INSERT INTO populacia  VALUES( 2012, 529419, 3108, 3695 );
INSERT INTO obec  VALUES( 529427, 104, 'Bratislava - Zahorska Bystrica');
INSERT INTO populacia  VALUES( 2012, 529427, 1865, 1940 );
INSERT INTO obec  VALUES( 529435, 105, 'Bratislava - Cunovo');
INSERT INTO populacia  VALUES( 2012, 529435, 530, 533 );
INSERT INTO obec  VALUES( 529443, 105, 'Bratislava - Jarovce');
INSERT INTO populacia  VALUES( 2012, 529443, 768, 798 );
INSERT INTO obec  VALUES( 529460, 105, 'Bratislava - Petrzalka');
INSERT INTO populacia  VALUES( 2012, 529460, 50068, 55400 );
INSERT INTO obec  VALUES( 529494, 105, 'Bratislava - Rusovce');
INSERT INTO populacia  VALUES( 2012, 529494, 1457, 1570 );
INSERT INTO obec  VALUES( 500267, 106, 'Zahorie (vojensky obvod)');
INSERT INTO populacia  VALUES( 2012, 500267, 96, 80 );
INSERT INTO obec  VALUES( 504556, 106, 'Male Levare');
INSERT INTO populacia  VALUES( 2012, 504556, 573, 584 );
INSERT INTO obec  VALUES( 504629, 106, 'Plavecke Podhradie');
INSERT INTO populacia  VALUES( 2012, 504629, 337, 345 );
INSERT INTO obec  VALUES( 504637, 106, 'Plavecky Mikulas');
INSERT INTO populacia  VALUES( 2012, 504637, 355, 351 );
INSERT INTO obec  VALUES( 504769, 106, 'Rohoznik');
INSERT INTO populacia  VALUES( 2012, 504769, 1730, 1757 );
INSERT INTO obec  VALUES( 504858, 106, 'Solosnica');
INSERT INTO populacia  VALUES( 2012, 504858, 772, 789 );
INSERT INTO obec  VALUES( 504874, 106, 'Studienka');
INSERT INTO populacia  VALUES( 2012, 504874, 797, 808 );
INSERT INTO obec  VALUES( 504947, 106, 'Velke Levare');
INSERT INTO populacia  VALUES( 2012, 504947, 1747, 1810 );
INSERT INTO obec  VALUES( 504980, 106, 'Zavod');
INSERT INTO populacia  VALUES( 2012, 504980, 1363, 1359 );
INSERT INTO obec  VALUES( 507831, 106, 'Borinka');
INSERT INTO populacia  VALUES( 2012, 507831, 342, 332 );
INSERT INTO obec  VALUES( 507890, 106, 'Gajary');
INSERT INTO populacia  VALUES( 2012, 507890, 1444, 1496 );
INSERT INTO obec  VALUES( 507954, 106, 'Jablonove');
INSERT INTO populacia  VALUES( 2012, 507954, 555, 599 );
INSERT INTO obec  VALUES( 507962, 106, 'Jakubov');
INSERT INTO populacia  VALUES( 2012, 507962, 764, 746 );
INSERT INTO obec  VALUES( 508012, 106, 'Kostoliste');
INSERT INTO populacia  VALUES( 2012, 508012, 624, 625 );
INSERT INTO obec  VALUES( 508021, 106, 'Kuchyna');
INSERT INTO populacia  VALUES( 2012, 508021, 837, 833 );
INSERT INTO obec  VALUES( 508039, 106, 'Lab');
INSERT INTO populacia  VALUES( 2012, 508039, 754, 764 );
INSERT INTO obec  VALUES( 508055, 106, 'Lozorno');
INSERT INTO populacia  VALUES( 2012, 508055, 1478, 1460 );
INSERT INTO obec  VALUES( 508063, 106, 'Malacky');
INSERT INTO populacia  VALUES( 2012, 508063, 8280, 8781 );
INSERT INTO obec  VALUES( 508080, 106, 'Marianka');
INSERT INTO populacia  VALUES( 2012, 508080, 714, 753 );
INSERT INTO obec  VALUES( 508161, 106, 'Pernek');
INSERT INTO populacia  VALUES( 2012, 508161, 410, 413 );
INSERT INTO obec  VALUES( 508195, 106, 'Plavecky Svrtok');
INSERT INTO populacia  VALUES( 2012, 508195, 1155, 1185 );
INSERT INTO obec  VALUES( 508233, 106, 'Stupava');
INSERT INTO populacia  VALUES( 2012, 508233, 4616, 5049 );
INSERT INTO obec  VALUES( 508241, 106, 'Suchohrad');
INSERT INTO populacia  VALUES( 2012, 508241, 317, 314 );
INSERT INTO obec  VALUES( 508349, 106, 'Vysoka pri Morave');
INSERT INTO populacia  VALUES( 2012, 508349, 1106, 1078 );
INSERT INTO obec  VALUES( 508365, 106, 'Zahorska Ves');
INSERT INTO populacia  VALUES( 2012, 508365, 889, 927 );
INSERT INTO obec  VALUES( 508381, 106, 'Zohor');
INSERT INTO populacia  VALUES( 2012, 508381, 1577, 1647 );
INSERT INTO obec  VALUES( 507806, 107, 'Bahon');
INSERT INTO populacia  VALUES( 2012, 507806, 851, 873 );
INSERT INTO obec  VALUES( 507849, 107, 'Budmerice');
INSERT INTO populacia  VALUES( 2012, 507849, 1126, 1156 );
INSERT INTO obec  VALUES( 507857, 107, 'Casta');
INSERT INTO populacia  VALUES( 2012, 507857, 1055, 1121 );
INSERT INTO obec  VALUES( 507873, 107, 'Dolany');
INSERT INTO populacia  VALUES( 2012, 507873, 514, 536 );
INSERT INTO obec  VALUES( 507881, 107, 'Dubova');
INSERT INTO populacia  VALUES( 2012, 507881, 457, 464 );
INSERT INTO obec  VALUES( 507946, 107, 'Jablonec');
INSERT INTO populacia  VALUES( 2012, 507946, 452, 474 );
INSERT INTO obec  VALUES( 507989, 107, 'Svaty Jur');
INSERT INTO populacia  VALUES( 2012, 507989, 2533, 2784 );
INSERT INTO obec  VALUES( 508047, 107, 'Limbach');
INSERT INTO populacia  VALUES( 2012, 508047, 849, 919 );
INSERT INTO obec  VALUES( 508101, 107, 'Modra');
INSERT INTO populacia  VALUES( 2012, 508101, 4276, 4521 );
INSERT INTO obec  VALUES( 508179, 107, 'Pezinok');
INSERT INTO populacia  VALUES( 2012, 508179, 10270, 11238 );
INSERT INTO obec  VALUES( 508187, 107, 'Pila');
INSERT INTO populacia  VALUES( 2012, 508187, 162, 160 );
INSERT INTO obec  VALUES( 508225, 107, 'Slovensky Grob');
INSERT INTO populacia  VALUES( 2012, 508225, 1135, 1181 );
INSERT INTO obec  VALUES( 508250, 107, 'Senkvice');
INSERT INTO populacia  VALUES( 2012, 508250, 2247, 2308 );
INSERT INTO obec  VALUES( 508268, 107, 'Stefanova');
INSERT INTO populacia  VALUES( 2012, 508268, 167, 168 );
INSERT INTO obec  VALUES( 508306, 107, 'Vinicne');
INSERT INTO populacia  VALUES( 2012, 508306, 1056, 1082 );
INSERT INTO obec  VALUES( 508314, 107, 'Vinosady');
INSERT INTO populacia  VALUES( 2012, 508314, 599, 624 );
INSERT INTO obec  VALUES( 508322, 107, 'Vistuk');
INSERT INTO populacia  VALUES( 2012, 508322, 662, 676 );
INSERT INTO obec  VALUES( 503681, 108, 'Boldog');
INSERT INTO populacia  VALUES( 2012, 503681, 221, 212 );
INSERT INTO obec  VALUES( 503797, 108, 'Hruba Borsa');
INSERT INTO populacia  VALUES( 2012, 503797, 238, 246 );
INSERT INTO obec  VALUES( 503801, 108, 'Hruby Sur');
INSERT INTO populacia  VALUES( 2012, 503801, 390, 403 );
INSERT INTO obec  VALUES( 503819, 108, 'Hurbanova Ves');
INSERT INTO populacia  VALUES( 2012, 503819, 135, 155 );
INSERT INTO obec  VALUES( 503851, 108, 'Kostolna pri Dunaji');
INSERT INTO populacia  VALUES( 2012, 503851, 258, 274 );
INSERT INTO obec  VALUES( 503894, 108, 'Kralova pri Senci');
INSERT INTO populacia  VALUES( 2012, 503894, 826, 872 );
INSERT INTO obec  VALUES( 503983, 108, 'Reca');
INSERT INTO populacia  VALUES( 2012, 503983, 712, 708 );
INSERT INTO obec  VALUES( 507814, 108, 'Bernolakovo');
INSERT INTO populacia  VALUES( 2012, 507814, 2741, 2927 );
INSERT INTO obec  VALUES( 507822, 108, 'Blatne');
INSERT INTO populacia  VALUES( 2012, 507822, 793, 869 );
INSERT INTO obec  VALUES( 507865, 108, 'Cataj');
INSERT INTO populacia  VALUES( 2012, 507865, 557, 569 );
INSERT INTO obec  VALUES( 507903, 108, 'Hamuliakovo');
INSERT INTO populacia  VALUES( 2012, 507903, 743, 778 );
INSERT INTO obec  VALUES( 507911, 108, 'Chorvatsky Grob');
INSERT INTO populacia  VALUES( 2012, 507911, 2095, 2163 );
INSERT INTO obec  VALUES( 507938, 108, 'Ivanka pri Dunaji');
INSERT INTO populacia  VALUES( 2012, 507938, 2881, 3130 );
INSERT INTO obec  VALUES( 507997, 108, 'Kalinkovo');
INSERT INTO populacia  VALUES( 2012, 507997, 619, 612 );
INSERT INTO obec  VALUES( 508071, 108, 'Malinovo');
INSERT INTO populacia  VALUES( 2012, 508071, 1021, 1068 );
INSERT INTO obec  VALUES( 508098, 108, 'Miloslavov');
INSERT INTO populacia  VALUES( 2012, 508098, 941, 1024 );
INSERT INTO obec  VALUES( 508110, 108, 'Most pri Bratislave');
INSERT INTO populacia  VALUES( 2012, 508110, 1153, 1216 );
INSERT INTO obec  VALUES( 508136, 108, 'Nova Dedinka');
INSERT INTO populacia  VALUES( 2012, 508136, 1043, 1067 );
INSERT INTO obec  VALUES( 508209, 108, 'Rovinka');
INSERT INTO populacia  VALUES( 2012, 508209, 1260, 1340 );
INSERT INTO obec  VALUES( 508217, 108, 'Senec');
INSERT INTO populacia  VALUES( 2012, 508217, 8534, 9032 );
INSERT INTO obec  VALUES( 508276, 108, 'Tomasov');
INSERT INTO populacia  VALUES( 2012, 508276, 1138, 1241 );
INSERT INTO obec  VALUES( 508284, 108, 'Turen');
INSERT INTO populacia  VALUES( 2012, 508284, 507, 517 );
INSERT INTO obec  VALUES( 508292, 108, 'Velky Biel');
INSERT INTO populacia  VALUES( 2012, 508292, 1147, 1209 );
INSERT INTO obec  VALUES( 508331, 108, 'Vlky');
INSERT INTO populacia  VALUES( 2012, 508331, 206, 220 );
INSERT INTO obec  VALUES( 545333, 108, 'Dunajska Luzna');
INSERT INTO populacia  VALUES( 2012, 545333, 2373, 2531 );
INSERT INTO obec  VALUES( 555487, 108, 'Igram');
INSERT INTO populacia  VALUES( 2012, 555487, 275, 284 );
INSERT INTO obec  VALUES( 555495, 108, 'Kaplna');
INSERT INTO populacia  VALUES( 2012, 555495, 352, 358 );
INSERT INTO obec  VALUES( 555509, 108, 'Zalesie');
INSERT INTO populacia  VALUES( 2012, 555509, 786, 838 );
INSERT INTO obec  VALUES( 582549, 108, 'Novy Svet');
INSERT INTO populacia  VALUES( 2012, 582549, 39, 33 );
INSERT INTO obec  VALUES( 501433, 201, 'Dunajska Streda');
INSERT INTO populacia  VALUES( 2012, 501433, 10666, 11895 );
INSERT INTO obec  VALUES( 501441, 201, 'Bac');
INSERT INTO populacia  VALUES( 2012, 501441, 246, 314 );
INSERT INTO obec  VALUES( 501450, 201, 'Baka');
INSERT INTO populacia  VALUES( 2012, 501450, 544, 572 );
INSERT INTO obec  VALUES( 501468, 201, 'Balon');
INSERT INTO populacia  VALUES( 2012, 501468, 359, 400 );
INSERT INTO obec  VALUES( 501484, 201, 'Blahova');
INSERT INTO populacia  VALUES( 2012, 501484, 191, 175 );
INSERT INTO obec  VALUES( 501492, 201, 'Blatna na Ostrove');
INSERT INTO populacia  VALUES( 2012, 501492, 424, 446 );
INSERT INTO obec  VALUES( 501506, 201, 'Bohelov');
INSERT INTO populacia  VALUES( 2012, 501506, 180, 177 );
INSERT INTO obec  VALUES( 501514, 201, 'Cakany');
INSERT INTO populacia  VALUES( 2012, 501514, 269, 309 );
INSERT INTO obec  VALUES( 501522, 201, 'Velky Meder');
INSERT INTO populacia  VALUES( 2012, 501522, 4271, 4592 );
INSERT INTO obec  VALUES( 501531, 201, 'Cilizska Radvan');
INSERT INTO populacia  VALUES( 2012, 501531, 590, 601 );
INSERT INTO obec  VALUES( 501549, 201, 'Dobrohost');
INSERT INTO populacia  VALUES( 2012, 501549, 222, 221 );
INSERT INTO obec  VALUES( 501557, 201, 'Dolny Bar');
INSERT INTO populacia  VALUES( 2012, 501557, 300, 308 );
INSERT INTO obec  VALUES( 501573, 201, 'Gabcikovo');
INSERT INTO populacia  VALUES( 2012, 501573, 2649, 2665 );
INSERT INTO obec  VALUES( 501581, 201, 'Holice');
INSERT INTO populacia  VALUES( 2012, 501581, 915, 1002 );
INSERT INTO obec  VALUES( 501590, 201, 'Horna Poton');
INSERT INTO populacia  VALUES( 2012, 501590, 997, 1020 );
INSERT INTO obec  VALUES( 501603, 201, 'Horny Bar');
INSERT INTO populacia  VALUES( 2012, 501603, 666, 593 );
INSERT INTO obec  VALUES( 501611, 201, 'Dolny Stal');
INSERT INTO populacia  VALUES( 2012, 501611, 964, 942 );
INSERT INTO obec  VALUES( 501620, 201, 'Hubice');
INSERT INTO populacia  VALUES( 2012, 501620, 277, 292 );
INSERT INTO obec  VALUES( 501638, 201, 'Hviezdoslavov');
INSERT INTO populacia  VALUES( 2012, 501638, 366, 351 );
INSERT INTO obec  VALUES( 501654, 201, 'Jahodna');
INSERT INTO populacia  VALUES( 2012, 501654, 759, 744 );
INSERT INTO obec  VALUES( 501662, 201, 'Janiky');
INSERT INTO populacia  VALUES( 2012, 501662, 422, 446 );
INSERT INTO obec  VALUES( 501671, 201, 'Jurova');
INSERT INTO populacia  VALUES( 2012, 501671, 251, 250 );
INSERT INTO obec  VALUES( 501689, 201, 'Klucovec');
INSERT INTO populacia  VALUES( 2012, 501689, 193, 182 );
INSERT INTO obec  VALUES( 501697, 201, 'Kostolne Kracany');
INSERT INTO populacia  VALUES( 2012, 501697, 631, 640 );
INSERT INTO obec  VALUES( 501701, 201, 'Kralovicove Kracany');
INSERT INTO populacia  VALUES( 2012, 501701, 507, 545 );
INSERT INTO obec  VALUES( 501719, 201, 'Kutniky');
INSERT INTO populacia  VALUES( 2012, 501719, 676, 646 );
INSERT INTO obec  VALUES( 501727, 201, 'Kvetoslavov');
INSERT INTO populacia  VALUES( 2012, 501727, 485, 491 );
INSERT INTO obec  VALUES( 501735, 201, 'Lehnice');
INSERT INTO populacia  VALUES( 2012, 501735, 1239, 1297 );
INSERT INTO obec  VALUES( 501743, 201, 'Luc na Ostrove');
INSERT INTO populacia  VALUES( 2012, 501743, 369, 368 );
INSERT INTO obec  VALUES( 501760, 201, 'Medvedov');
INSERT INTO populacia  VALUES( 2012, 501760, 228, 331 );
INSERT INTO obec  VALUES( 501778, 201, 'Mierovo');
INSERT INTO populacia  VALUES( 2012, 501778, 221, 231 );
INSERT INTO obec  VALUES( 501786, 201, 'Michal na Ostrove');
INSERT INTO populacia  VALUES( 2012, 501786, 458, 443 );
INSERT INTO obec  VALUES( 501808, 201, 'Novy Zivot');
INSERT INTO populacia  VALUES( 2012, 501808, 1089, 1127 );
INSERT INTO obec  VALUES( 501816, 201, 'Ohrady');
INSERT INTO populacia  VALUES( 2012, 501816, 590, 570 );
INSERT INTO obec  VALUES( 501824, 201, 'Okoc');
INSERT INTO populacia  VALUES( 2012, 501824, 1842, 1828 );
INSERT INTO obec  VALUES( 501832, 201, 'Oldza');
INSERT INTO populacia  VALUES( 2012, 501832, 200, 226 );
INSERT INTO obec  VALUES( 501859, 201, 'Orechova Poton');
INSERT INTO populacia  VALUES( 2012, 501859, 804, 873 );
INSERT INTO obec  VALUES( 501867, 201, 'Padan');
INSERT INTO populacia  VALUES( 2012, 501867, 430, 430 );
INSERT INTO obec  VALUES( 501875, 201, 'Sap');
INSERT INTO populacia  VALUES( 2012, 501875, 269, 264 );
INSERT INTO obec  VALUES( 501883, 201, 'Patas');
INSERT INTO populacia  VALUES( 2012, 501883, 413, 392 );
INSERT INTO obec  VALUES( 501891, 201, 'Rohovce');
INSERT INTO populacia  VALUES( 2012, 501891, 595, 595 );
INSERT INTO obec  VALUES( 501905, 201, 'Samorin');
INSERT INTO populacia  VALUES( 2012, 501905, 6163, 6759 );
INSERT INTO obec  VALUES( 501913, 201, 'Stvrtok na Ostrove');
INSERT INTO populacia  VALUES( 2012, 501913, 853, 909 );
INSERT INTO obec  VALUES( 501921, 201, 'Topolniky');
INSERT INTO populacia  VALUES( 2012, 501921, 1505, 1521 );
INSERT INTO obec  VALUES( 501930, 201, 'Narad');
INSERT INTO populacia  VALUES( 2012, 501930, 325, 318 );
INSERT INTO obec  VALUES( 501956, 201, 'Trnavka');
INSERT INTO populacia  VALUES( 2012, 501956, 211, 247 );
INSERT INTO obec  VALUES( 501964, 201, 'Trstena na Ostrove');
INSERT INTO populacia  VALUES( 2012, 501964, 259, 291 );
INSERT INTO obec  VALUES( 501972, 201, 'Velka Paka');
INSERT INTO populacia  VALUES( 2012, 501972, 436, 485 );
INSERT INTO obec  VALUES( 501981, 201, 'Velke Blahovo');
INSERT INTO populacia  VALUES( 2012, 501981, 752, 713 );
INSERT INTO obec  VALUES( 501999, 201, 'Vojka nad Dunajom');
INSERT INTO populacia  VALUES( 2012, 501999, 235, 218 );
INSERT INTO obec  VALUES( 502006, 201, 'Vrakun');
INSERT INTO populacia  VALUES( 2012, 502006, 1293, 1303 );
INSERT INTO obec  VALUES( 502014, 201, 'Vydrany');
INSERT INTO populacia  VALUES( 2012, 502014, 742, 764 );
INSERT INTO obec  VALUES( 502022, 201, 'Zlate Klasy');
INSERT INTO populacia  VALUES( 2012, 502022, 1739, 1870 );
INSERT INTO obec  VALUES( 503461, 201, 'Bodiky');
INSERT INTO populacia  VALUES( 2012, 503461, 138, 144 );
INSERT INTO obec  VALUES( 555517, 201, 'Bellova Ves');
INSERT INTO populacia  VALUES( 2012, 555517, 127, 114 );
INSERT INTO obec  VALUES( 555541, 201, 'Dunajsky Klatov');
INSERT INTO populacia  VALUES( 2012, 555541, 262, 269 );
INSERT INTO obec  VALUES( 555568, 201, 'Horne Myto');
INSERT INTO populacia  VALUES( 2012, 555568, 465, 491 );
INSERT INTO obec  VALUES( 555576, 201, 'Trhova Hradska');
INSERT INTO populacia  VALUES( 2012, 555576, 1019, 1127 );
INSERT INTO obec  VALUES( 555606, 201, 'Macov');
INSERT INTO populacia  VALUES( 2012, 555606, 126, 135 );
INSERT INTO obec  VALUES( 555649, 201, 'Mad');
INSERT INTO populacia  VALUES( 2012, 555649, 269, 266 );
INSERT INTO obec  VALUES( 555665, 201, 'Male Dvorniky');
INSERT INTO populacia  VALUES( 2012, 555665, 524, 553 );
INSERT INTO obec  VALUES( 555673, 201, 'Velke Dvorniky');
INSERT INTO populacia  VALUES( 2012, 555673, 537, 535 );
INSERT INTO obec  VALUES( 555720, 201, 'Povoda');
INSERT INTO populacia  VALUES( 2012, 555720, 439, 461 );
INSERT INTO obec  VALUES( 555746, 201, 'Vieska');
INSERT INTO populacia  VALUES( 2012, 555746, 211, 212 );
INSERT INTO obec  VALUES( 580554, 201, 'Cenkovce');
INSERT INTO populacia  VALUES( 2012, 580554, 540, 557 );
INSERT INTO obec  VALUES( 580597, 201, 'Kyselica');
INSERT INTO populacia  VALUES( 2012, 580597, 78, 70 );
INSERT INTO obec  VALUES( 582522, 201, 'Potonske Luky');
INSERT INTO populacia  VALUES( 2012, 582522, 139, 122 );
INSERT INTO obec  VALUES( 503665, 202, 'Galanta');
INSERT INTO populacia  VALUES( 2012, 503665, 7310, 7711 );
INSERT INTO obec  VALUES( 503673, 202, 'Abraham');
INSERT INTO populacia  VALUES( 2012, 503673, 508, 527 );
INSERT INTO obec  VALUES( 503690, 202, 'Cierna Voda');
INSERT INTO populacia  VALUES( 2012, 503690, 697, 696 );
INSERT INTO obec  VALUES( 503703, 202, 'Cierny Brod');
INSERT INTO populacia  VALUES( 2012, 503703, 805, 788 );
INSERT INTO obec  VALUES( 503746, 202, 'Dolne Saliby');
INSERT INTO populacia  VALUES( 2012, 503746, 950, 978 );
INSERT INTO obec  VALUES( 503754, 202, 'Dolny Chotar');
INSERT INTO populacia  VALUES( 2012, 503754, 209, 228 );
INSERT INTO obec  VALUES( 503762, 202, 'Gan');
INSERT INTO populacia  VALUES( 2012, 503762, 385, 355 );
INSERT INTO obec  VALUES( 503771, 202, 'Horne Saliby');
INSERT INTO populacia  VALUES( 2012, 503771, 1573, 1630 );
INSERT INTO obec  VALUES( 503789, 202, 'Hoste');
INSERT INTO populacia  VALUES( 2012, 503789, 242, 248 );
INSERT INTO obec  VALUES( 503827, 202, 'Janovce');
INSERT INTO populacia  VALUES( 2012, 503827, 231, 250 );
INSERT INTO obec  VALUES( 503835, 202, 'Jelka');
INSERT INTO populacia  VALUES( 2012, 503835, 1969, 1965 );
INSERT INTO obec  VALUES( 503843, 202, 'Kajal');
INSERT INTO populacia  VALUES( 2012, 503843, 753, 784 );
INSERT INTO obec  VALUES( 503860, 202, 'Kosuty');
INSERT INTO populacia  VALUES( 2012, 503860, 785, 820 );
INSERT INTO obec  VALUES( 503878, 202, 'Kralov Brod');
INSERT INTO populacia  VALUES( 2012, 503878, 548, 586 );
INSERT INTO obec  VALUES( 503924, 202, 'Mostova');
INSERT INTO populacia  VALUES( 2012, 503924, 787, 823 );
INSERT INTO obec  VALUES( 503959, 202, 'Pata');
INSERT INTO populacia  VALUES( 2012, 503959, 1474, 1580 );
INSERT INTO obec  VALUES( 503967, 202, 'Puste Sady');
INSERT INTO populacia  VALUES( 2012, 503967, 309, 283 );
INSERT INTO obec  VALUES( 503975, 202, 'Puste Ulany');
INSERT INTO populacia  VALUES( 2012, 503975, 785, 882 );
INSERT INTO obec  VALUES( 504009, 202, 'Sered');
INSERT INTO populacia  VALUES( 2012, 504009, 7848, 8313 );
INSERT INTO obec  VALUES( 504017, 202, 'Sladkovicovo');
INSERT INTO populacia  VALUES( 2012, 504017, 2554, 2838 );
INSERT INTO obec  VALUES( 504033, 202, 'Salgocka');
INSERT INTO populacia  VALUES( 2012, 504033, 209, 230 );
INSERT INTO obec  VALUES( 504041, 202, 'Sintava');
INSERT INTO populacia  VALUES( 2012, 504041, 848, 920 );
INSERT INTO obec  VALUES( 504050, 202, 'Soporna');
INSERT INTO populacia  VALUES( 2012, 504050, 2099, 2051 );
INSERT INTO obec  VALUES( 504076, 202, 'Tomasikovo');
INSERT INTO populacia  VALUES( 2012, 504076, 804, 826 );
INSERT INTO obec  VALUES( 504084, 202, 'Topolnica');
INSERT INTO populacia  VALUES( 2012, 504084, 411, 403 );
INSERT INTO obec  VALUES( 504106, 202, 'Trstice');
INSERT INTO populacia  VALUES( 2012, 504106, 1866, 1911 );
INSERT INTO obec  VALUES( 504114, 202, 'Vahovce');
INSERT INTO populacia  VALUES( 2012, 504114, 1020, 1082 );
INSERT INTO obec  VALUES( 504122, 202, 'Velka Maca');
INSERT INTO populacia  VALUES( 2012, 504122, 1261, 1332 );
INSERT INTO obec  VALUES( 504131, 202, 'Velke Ulany');
INSERT INTO populacia  VALUES( 2012, 504131, 2118, 2264 );
INSERT INTO obec  VALUES( 504149, 202, 'Velky Grob');
INSERT INTO populacia  VALUES( 2012, 504149, 619, 656 );
INSERT INTO obec  VALUES( 504157, 202, 'Vinohrady nad Vahom');
INSERT INTO populacia  VALUES( 2012, 504157, 773, 793 );
INSERT INTO obec  VALUES( 504173, 202, 'Vozokany');
INSERT INTO populacia  VALUES( 2012, 504173, 572, 594 );
INSERT INTO obec  VALUES( 504181, 202, 'Zemianske Sady');
INSERT INTO populacia  VALUES( 2012, 504181, 435, 427 );
INSERT INTO obec  VALUES( 555754, 202, 'Matuskovo');
INSERT INTO populacia  VALUES( 2012, 555754, 1015, 1047 );
INSERT INTO obec  VALUES( 555789, 202, 'Dolna Streda');
INSERT INTO populacia  VALUES( 2012, 555789, 721, 724 );
INSERT INTO obec  VALUES( 582638, 202, 'Mala Maca');
INSERT INTO populacia  VALUES( 2012, 582638, 288, 302 );
INSERT INTO obec  VALUES( 506800, 203, 'Bojnicky');
INSERT INTO populacia  VALUES( 2012, 506800, 665, 678 );
INSERT INTO obec  VALUES( 506885, 203, 'Cervenik');
INSERT INTO populacia  VALUES( 2012, 506885, 815, 808 );
INSERT INTO obec  VALUES( 506958, 203, 'Dolne Otrokovce');
INSERT INTO populacia  VALUES( 2012, 506958, 185, 189 );
INSERT INTO obec  VALUES( 506966, 203, 'Dolne Trhoviste');
INSERT INTO populacia  VALUES( 2012, 506966, 346, 302 );
INSERT INTO obec  VALUES( 507024, 203, 'Dvorniky');
INSERT INTO populacia  VALUES( 2012, 507024, 1030, 1045 );
INSERT INTO obec  VALUES( 507032, 203, 'Hlohovec');
INSERT INTO populacia  VALUES( 2012, 507032, 11006, 11564 );
INSERT INTO obec  VALUES( 507075, 203, 'Horne Otrokovce');
INSERT INTO populacia  VALUES( 2012, 507075, 440, 421 );
INSERT INTO obec  VALUES( 507130, 203, 'Jalsove');
INSERT INTO populacia  VALUES( 2012, 507130, 253, 254 );
INSERT INTO obec  VALUES( 507172, 203, 'Klacany');
INSERT INTO populacia  VALUES( 2012, 507172, 519, 509 );
INSERT INTO obec  VALUES( 507202, 203, 'Koplotovce');
INSERT INTO populacia  VALUES( 2012, 507202, 347, 367 );
INSERT INTO obec  VALUES( 507253, 203, 'Leopoldov');
INSERT INTO populacia  VALUES( 2012, 507253, 2047, 2104 );
INSERT INTO obec  VALUES( 507288, 203, 'Madunice');
INSERT INTO populacia  VALUES( 2012, 507288, 1063, 1118 );
INSERT INTO obec  VALUES( 507326, 203, 'Merasice');
INSERT INTO populacia  VALUES( 2012, 507326, 210, 205 );
INSERT INTO obec  VALUES( 507415, 203, 'Pastuchov');
INSERT INTO populacia  VALUES( 2012, 507415, 520, 477 );
INSERT INTO obec  VALUES( 507521, 203, 'Sasinkovo');
INSERT INTO populacia  VALUES( 2012, 507521, 444, 430 );
INSERT INTO obec  VALUES( 507539, 203, 'Siladice');
INSERT INTO populacia  VALUES( 2012, 507539, 314, 357 );
INSERT INTO obec  VALUES( 507661, 203, 'Trakovice');
INSERT INTO populacia  VALUES( 2012, 507661, 739, 737 );
INSERT INTO obec  VALUES( 507792, 203, 'Zlkovce');
INSERT INTO populacia  VALUES( 2012, 507792, 327, 319 );
INSERT INTO obec  VALUES( 518620, 203, 'Ratkovce');
INSERT INTO populacia  VALUES( 2012, 518620, 175, 156 );
INSERT INTO obec  VALUES( 556521, 203, 'Dolne Zelenice');
INSERT INTO populacia  VALUES( 2012, 556521, 266, 297 );
INSERT INTO obec  VALUES( 556530, 203, 'Horne Zelenice');
INSERT INTO populacia  VALUES( 2012, 556530, 342, 336 );
INSERT INTO obec  VALUES( 556602, 203, 'Horne Trhoviste');
INSERT INTO populacia  VALUES( 2012, 556602, 289, 314 );
INSERT INTO obec  VALUES( 556611, 203, 'Tekoldany');
INSERT INTO populacia  VALUES( 2012, 556611, 71, 74 );
INSERT INTO obec  VALUES( 556645, 203, 'Teplicky');
INSERT INTO populacia  VALUES( 2012, 556645, 141, 147 );
INSERT INTO obec  VALUES( 506834, 204, 'Borovce');
INSERT INTO populacia  VALUES( 2012, 506834, 487, 508 );
INSERT INTO obec  VALUES( 506982, 204, 'Dolny Lopasov');
INSERT INTO populacia  VALUES( 2012, 506982, 479, 483 );
INSERT INTO obec  VALUES( 506991, 204, 'Drahovce');
INSERT INTO populacia  VALUES( 2012, 506991, 1309, 1266 );
INSERT INTO obec  VALUES( 507008, 204, 'Dubovany');
INSERT INTO populacia  VALUES( 2012, 507008, 502, 489 );
INSERT INTO obec  VALUES( 507121, 204, 'Chtelnica');
INSERT INTO populacia  VALUES( 2012, 507121, 1297, 1266 );
INSERT INTO obec  VALUES( 507199, 204, 'Kocin - Lancar');
INSERT INTO populacia  VALUES( 2012, 507199, 262, 253 );
INSERT INTO obec  VALUES( 507229, 204, 'Krakovany');
INSERT INTO populacia  VALUES( 2012, 507229, 698, 724 );
INSERT INTO obec  VALUES( 507342, 204, 'Moravany nad Vahom');
INSERT INTO populacia  VALUES( 2012, 507342, 1107, 1184 );
INSERT INTO obec  VALUES( 507369, 204, 'Nizna');
INSERT INTO populacia  VALUES( 2012, 507369, 260, 277 );
INSERT INTO obec  VALUES( 507385, 204, 'Ostrov');
INSERT INTO populacia  VALUES( 2012, 507385, 606, 604 );
INSERT INTO obec  VALUES( 507431, 204, 'Pecenady');
INSERT INTO populacia  VALUES( 2012, 507431, 253, 265 );
INSERT INTO obec  VALUES( 507440, 204, 'Piestany');
INSERT INTO populacia  VALUES( 2012, 507440, 13235, 14914 );
INSERT INTO obec  VALUES( 507466, 204, 'Prasnik');
INSERT INTO populacia  VALUES( 2012, 507466, 426, 437 );
INSERT INTO obec  VALUES( 507482, 204, 'Rakovice');
INSERT INTO populacia  VALUES( 2012, 507482, 277, 278 );
INSERT INTO obec  VALUES( 507491, 204, 'Ratnovce');
INSERT INTO populacia  VALUES( 2012, 507491, 518, 504 );
INSERT INTO obec  VALUES( 507563, 204, 'Sokolovce');
INSERT INTO populacia  VALUES( 2012, 507563, 635, 651 );
INSERT INTO obec  VALUES( 507679, 204, 'Trebatice');
INSERT INTO populacia  VALUES( 2012, 507679, 664, 668 );
INSERT INTO obec  VALUES( 507709, 204, 'Velke Kostolany');
INSERT INTO populacia  VALUES( 2012, 507709, 1383, 1340 );
INSERT INTO obec  VALUES( 507725, 204, 'Vesele');
INSERT INTO populacia  VALUES( 2012, 507725, 582, 604 );
INSERT INTO obec  VALUES( 507750, 204, 'Vrbove');
INSERT INTO populacia  VALUES( 2012, 507750, 2945, 3219 );
INSERT INTO obec  VALUES( 556548, 204, 'Sterusy');
INSERT INTO populacia  VALUES( 2012, 556548, 241, 267 );
INSERT INTO obec  VALUES( 556572, 204, 'Velke Orviste');
INSERT INTO populacia  VALUES( 2012, 556572, 533, 523 );
INSERT INTO obec  VALUES( 556581, 204, 'Hubina');
INSERT INTO populacia  VALUES( 2012, 556581, 236, 252 );
INSERT INTO obec  VALUES( 558338, 204, 'Ducove');
INSERT INTO populacia  VALUES( 2012, 558338, 192, 199 );
INSERT INTO obec  VALUES( 558354, 204, 'Basovce');
INSERT INTO populacia  VALUES( 2012, 558354, 176, 167 );
INSERT INTO obec  VALUES( 558397, 204, 'Sipkove');
INSERT INTO populacia  VALUES( 2012, 558397, 151, 170 );
INSERT INTO obec  VALUES( 581399, 204, 'Banka');
INSERT INTO populacia  VALUES( 2012, 581399, 1081, 1043 );
INSERT INTO obec  VALUES( 504203, 205, 'Senica');
INSERT INTO populacia  VALUES( 2012, 504203, 9881, 10449 );
INSERT INTO obec  VALUES( 504211, 205, 'Bilkove Humence');
INSERT INTO populacia  VALUES( 2012, 504211, 115, 108 );
INSERT INTO obec  VALUES( 504220, 205, 'Borsky Svaty Jur');
INSERT INTO populacia  VALUES( 2012, 504220, 758, 881 );
INSERT INTO obec  VALUES( 504238, 205, 'Borsky Mikulas');
INSERT INTO populacia  VALUES( 2012, 504238, 1931, 2004 );
INSERT INTO obec  VALUES( 504297, 205, 'Cerova');
INSERT INTO populacia  VALUES( 2012, 504297, 558, 645 );
INSERT INTO obec  VALUES( 504319, 205, 'Cary');
INSERT INTO populacia  VALUES( 2012, 504319, 645, 631 );
INSERT INTO obec  VALUES( 504327, 205, 'Castkov');
INSERT INTO populacia  VALUES( 2012, 504327, 300, 322 );
INSERT INTO obec  VALUES( 504335, 205, 'Dojc');
INSERT INTO populacia  VALUES( 2012, 504335, 639, 627 );
INSERT INTO obec  VALUES( 504360, 205, 'Hlboke');
INSERT INTO populacia  VALUES( 2012, 504360, 456, 465 );
INSERT INTO obec  VALUES( 504386, 205, 'Hradiste pod Vratnom');
INSERT INTO populacia  VALUES( 2012, 504386, 334, 326 );
INSERT INTO obec  VALUES( 504416, 205, 'Jablonica');
INSERT INTO populacia  VALUES( 2012, 504416, 1100, 1149 );
INSERT INTO obec  VALUES( 504475, 205, 'Kovalov');
INSERT INTO populacia  VALUES( 2012, 504475, 365, 352 );
INSERT INTO obec  VALUES( 504491, 205, 'Kuklov');
INSERT INTO populacia  VALUES( 2012, 504491, 391, 416 );
INSERT INTO obec  VALUES( 504513, 205, 'Kuty');
INSERT INTO populacia  VALUES( 2012, 504513, 2041, 2038 );
INSERT INTO obec  VALUES( 504521, 205, 'Laksarska Nova Ves');
INSERT INTO populacia  VALUES( 2012, 504521, 540, 532 );
INSERT INTO obec  VALUES( 504572, 205, 'Moravsky Svaty Jan');
INSERT INTO populacia  VALUES( 2012, 504572, 1080, 1040 );
INSERT INTO obec  VALUES( 504602, 205, 'Osuske');
INSERT INTO populacia  VALUES( 2012, 504602, 284, 312 );
INSERT INTO obec  VALUES( 504645, 205, 'Plavecky Peter');
INSERT INTO populacia  VALUES( 2012, 504645, 324, 316 );
INSERT INTO obec  VALUES( 504653, 205, 'Podbranc');
INSERT INTO populacia  VALUES( 2012, 504653, 299, 310 );
INSERT INTO obec  VALUES( 504700, 205, 'Prietrz');
INSERT INTO populacia  VALUES( 2012, 504700, 346, 375 );
INSERT INTO obec  VALUES( 504726, 205, 'Prievaly');
INSERT INTO populacia  VALUES( 2012, 504726, 497, 473 );
INSERT INTO obec  VALUES( 504777, 205, 'Rovensko');
INSERT INTO populacia  VALUES( 2012, 504777, 207, 209 );
INSERT INTO obec  VALUES( 504823, 205, 'Smolinske');
INSERT INTO populacia  VALUES( 2012, 504823, 447, 500 );
INSERT INTO obec  VALUES( 504831, 205, 'Smrdaky');
INSERT INTO populacia  VALUES( 2012, 504831, 343, 354 );
INSERT INTO obec  VALUES( 504840, 205, 'Sobotiste');
INSERT INTO populacia  VALUES( 2012, 504840, 742, 748 );
INSERT INTO obec  VALUES( 504882, 205, 'Sajdikove Humence');
INSERT INTO populacia  VALUES( 2012, 504882, 540, 566 );
INSERT INTO obec  VALUES( 504891, 205, 'Sastin - Straze');
INSERT INTO populacia  VALUES( 2012, 504891, 2562, 2580 );
INSERT INTO obec  VALUES( 504904, 205, 'Stefanov');
INSERT INTO populacia  VALUES( 2012, 504904, 832, 834 );
INSERT INTO obec  VALUES( 556114, 205, 'Sekule');
INSERT INTO populacia  VALUES( 2012, 556114, 845, 867 );
INSERT INTO obec  VALUES( 556122, 205, 'Rohov');
INSERT INTO populacia  VALUES( 2012, 556122, 156, 251 );
INSERT INTO obec  VALUES( 556131, 205, 'Rybky');
INSERT INTO populacia  VALUES( 2012, 556131, 231, 221 );
INSERT INTO obec  VALUES( 504271, 206, 'Brodske');
INSERT INTO populacia  VALUES( 2012, 504271, 1153, 1195 );
INSERT INTO obec  VALUES( 504343, 206, 'Dubovce');
INSERT INTO populacia  VALUES( 2012, 504343, 321, 326 );
INSERT INTO obec  VALUES( 504351, 206, 'Gbely');
INSERT INTO populacia  VALUES( 2012, 504351, 2572, 2626 );
INSERT INTO obec  VALUES( 504378, 206, 'Holic');
INSERT INTO populacia  VALUES( 2012, 504378, 5468, 5701 );
INSERT INTO obec  VALUES( 504394, 206, 'Chropov');
INSERT INTO populacia  VALUES( 2012, 504394, 184, 195 );
INSERT INTO obec  VALUES( 504432, 206, 'Katov');
INSERT INTO populacia  VALUES( 2012, 504432, 312, 286 );
INSERT INTO obec  VALUES( 504459, 206, 'Kopcany');
INSERT INTO populacia  VALUES( 2012, 504459, 1318, 1262 );
INSERT INTO obec  VALUES( 504483, 206, 'Kovalovec');
INSERT INTO populacia  VALUES( 2012, 504483, 79, 63 );
INSERT INTO obec  VALUES( 504530, 206, 'Letnicie');
INSERT INTO populacia  VALUES( 2012, 504530, 265, 246 );
INSERT INTO obec  VALUES( 504548, 206, 'Lopasov');
INSERT INTO populacia  VALUES( 2012, 504548, 167, 163 );
INSERT INTO obec  VALUES( 504564, 206, 'Mokry Haj');
INSERT INTO populacia  VALUES( 2012, 504564, 344, 349 );
INSERT INTO obec  VALUES( 504599, 206, 'Oreske');
INSERT INTO populacia  VALUES( 2012, 504599, 180, 188 );
INSERT INTO obec  VALUES( 504611, 206, 'Petrova Ves');
INSERT INTO populacia  VALUES( 2012, 504611, 564, 550 );
INSERT INTO obec  VALUES( 504670, 206, 'Popudinske Mocidlany');
INSERT INTO populacia  VALUES( 2012, 504670, 449, 462 );
INSERT INTO obec  VALUES( 504718, 206, 'Prietrzka');
INSERT INTO populacia  VALUES( 2012, 504718, 244, 244 );
INSERT INTO obec  VALUES( 504734, 206, 'Radimov');
INSERT INTO populacia  VALUES( 2012, 504734, 299, 283 );
INSERT INTO obec  VALUES( 504742, 206, 'Radosovce');
INSERT INTO populacia  VALUES( 2012, 504742, 889, 911 );
INSERT INTO obec  VALUES( 504815, 206, 'Skalica');
INSERT INTO populacia  VALUES( 2012, 504815, 7087, 7522 );
INSERT INTO obec  VALUES( 504912, 206, 'Trnovec');
INSERT INTO populacia  VALUES( 2012, 504912, 157, 157 );
INSERT INTO obec  VALUES( 504939, 206, 'Unin');
INSERT INTO populacia  VALUES( 2012, 504939, 610, 609 );
INSERT INTO obec  VALUES( 504963, 206, 'Vradiste');
INSERT INTO populacia  VALUES( 2012, 504963, 400, 369 );
INSERT INTO obec  VALUES( 506745, 207, 'Trnava');
INSERT INTO populacia  VALUES( 2012, 506745, 31940, 34133 );
INSERT INTO obec  VALUES( 506788, 207, 'Binovce');
INSERT INTO populacia  VALUES( 2012, 506788, 333, 340 );
INSERT INTO obec  VALUES( 506796, 207, 'Bohdanovce nad Trnavou');
INSERT INTO populacia  VALUES( 2012, 506796, 599, 650 );
INSERT INTO obec  VALUES( 506818, 207, 'Boleraz');
INSERT INTO populacia  VALUES( 2012, 506818, 1112, 1130 );
INSERT INTO obec  VALUES( 506826, 207, 'Borova');
INSERT INTO populacia  VALUES( 2012, 506826, 201, 206 );
INSERT INTO obec  VALUES( 506842, 207, 'Brestovany');
INSERT INTO populacia  VALUES( 2012, 506842, 1212, 1273 );
INSERT INTO obec  VALUES( 506851, 207, 'Bucany');
INSERT INTO populacia  VALUES( 2012, 506851, 1100, 1175 );
INSERT INTO obec  VALUES( 506869, 207, 'Bukova');
INSERT INTO populacia  VALUES( 2012, 506869, 329, 333 );
INSERT INTO obec  VALUES( 506877, 207, 'Cifer');
INSERT INTO populacia  VALUES( 2012, 506877, 1966, 2105 );
INSERT INTO obec  VALUES( 506893, 207, 'Dechtice');
INSERT INTO populacia  VALUES( 2012, 506893, 915, 960 );
INSERT INTO obec  VALUES( 506915, 207, 'Dobra Voda');
INSERT INTO populacia  VALUES( 2012, 506915, 402, 423 );
INSERT INTO obec  VALUES( 506923, 207, 'Dolna Krupa');
INSERT INTO populacia  VALUES( 2012, 506923, 1131, 1154 );
INSERT INTO obec  VALUES( 506931, 207, 'Dolne Dubove');
INSERT INTO populacia  VALUES( 2012, 506931, 323, 329 );
INSERT INTO obec  VALUES( 506940, 207, 'Dolne Oresany');
INSERT INTO populacia  VALUES( 2012, 506940, 622, 635 );
INSERT INTO obec  VALUES( 507041, 207, 'Horna Krupa');
INSERT INTO populacia  VALUES( 2012, 507041, 250, 241 );
INSERT INTO obec  VALUES( 507059, 207, 'Horne Dubove');
INSERT INTO populacia  VALUES( 2012, 507059, 181, 201 );
INSERT INTO obec  VALUES( 507067, 207, 'Horne Oresany');
INSERT INTO populacia  VALUES( 2012, 507067, 935, 967 );
INSERT INTO obec  VALUES( 507156, 207, 'Jaslovske Bohunice');
INSERT INTO populacia  VALUES( 2012, 507156, 1040, 1025 );
INSERT INTO obec  VALUES( 507164, 207, 'Katlovce');
INSERT INTO populacia  VALUES( 2012, 507164, 598, 552 );
INSERT INTO obec  VALUES( 507211, 207, 'Kosolna');
INSERT INTO populacia  VALUES( 2012, 507211, 400, 372 );
INSERT INTO obec  VALUES( 507296, 207, 'Majcichov');
INSERT INTO populacia  VALUES( 2012, 507296, 906, 977 );
INSERT INTO obec  VALUES( 507318, 207, 'Malzenice');
INSERT INTO populacia  VALUES( 2012, 507318, 682, 718 );
INSERT INTO obec  VALUES( 507351, 207, 'Nahac');
INSERT INTO populacia  VALUES( 2012, 507351, 236, 222 );
INSERT INTO obec  VALUES( 507512, 207, 'Ruzindol');
INSERT INTO populacia  VALUES( 2012, 507512, 764, 790 );
INSERT INTO obec  VALUES( 507555, 207, 'Smolenice');
INSERT INTO populacia  VALUES( 2012, 507555, 1650, 1728 );
INSERT INTO obec  VALUES( 507571, 207, 'Sucha nad Parnou');
INSERT INTO populacia  VALUES( 2012, 507571, 945, 1033 );
INSERT INTO obec  VALUES( 507601, 207, 'Spacince');
INSERT INTO populacia  VALUES( 2012, 507601, 1192, 1230 );
INSERT INTO obec  VALUES( 507636, 207, 'Surovce');
INSERT INTO populacia  VALUES( 2012, 507636, 1098, 1166 );
INSERT INTO obec  VALUES( 507687, 207, 'Trstin');
INSERT INTO populacia  VALUES( 2012, 507687, 670, 708 );
INSERT INTO obec  VALUES( 507741, 207, 'Voderady');
INSERT INTO populacia  VALUES( 2012, 507741, 695, 711 );
INSERT INTO obec  VALUES( 507768, 207, 'Zavar');
INSERT INTO populacia  VALUES( 2012, 507768, 1230, 988 );
INSERT INTO obec  VALUES( 507776, 207, 'Zelenec');
INSERT INTO populacia  VALUES( 2012, 507776, 1229, 1326 );
INSERT INTO obec  VALUES( 556483, 207, 'Krizovany nad Dudvahom');
INSERT INTO populacia  VALUES( 2012, 556483, 902, 923 );
INSERT INTO obec  VALUES( 556491, 207, 'Opoj');
INSERT INTO populacia  VALUES( 2012, 556491, 504, 470 );
INSERT INTO obec  VALUES( 556513, 207, 'Vlckovce');
INSERT INTO populacia  VALUES( 2012, 556513, 623, 636 );
INSERT INTO obec  VALUES( 556556, 207, 'Pavlice');
INSERT INTO populacia  VALUES( 2012, 556556, 256, 270 );
INSERT INTO obec  VALUES( 556564, 207, 'Slovenska Nova Ves');
INSERT INTO populacia  VALUES( 2012, 556564, 252, 220 );
INSERT INTO obec  VALUES( 556599, 207, 'Dlha');
INSERT INTO populacia  VALUES( 2012, 556599, 209, 238 );
INSERT INTO obec  VALUES( 556653, 207, 'Radosovce');
INSERT INTO populacia  VALUES( 2012, 556653, 199, 219 );
INSERT INTO obec  VALUES( 556661, 207, 'Dolne Lovcice');
INSERT INTO populacia  VALUES( 2012, 556661, 373, 377 );
INSERT INTO obec  VALUES( 556670, 207, 'Selpice');
INSERT INTO populacia  VALUES( 2012, 556670, 414, 429 );
INSERT INTO obec  VALUES( 556688, 207, 'Losonec');
INSERT INTO populacia  VALUES( 2012, 556688, 254, 266 );
INSERT INTO obec  VALUES( 580473, 207, 'Biely Kostol');
INSERT INTO populacia  VALUES( 2012, 580473, 748, 743 );
INSERT INTO obec  VALUES( 581020, 207, 'Hrnciarovce nad Parnou');
INSERT INTO populacia  VALUES( 2012, 581020, 1077, 1149 );
INSERT INTO obec  VALUES( 581488, 207, 'Zvoncin');
INSERT INTO populacia  VALUES( 2012, 581488, 401, 397 );
INSERT INTO obec  VALUES( 505056, 301, 'Lutov');
INSERT INTO populacia  VALUES( 2012, 505056, 73, 70 );
INSERT INTO obec  VALUES( 505072, 301, 'Mala Hradna');
INSERT INTO populacia  VALUES( 2012, 505072, 179, 192 );
INSERT INTO obec  VALUES( 505102, 301, 'Male Hoste');
INSERT INTO populacia  VALUES( 2012, 505102, 218, 215 );
INSERT INTO obec  VALUES( 505153, 301, 'Miezgovce');
INSERT INTO populacia  VALUES( 2012, 505153, 143, 128 );
INSERT INTO obec  VALUES( 505200, 301, 'Nedasovce');
INSERT INTO populacia  VALUES( 2012, 505200, 208, 222 );
INSERT INTO obec  VALUES( 505277, 301, 'Omastina');
INSERT INTO populacia  VALUES( 2012, 505277, 26, 15 );
INSERT INTO obec  VALUES( 505331, 301, 'Pecenany');
INSERT INTO populacia  VALUES( 2012, 505331, 212, 235 );
INSERT INTO obec  VALUES( 505358, 301, 'Podluzany');
INSERT INTO populacia  VALUES( 2012, 505358, 430, 424 );
INSERT INTO obec  VALUES( 505382, 301, 'Pravotice');
INSERT INTO populacia  VALUES( 2012, 505382, 152, 155 );
INSERT INTO obec  VALUES( 505412, 301, 'Prusy');
INSERT INTO populacia  VALUES( 2012, 505412, 260, 299 );
INSERT INTO obec  VALUES( 505447, 301, 'Ruskovce');
INSERT INTO populacia  VALUES( 2012, 505447, 240, 274 );
INSERT INTO obec  VALUES( 505455, 301, 'Rybany');
INSERT INTO populacia  VALUES( 2012, 505455, 720, 730 );
INSERT INTO obec  VALUES( 505471, 301, 'Slatina nad Bebravou');
INSERT INTO populacia  VALUES( 2012, 505471, 223, 223 );
INSERT INTO obec  VALUES( 505480, 301, 'Slatinka nad Bebravou');
INSERT INTO populacia  VALUES( 2012, 505480, 97, 104 );
INSERT INTO obec  VALUES( 505544, 301, 'Sipkov');
INSERT INTO populacia  VALUES( 2012, 505544, 74, 71 );
INSERT INTO obec  VALUES( 505552, 301, 'Sisov');
INSERT INTO populacia  VALUES( 2012, 505552, 247, 235 );
INSERT INTO obec  VALUES( 505579, 301, 'Timoradza');
INSERT INTO populacia  VALUES( 2012, 505579, 253, 273 );
INSERT INTO obec  VALUES( 505595, 301, 'Trebichava');
INSERT INTO populacia  VALUES( 2012, 505595, 23, 19 );
INSERT INTO obec  VALUES( 505625, 301, 'Uhrovec');
INSERT INTO populacia  VALUES( 2012, 505625, 749, 791 );
INSERT INTO obec  VALUES( 505633, 301, 'Uhrovske Podhradie');
INSERT INTO populacia  VALUES( 2012, 505633, 21, 17 );
INSERT INTO obec  VALUES( 505684, 301, 'Velke Hoste');
INSERT INTO populacia  VALUES( 2012, 505684, 293, 283 );
INSERT INTO obec  VALUES( 505692, 301, 'Velke Chlievany');
INSERT INTO populacia  VALUES( 2012, 505692, 233, 251 );
INSERT INTO obec  VALUES( 505765, 301, 'Vysocany');
INSERT INTO populacia  VALUES( 2012, 505765, 66, 57 );
INSERT INTO obec  VALUES( 505790, 301, 'Zlatniky');
INSERT INTO populacia  VALUES( 2012, 505790, 333, 336 );
INSERT INTO obec  VALUES( 505811, 301, 'Zitna - Radisa');
INSERT INTO populacia  VALUES( 2012, 505811, 233, 232 );
INSERT INTO obec  VALUES( 542652, 301, 'Banovce nad Bebravou');
INSERT INTO populacia  VALUES( 2012, 542652, 9398, 9925 );
INSERT INTO obec  VALUES( 542741, 301, 'Brezolupy');
INSERT INTO populacia  VALUES( 2012, 542741, 240, 260 );
INSERT INTO obec  VALUES( 542776, 301, 'Cimenna');
INSERT INTO populacia  VALUES( 2012, 542776, 46, 47 );
INSERT INTO obec  VALUES( 542806, 301, 'Cierna Lehota');
INSERT INTO populacia  VALUES( 2012, 542806, 58, 69 );
INSERT INTO obec  VALUES( 542822, 301, 'Dezerice');
INSERT INTO populacia  VALUES( 2012, 542822, 352, 331 );
INSERT INTO obec  VALUES( 542849, 301, 'Dolne Nastice');
INSERT INTO populacia  VALUES( 2012, 542849, 245, 267 );
INSERT INTO obec  VALUES( 542857, 301, 'Dubnicka');
INSERT INTO populacia  VALUES( 2012, 542857, 60, 52 );
INSERT INTO obec  VALUES( 542873, 301, 'Dvorec');
INSERT INTO populacia  VALUES( 2012, 542873, 211, 206 );
INSERT INTO obec  VALUES( 542890, 301, 'Halacovce');
INSERT INTO populacia  VALUES( 2012, 542890, 177, 172 );
INSERT INTO obec  VALUES( 542920, 301, 'Horne Nastice');
INSERT INTO populacia  VALUES( 2012, 542920, 196, 227 );
INSERT INTO obec  VALUES( 543080, 301, 'Krasna Ves');
INSERT INTO populacia  VALUES( 2012, 543080, 256, 290 );
INSERT INTO obec  VALUES( 543136, 301, 'Ksinna');
INSERT INTO populacia  VALUES( 2012, 543136, 261, 259 );
INSERT INTO obec  VALUES( 545651, 301, 'Velke Drzkovce');
INSERT INTO populacia  VALUES( 2012, 545651, 325, 331 );
INSERT INTO obec  VALUES( 556289, 301, 'Otrhanky');
INSERT INTO populacia  VALUES( 2012, 556289, 203, 203 );
INSERT INTO obec  VALUES( 556360, 301, 'Libichava');
INSERT INTO populacia  VALUES( 2012, 556360, 69, 80 );
INSERT INTO obec  VALUES( 556408, 301, 'Chuda Lehota');
INSERT INTO populacia  VALUES( 2012, 556408, 103, 98 );
INSERT INTO obec  VALUES( 556742, 301, 'Pochabany');
INSERT INTO populacia  VALUES( 2012, 556742, 130, 116 );
INSERT INTO obec  VALUES( 556793, 301, 'Borcany');
INSERT INTO populacia  VALUES( 2012, 556793, 121, 126 );
INSERT INTO obec  VALUES( 512885, 302, 'Bolesov');
INSERT INTO populacia  VALUES( 2012, 512885, 773, 768 );
INSERT INTO obec  VALUES( 512931, 302, 'Cerveny Kamen');
INSERT INTO populacia  VALUES( 2012, 512931, 347, 362 );
INSERT INTO obec  VALUES( 513016, 302, 'Dubnica nad Vahom');
INSERT INTO populacia  VALUES( 2012, 513016, 12307, 12809 );
INSERT INTO obec  VALUES( 513024, 302, 'Dulov');
INSERT INTO populacia  VALUES( 2012, 513024, 479, 449 );
INSERT INTO obec  VALUES( 513091, 302, 'Horna Poruba');
INSERT INTO populacia  VALUES( 2012, 513091, 549, 513 );
INSERT INTO obec  VALUES( 513156, 302, 'Ilava');
INSERT INTO populacia  VALUES( 2012, 513156, 2689, 2781 );
INSERT INTO obec  VALUES( 513253, 302, 'Koseca');
INSERT INTO populacia  VALUES( 2012, 513253, 1227, 1285 );
INSERT INTO obec  VALUES( 513296, 302, 'Ladce');
INSERT INTO populacia  VALUES( 2012, 513296, 1275, 1335 );
INSERT INTO obec  VALUES( 513351, 302, 'Kosecke Podhradie');
INSERT INTO populacia  VALUES( 2012, 513351, 503, 548 );
INSERT INTO obec  VALUES( 513385, 302, 'Mikusovce');
INSERT INTO populacia  VALUES( 2012, 513385, 509, 518 );
INSERT INTO obec  VALUES( 513440, 302, 'Nova Dubnica');
INSERT INTO populacia  VALUES( 2012, 513440, 5516, 5871 );
INSERT INTO obec  VALUES( 513598, 302, 'Pruske');
INSERT INTO populacia  VALUES( 2012, 513598, 1116, 1083 );
INSERT INTO obec  VALUES( 513725, 302, 'Tuchyna');
INSERT INTO populacia  VALUES( 2012, 513725, 388, 383 );
INSERT INTO obec  VALUES( 513865, 302, 'Zliechov');
INSERT INTO populacia  VALUES( 2012, 513865, 293, 306 );
INSERT INTO obec  VALUES( 557391, 302, 'Borcice');
INSERT INTO populacia  VALUES( 2012, 557391, 235, 237 );
INSERT INTO obec  VALUES( 557404, 302, 'Kamenicany');
INSERT INTO populacia  VALUES( 2012, 557404, 266, 268 );
INSERT INTO obec  VALUES( 557412, 302, 'Sedmerovec');
INSERT INTO populacia  VALUES( 2012, 557412, 208, 215 );
INSERT INTO obec  VALUES( 557421, 302, 'Slavnica');
INSERT INTO populacia  VALUES( 2012, 557421, 319, 519 );
INSERT INTO obec  VALUES( 557617, 302, 'Krivoklat');
INSERT INTO populacia  VALUES( 2012, 557617, 128, 125 );
INSERT INTO obec  VALUES( 557625, 302, 'Vrsatske Podhradie');
INSERT INTO populacia  VALUES( 2012, 557625, 119, 119 );
INSERT INTO obec  VALUES( 582301, 302, 'Bohunice');
INSERT INTO populacia  VALUES( 2012, 582301, 368, 385 );
INSERT INTO obec  VALUES( 504254, 303, 'Brestovec');
INSERT INTO populacia  VALUES( 2012, 504254, 490, 452 );
INSERT INTO obec  VALUES( 504262, 303, 'Brezova pod Bradlom');
INSERT INTO populacia  VALUES( 2012, 504262, 2477, 2615 );
INSERT INTO obec  VALUES( 504289, 303, 'Bukovec');
INSERT INTO populacia  VALUES( 2012, 504289, 194, 222 );
INSERT INTO obec  VALUES( 504408, 303, 'Chvojnica');
INSERT INTO populacia  VALUES( 2012, 504408, 171, 198 );
INSERT INTO obec  VALUES( 504424, 303, 'Jablonka');
INSERT INTO populacia  VALUES( 2012, 504424, 240, 231 );
INSERT INTO obec  VALUES( 504467, 303, 'Kosariska');
INSERT INTO populacia  VALUES( 2012, 504467, 222, 217 );
INSERT INTO obec  VALUES( 504581, 303, 'Myjava');
INSERT INTO populacia  VALUES( 2012, 504581, 5866, 6319 );
INSERT INTO obec  VALUES( 504661, 303, 'Polianka');
INSERT INTO populacia  VALUES( 2012, 504661, 184, 192 );
INSERT INTO obec  VALUES( 504688, 303, 'Poriadie');
INSERT INTO populacia  VALUES( 2012, 504688, 351, 361 );
INSERT INTO obec  VALUES( 504696, 303, 'Priepasne');
INSERT INTO populacia  VALUES( 2012, 504696, 188, 178 );
INSERT INTO obec  VALUES( 504793, 303, 'Rudnik');
INSERT INTO populacia  VALUES( 2012, 504793, 413, 386 );
INSERT INTO obec  VALUES( 504866, 303, 'Stara Myjava');
INSERT INTO populacia  VALUES( 2012, 504866, 376, 368 );
INSERT INTO obec  VALUES( 504971, 303, 'Vrbovce');
INSERT INTO populacia  VALUES( 2012, 504971, 759, 792 );
INSERT INTO obec  VALUES( 506079, 303, 'Hrasne');
INSERT INTO populacia  VALUES( 2012, 506079, 230, 219 );
INSERT INTO obec  VALUES( 506141, 303, 'Kostolne');
INSERT INTO populacia  VALUES( 2012, 506141, 319, 309 );
INSERT INTO obec  VALUES( 506150, 303, 'Krajne');
INSERT INTO populacia  VALUES( 2012, 506150, 778, 809 );
INSERT INTO obec  VALUES( 506419, 303, 'Podkylava');
INSERT INTO populacia  VALUES( 2012, 506419, 105, 122 );
INSERT INTO obec  VALUES( 505846, 304, 'Beckov');
INSERT INTO populacia  VALUES( 2012, 505846, 636, 713 );
INSERT INTO obec  VALUES( 505871, 304, 'Bosaca');
INSERT INTO populacia  VALUES( 2012, 505871, 680, 704 );
INSERT INTO obec  VALUES( 505889, 304, 'Brunovce');
INSERT INTO populacia  VALUES( 2012, 505889, 266, 296 );
INSERT INTO obec  VALUES( 505897, 304, 'Bzince pod Javorinou');
INSERT INTO populacia  VALUES( 2012, 505897, 1017, 1059 );
INSERT INTO obec  VALUES( 505901, 304, 'Cachtice');
INSERT INTO populacia  VALUES( 2012, 505901, 1965, 2043 );
INSERT INTO obec  VALUES( 505919, 304, 'Castkovce');
INSERT INTO populacia  VALUES( 2012, 505919, 567, 616 );
INSERT INTO obec  VALUES( 505951, 304, 'Dolne Srnie');
INSERT INTO populacia  VALUES( 2012, 505951, 452, 517 );
INSERT INTO obec  VALUES( 505994, 304, 'Horka nad Vahom');
INSERT INTO populacia  VALUES( 2012, 505994, 356, 352 );
INSERT INTO obec  VALUES( 506001, 304, 'Horna Streda');
INSERT INTO populacia  VALUES( 2012, 506001, 628, 692 );
INSERT INTO obec  VALUES( 506052, 304, 'Hradok');
INSERT INTO populacia  VALUES( 2012, 506052, 344, 337 );
INSERT INTO obec  VALUES( 506061, 304, 'Hrachoviste');
INSERT INTO populacia  VALUES( 2012, 506061, 365, 363 );
INSERT INTO obec  VALUES( 506109, 304, 'Kalnica');
INSERT INTO populacia  VALUES( 2012, 506109, 540, 500 );
INSERT INTO obec  VALUES( 506125, 304, 'Kocovce');
INSERT INTO populacia  VALUES( 2012, 506125, 738, 725 );
INSERT INTO obec  VALUES( 506184, 304, 'Lubina');
INSERT INTO populacia  VALUES( 2012, 506184, 683, 709 );
INSERT INTO obec  VALUES( 506206, 304, 'Luka');
INSERT INTO populacia  VALUES( 2012, 506206, 313, 322 );
INSERT INTO obec  VALUES( 506249, 304, 'Modrova');
INSERT INTO populacia  VALUES( 2012, 506249, 247, 274 );
INSERT INTO obec  VALUES( 506257, 304, 'Modrovka');
INSERT INTO populacia  VALUES( 2012, 506257, 96, 113 );
INSERT INTO obec  VALUES( 506265, 304, 'Moravske Lieskove');
INSERT INTO populacia  VALUES( 2012, 506265, 1259, 1275 );
INSERT INTO obec  VALUES( 506303, 304, 'Nova Bosaca');
INSERT INTO populacia  VALUES( 2012, 506303, 570, 541 );
INSERT INTO obec  VALUES( 506311, 304, 'Nova Lehota');
INSERT INTO populacia  VALUES( 2012, 506311, 97, 109 );
INSERT INTO obec  VALUES( 506338, 304, 'Nove Mesto nad Vahom');
INSERT INTO populacia  VALUES( 2012, 506338, 9815, 10435 );
INSERT INTO obec  VALUES( 506346, 304, 'Ockov');
INSERT INTO populacia  VALUES( 2012, 506346, 243, 222 );
INSERT INTO obec  VALUES( 506401, 304, 'Pobedim');
INSERT INTO populacia  VALUES( 2012, 506401, 584, 597 );
INSERT INTO obec  VALUES( 506427, 304, 'Podolie');
INSERT INTO populacia  VALUES( 2012, 506427, 960, 1012 );
INSERT INTO obec  VALUES( 506435, 304, 'Potvorice');
INSERT INTO populacia  VALUES( 2012, 506435, 293, 293 );
INSERT INTO obec  VALUES( 506443, 304, 'Povazany');
INSERT INTO populacia  VALUES( 2012, 506443, 644, 641 );
INSERT INTO obec  VALUES( 506516, 304, 'Stara Lehota');
INSERT INTO populacia  VALUES( 2012, 506516, 114, 115 );
INSERT INTO obec  VALUES( 506524, 304, 'Stara Tura');
INSERT INTO populacia  VALUES( 2012, 506524, 4484, 4812 );
INSERT INTO obec  VALUES( 506583, 304, 'Trencianske Bohuslavice');
INSERT INTO populacia  VALUES( 2012, 506583, 455, 448 );
INSERT INTO obec  VALUES( 506630, 304, 'Vadovce');
INSERT INTO populacia  VALUES( 2012, 506630, 391, 381 );
INSERT INTO obec  VALUES( 506672, 304, 'Visnove');
INSERT INTO populacia  VALUES( 2012, 506672, 84, 88 );
INSERT INTO obec  VALUES( 556424, 304, 'Haluzice');
INSERT INTO populacia  VALUES( 2012, 556424, 32, 29 );
INSERT INTO obec  VALUES( 556441, 304, 'Zemianske Podhradie');
INSERT INTO populacia  VALUES( 2012, 556441, 359, 411 );
INSERT INTO obec  VALUES( 556459, 304, 'Nova Ves nad Vahom');
INSERT INTO populacia  VALUES( 2012, 556459, 263, 293 );
INSERT INTO obec  VALUES( 505129, 305, 'Male Krstenany');
INSERT INTO populacia  VALUES( 2012, 505129, 264, 275 );
INSERT INTO obec  VALUES( 505170, 305, 'Nadlice');
INSERT INTO populacia  VALUES( 2012, 505170, 320, 309 );
INSERT INTO obec  VALUES( 505196, 305, 'Nedanovce');
INSERT INTO populacia  VALUES( 2012, 505196, 323, 317 );
INSERT INTO obec  VALUES( 505307, 305, 'Ostratice');
INSERT INTO populacia  VALUES( 2012, 505307, 431, 427 );
INSERT INTO obec  VALUES( 505315, 305, 'Partizanske');
INSERT INTO populacia  VALUES( 2012, 505315, 11525, 12335 );
INSERT INTO obec  VALUES( 505323, 305, 'Pazit');
INSERT INTO populacia  VALUES( 2012, 505323, 204, 203 );
INSERT INTO obec  VALUES( 505463, 305, 'Skacany');
INSERT INTO populacia  VALUES( 2012, 505463, 676, 671 );
INSERT INTO obec  VALUES( 505706, 305, 'Velke Krstenany');
INSERT INTO populacia  VALUES( 2012, 505706, 316, 307 );
INSERT INTO obec  VALUES( 505722, 305, 'Velke Uherce');
INSERT INTO populacia  VALUES( 2012, 505722, 1021, 1015 );
INSERT INTO obec  VALUES( 505731, 305, 'Velky Kliz');
INSERT INTO populacia  VALUES( 2012, 505731, 450, 456 );
INSERT INTO obec  VALUES( 505803, 305, 'Zabokreky nad Nitrou');
INSERT INTO populacia  VALUES( 2012, 505803, 837, 824 );
INSERT INTO obec  VALUES( 542733, 305, 'Bosany');
INSERT INTO populacia  VALUES( 2012, 542733, 2013, 2138 );
INSERT INTO obec  VALUES( 542962, 305, 'Hradiste');
INSERT INTO populacia  VALUES( 2012, 542962, 519, 498 );
INSERT INTO obec  VALUES( 543004, 305, 'Chynorany');
INSERT INTO populacia  VALUES( 2012, 543004, 1346, 1365 );
INSERT INTO obec  VALUES( 543047, 305, 'Klatova Nova Ves');
INSERT INTO populacia  VALUES( 2012, 543047, 835, 781 );
INSERT INTO obec  VALUES( 543055, 305, 'Kolacno');
INSERT INTO populacia  VALUES( 2012, 543055, 430, 440 );
INSERT INTO obec  VALUES( 556173, 305, 'Livina');
INSERT INTO populacia  VALUES( 2012, 556173, 53, 57 );
INSERT INTO obec  VALUES( 556190, 305, 'Livinske Opatovce');
INSERT INTO populacia  VALUES( 2012, 556190, 121, 123 );
INSERT INTO obec  VALUES( 556246, 305, 'Krasno');
INSERT INTO populacia  VALUES( 2012, 556246, 250, 264 );
INSERT INTO obec  VALUES( 556271, 305, 'Turcianky');
INSERT INTO populacia  VALUES( 2012, 556271, 82, 74 );
INSERT INTO obec  VALUES( 556416, 305, 'Jeskova Ves');
INSERT INTO populacia  VALUES( 2012, 556416, 259, 239 );
INSERT INTO obec  VALUES( 580449, 305, 'Brodzany');
INSERT INTO populacia  VALUES( 2012, 580449, 416, 385 );
INSERT INTO obec  VALUES( 580953, 305, 'Male Uherce');
INSERT INTO populacia  VALUES( 2012, 580953, 350, 349 );
INSERT INTO obec  VALUES( 512842, 306, 'Povazska Bystrica');
INSERT INTO populacia  VALUES( 2012, 512842, 19941, 21041 );
INSERT INTO obec  VALUES( 512915, 306, 'Brvniste');
INSERT INTO populacia  VALUES( 2012, 512915, 603, 588 );
INSERT INTO obec  VALUES( 512966, 306, 'Dolna Marikova');
INSERT INTO populacia  VALUES( 2012, 512966, 692, 730 );
INSERT INTO obec  VALUES( 513008, 306, 'Domaniza');
INSERT INTO populacia  VALUES( 2012, 513008, 757, 742 );
INSERT INTO obec  VALUES( 513083, 306, 'Horna Marikova');
INSERT INTO populacia  VALUES( 2012, 513083, 317, 319 );
INSERT INTO obec  VALUES( 513172, 306, 'Jasenica');
INSERT INTO populacia  VALUES( 2012, 513172, 528, 521 );
INSERT INTO obec  VALUES( 513245, 306, 'Kostolec');
INSERT INTO populacia  VALUES( 2012, 513245, 111, 120 );
INSERT INTO obec  VALUES( 513466, 306, 'Papradno');
INSERT INTO populacia  VALUES( 2012, 513466, 1264, 1258 );
INSERT INTO obec  VALUES( 513474, 306, 'Plevnik - Drienove');
INSERT INTO populacia  VALUES( 2012, 513474, 774, 816 );
INSERT INTO obec  VALUES( 513563, 306, 'Precin');
INSERT INTO populacia  VALUES( 2012, 513563, 715, 712 );
INSERT INTO obec  VALUES( 513601, 306, 'Pruzina');
INSERT INTO populacia  VALUES( 2012, 513601, 984, 1001 );
INSERT INTO obec  VALUES( 513687, 306, 'Stupne');
INSERT INTO populacia  VALUES( 2012, 513687, 361, 355 );
INSERT INTO obec  VALUES( 513741, 306, 'Udica');
INSERT INTO populacia  VALUES( 2012, 513741, 1075, 1088 );
INSERT INTO obec  VALUES( 513784, 306, 'Vrchtepla');
INSERT INTO populacia  VALUES( 2012, 513784, 137, 121 );
INSERT INTO obec  VALUES( 513822, 306, 'Zaskalie');
INSERT INTO populacia  VALUES( 2012, 513822, 99, 80 );
INSERT INTO obec  VALUES( 518913, 306, 'Sverepec');
INSERT INTO populacia  VALUES( 2012, 518913, 606, 583 );
INSERT INTO obec  VALUES( 546640, 306, 'Dolny Lieskov');
INSERT INTO populacia  VALUES( 2012, 546640, 463, 362 );
INSERT INTO obec  VALUES( 557480, 306, 'Slopna');
INSERT INTO populacia  VALUES( 2012, 557480, 235, 248 );
INSERT INTO obec  VALUES( 557510, 306, 'Hatne');
INSERT INTO populacia  VALUES( 2012, 557510, 281, 313 );
INSERT INTO obec  VALUES( 557552, 306, 'Kliestina');
INSERT INTO populacia  VALUES( 2012, 557552, 174, 165 );
INSERT INTO obec  VALUES( 557561, 306, 'Celkova Lehota');
INSERT INTO populacia  VALUES( 2012, 557561, 64, 69 );
INSERT INTO obec  VALUES( 557579, 306, 'Male Lednice');
INSERT INTO populacia  VALUES( 2012, 557579, 253, 255 );
INSERT INTO obec  VALUES( 557595, 306, 'Sadocne');
INSERT INTO populacia  VALUES( 2012, 557595, 81, 79 );
INSERT INTO obec  VALUES( 557609, 306, 'Durdove');
INSERT INTO populacia  VALUES( 2012, 557609, 77, 80 );
INSERT INTO obec  VALUES( 557633, 306, 'Bodina');
INSERT INTO populacia  VALUES( 2012, 557633, 254, 240 );
INSERT INTO obec  VALUES( 558222, 306, 'Pocarova');
INSERT INTO populacia  VALUES( 2012, 558222, 68, 69 );
INSERT INTO obec  VALUES( 580856, 306, 'Horny Lieskov');
INSERT INTO populacia  VALUES( 2012, 580856, 189, 180 );
INSERT INTO obec  VALUES( 580864, 306, 'Podskalie');
INSERT INTO populacia  VALUES( 2012, 580864, 66, 59 );
INSERT INTO obec  VALUES( 513881, 307, 'Prievidza');
INSERT INTO populacia  VALUES( 2012, 513881, 23677, 24842 );
INSERT INTO obec  VALUES( 513903, 307, 'Bojnice');
INSERT INTO populacia  VALUES( 2012, 513903, 2367, 2558 );
INSERT INTO obec  VALUES( 513911, 307, 'Bystricany');
INSERT INTO populacia  VALUES( 2012, 513911, 904, 936 );
INSERT INTO obec  VALUES( 513920, 307, 'Cigel');
INSERT INTO populacia  VALUES( 2012, 513920, 606, 615 );
INSERT INTO obec  VALUES( 513938, 307, 'Cavoj');
INSERT INTO populacia  VALUES( 2012, 513938, 272, 249 );
INSERT INTO obec  VALUES( 513946, 307, 'Cerenany');
INSERT INTO populacia  VALUES( 2012, 513946, 850, 837 );
INSERT INTO obec  VALUES( 513954, 307, 'Diviacka Nova Ves');
INSERT INTO populacia  VALUES( 2012, 513954, 890, 872 );
INSERT INTO obec  VALUES( 513962, 307, 'Diviaky nad Nitricou');
INSERT INTO populacia  VALUES( 2012, 513962, 862, 903 );
INSERT INTO obec  VALUES( 513971, 307, 'Dlzin');
INSERT INTO populacia  VALUES( 2012, 513971, 85, 102 );
INSERT INTO obec  VALUES( 513989, 307, 'Dolne Vestenice');
INSERT INTO populacia  VALUES( 2012, 513989, 1301, 1274 );
INSERT INTO obec  VALUES( 513997, 307, 'Handlova');
INSERT INTO populacia  VALUES( 2012, 513997, 8776, 8888 );
INSERT INTO obec  VALUES( 514004, 307, 'Horna Ves');
INSERT INTO populacia  VALUES( 2012, 514004, 941, 539 );
INSERT INTO obec  VALUES( 514012, 307, 'Horne Vestenice');
INSERT INTO populacia  VALUES( 2012, 514012, 311, 312 );
INSERT INTO obec  VALUES( 514021, 307, 'Chrenovec - Brusno');
INSERT INTO populacia  VALUES( 2012, 514021, 694, 685 );
INSERT INTO obec  VALUES( 514039, 307, 'Chvojnica');
INSERT INTO populacia  VALUES( 2012, 514039, 126, 128 );
INSERT INTO obec  VALUES( 514063, 307, 'Kamenec pod Vtacnikom');
INSERT INTO populacia  VALUES( 2012, 514063, 890, 930 );
INSERT INTO obec  VALUES( 514071, 307, 'Kanianka');
INSERT INTO populacia  VALUES( 2012, 514071, 2038, 2087 );
INSERT INTO obec  VALUES( 514080, 307, 'Klacno');
INSERT INTO populacia  VALUES( 2012, 514080, 559, 543 );
INSERT INTO obec  VALUES( 514098, 307, 'Kocurany');
INSERT INTO populacia  VALUES( 2012, 514098, 249, 252 );
INSERT INTO obec  VALUES( 514101, 307, 'Kostolna Ves');
INSERT INTO populacia  VALUES( 2012, 514101, 222, 244 );
INSERT INTO obec  VALUES( 514110, 307, 'Kos');
INSERT INTO populacia  VALUES( 2012, 514110, 595, 584 );
INSERT INTO obec  VALUES( 514128, 307, 'Lazany');
INSERT INTO populacia  VALUES( 2012, 514128, 779, 821 );
INSERT INTO obec  VALUES( 514136, 307, 'Lehota pod Vtacnikom');
INSERT INTO populacia  VALUES( 2012, 514136, 1980, 1947 );
INSERT INTO obec  VALUES( 514144, 307, 'Liestany');
INSERT INTO populacia  VALUES( 2012, 514144, 613, 623 );
INSERT INTO obec  VALUES( 514179, 307, 'Mala Causa');
INSERT INTO populacia  VALUES( 2012, 514179, 342, 324 );
INSERT INTO obec  VALUES( 514187, 307, 'Malinova');
INSERT INTO populacia  VALUES( 2012, 514187, 455, 440 );
INSERT INTO obec  VALUES( 514209, 307, 'Nedozery - Brezany');
INSERT INTO populacia  VALUES( 2012, 514209, 1050, 1064 );
INSERT INTO obec  VALUES( 514217, 307, 'Nevidzany');
INSERT INTO populacia  VALUES( 2012, 514217, 141, 161 );
INSERT INTO obec  VALUES( 514225, 307, 'Nitrianske Pravno');
INSERT INTO populacia  VALUES( 2012, 514225, 1535, 1624 );
INSERT INTO obec  VALUES( 514233, 307, 'Nitrianske Rudno');
INSERT INTO populacia  VALUES( 2012, 514233, 974, 950 );
INSERT INTO obec  VALUES( 514241, 307, 'Nitrianske Sucany');
INSERT INTO populacia  VALUES( 2012, 514241, 599, 622 );
INSERT INTO obec  VALUES( 514250, 307, 'Nitrica');
INSERT INTO populacia  VALUES( 2012, 514250, 623, 614 );
INSERT INTO obec  VALUES( 514268, 307, 'Novaky');
INSERT INTO populacia  VALUES( 2012, 514268, 2093, 2169 );
INSERT INTO obec  VALUES( 514284, 307, 'Opatovce nad Nitrou');
INSERT INTO populacia  VALUES( 2012, 514284, 736, 771 );
INSERT INTO obec  VALUES( 514292, 307, 'Oslany');
INSERT INTO populacia  VALUES( 2012, 514292, 1192, 1209 );
INSERT INTO obec  VALUES( 514306, 307, 'Podhradie');
INSERT INTO populacia  VALUES( 2012, 514306, 156, 161 );
INSERT INTO obec  VALUES( 514314, 307, 'Poluvsie');
INSERT INTO populacia  VALUES( 2012, 514314, 296, 287 );
INSERT INTO obec  VALUES( 514322, 307, 'Poruba');
INSERT INTO populacia  VALUES( 2012, 514322, 634, 627 );
INSERT INTO obec  VALUES( 514331, 307, 'Pravenec');
INSERT INTO populacia  VALUES( 2012, 514331, 658, 619 );
INSERT INTO obec  VALUES( 514349, 307, 'Radobica');
INSERT INTO populacia  VALUES( 2012, 514349, 265, 249 );
INSERT INTO obec  VALUES( 514357, 307, 'Raztocno');
INSERT INTO populacia  VALUES( 2012, 514357, 594, 648 );
INSERT INTO obec  VALUES( 514365, 307, 'Rudnianska Lehota');
INSERT INTO populacia  VALUES( 2012, 514365, 370, 362 );
INSERT INTO obec  VALUES( 514373, 307, 'Sebedrazie');
INSERT INTO populacia  VALUES( 2012, 514373, 867, 890 );
INSERT INTO obec  VALUES( 514381, 307, 'Sec');
INSERT INTO populacia  VALUES( 2012, 514381, 178, 208 );
INSERT INTO obec  VALUES( 514390, 307, 'Sutovce');
INSERT INTO populacia  VALUES( 2012, 514390, 201, 207 );
INSERT INTO obec  VALUES( 514403, 307, 'Temes');
INSERT INTO populacia  VALUES( 2012, 514403, 118, 119 );
INSERT INTO obec  VALUES( 514411, 307, 'Tuzina');
INSERT INTO populacia  VALUES( 2012, 514411, 603, 603 );
INSERT INTO obec  VALUES( 514420, 307, 'Valaska Bela');
INSERT INTO populacia  VALUES( 2012, 514420, 1112, 1098 );
INSERT INTO obec  VALUES( 514438, 307, 'Velka Causa');
INSERT INTO populacia  VALUES( 2012, 514438, 226, 243 );
INSERT INTO obec  VALUES( 514454, 307, 'Zemianske Kostolany');
INSERT INTO populacia  VALUES( 2012, 514454, 807, 860 );
INSERT INTO obec  VALUES( 557706, 307, 'Lipnik');
INSERT INTO populacia  VALUES( 2012, 557706, 235, 248 );
INSERT INTO obec  VALUES( 557714, 307, 'Jalovec');
INSERT INTO populacia  VALUES( 2012, 557714, 287, 298 );
INSERT INTO obec  VALUES( 500348, 308, 'Zubak');
INSERT INTO populacia  VALUES( 2012, 500348, 440, 435 );
INSERT INTO obec  VALUES( 512851, 308, 'Belusa');
INSERT INTO populacia  VALUES( 2012, 512851, 2836, 2992 );
INSERT INTO obec  VALUES( 512940, 308, 'Dohnany');
INSERT INTO populacia  VALUES( 2012, 512940, 872, 870 );
INSERT INTO obec  VALUES( 512958, 308, 'Dolna Breznica');
INSERT INTO populacia  VALUES( 2012, 512958, 433, 436 );
INSERT INTO obec  VALUES( 513121, 308, 'Horovce');
INSERT INTO populacia  VALUES( 2012, 513121, 414, 428 );
INSERT INTO obec  VALUES( 513300, 308, 'Lazy pod Makytou');
INSERT INTO populacia  VALUES( 2012, 513300, 635, 647 );
INSERT INTO obec  VALUES( 513318, 308, 'Lednica');
INSERT INTO populacia  VALUES( 2012, 513318, 471, 505 );
INSERT INTO obec  VALUES( 513326, 308, 'Lednicke Rovne');
INSERT INTO populacia  VALUES( 2012, 513326, 2008, 2059 );
INSERT INTO obec  VALUES( 513334, 308, 'Luky');
INSERT INTO populacia  VALUES( 2012, 513334, 459, 461 );
INSERT INTO obec  VALUES( 513342, 308, 'Lysa pod Makytou');
INSERT INTO populacia  VALUES( 2012, 513342, 1059, 1057 );
INSERT INTO obec  VALUES( 513377, 308, 'Mestecko');
INSERT INTO populacia  VALUES( 2012, 513377, 254, 264 );
INSERT INTO obec  VALUES( 513407, 308, 'Mojtin');
INSERT INTO populacia  VALUES( 2012, 513407, 239, 257 );
INSERT INTO obec  VALUES( 513610, 308, 'Puchov');
INSERT INTO populacia  VALUES( 2012, 513610, 8797, 9330 );
INSERT INTO obec  VALUES( 513776, 308, 'Visolaje');
INSERT INTO populacia  VALUES( 2012, 513776, 440, 452 );
INSERT INTO obec  VALUES( 513814, 308, 'Zariecie');
INSERT INTO populacia  VALUES( 2012, 513814, 323, 364 );
INSERT INTO obec  VALUES( 557439, 308, 'Dolne Kockovce');
INSERT INTO populacia  VALUES( 2012, 557439, 592, 637 );
INSERT INTO obec  VALUES( 557447, 308, 'Nimnica');
INSERT INTO populacia  VALUES( 2012, 557447, 355, 359 );
INSERT INTO obec  VALUES( 557471, 308, 'Strezenice');
INSERT INTO populacia  VALUES( 2012, 557471, 457, 467 );
INSERT INTO obec  VALUES( 557498, 308, 'Vydrna');
INSERT INTO populacia  VALUES( 2012, 557498, 166, 181 );
INSERT INTO obec  VALUES( 557501, 308, 'Kvasov');
INSERT INTO populacia  VALUES( 2012, 557501, 331, 333 );
INSERT INTO obec  VALUES( 557692, 308, 'Horna Breznica');
INSERT INTO populacia  VALUES( 2012, 557692, 235, 242 );
INSERT INTO obec  VALUES( 505820, 309, 'Trencin');
INSERT INTO populacia  VALUES( 2012, 505820, 26789, 29094 );
INSERT INTO obec  VALUES( 505838, 309, 'Adamovske Kochanovce');
INSERT INTO populacia  VALUES( 2012, 505838, 406, 432 );
INSERT INTO obec  VALUES( 505854, 309, 'Bobot');
INSERT INTO populacia  VALUES( 2012, 505854, 355, 396 );
INSERT INTO obec  VALUES( 505935, 309, 'Dolna Poruba');
INSERT INTO populacia  VALUES( 2012, 505935, 415, 387 );
INSERT INTO obec  VALUES( 505943, 309, 'Dolna Suca');
INSERT INTO populacia  VALUES( 2012, 505943, 1493, 1503 );
INSERT INTO obec  VALUES( 505960, 309, 'Drietoma');
INSERT INTO populacia  VALUES( 2012, 505960, 1153, 1093 );
INSERT INTO obec  VALUES( 505978, 309, 'Dubodiel');
INSERT INTO populacia  VALUES( 2012, 505978, 460, 463 );
INSERT INTO obec  VALUES( 506010, 309, 'Horna Suca');
INSERT INTO populacia  VALUES( 2012, 506010, 1704, 1716 );
INSERT INTO obec  VALUES( 506028, 309, 'Hornany');
INSERT INTO populacia  VALUES( 2012, 506028, 206, 224 );
INSERT INTO obec  VALUES( 506036, 309, 'Horne Srnie');
INSERT INTO populacia  VALUES( 2012, 506036, 1388, 1416 );
INSERT INTO obec  VALUES( 506044, 309, 'Hrabovka');
INSERT INTO populacia  VALUES( 2012, 506044, 204, 215 );
INSERT INTO obec  VALUES( 506087, 309, 'Chocholna - Velcice');
INSERT INTO populacia  VALUES( 2012, 506087, 873, 832 );
INSERT INTO obec  VALUES( 506095, 309, 'Ivanovce');
INSERT INTO populacia  VALUES( 2012, 506095, 454, 484 );
INSERT INTO obec  VALUES( 506133, 309, 'Kostolna - Zariecie');
INSERT INTO populacia  VALUES( 2012, 506133, 310, 349 );
INSERT INTO obec  VALUES( 506168, 309, 'Krivosud - Bodovka');
INSERT INTO populacia  VALUES( 2012, 506168, 170, 148 );
INSERT INTO obec  VALUES( 506231, 309, 'Mnichova Lehota');
INSERT INTO populacia  VALUES( 2012, 506231, 627, 604 );
INSERT INTO obec  VALUES( 506273, 309, 'Motesice');
INSERT INTO populacia  VALUES( 2012, 506273, 408, 386 );
INSERT INTO obec  VALUES( 506281, 309, 'Nemsova');
INSERT INTO populacia  VALUES( 2012, 506281, 3119, 3179 );
INSERT INTO obec  VALUES( 506290, 309, 'Neporadza');
INSERT INTO populacia  VALUES( 2012, 506290, 400, 389 );
INSERT INTO obec  VALUES( 506354, 309, 'Omsenie');
INSERT INTO populacia  VALUES( 2012, 506354, 964, 1015 );
INSERT INTO obec  VALUES( 506371, 309, 'Opatovce');
INSERT INTO populacia  VALUES( 2012, 506371, 203, 206 );
INSERT INTO obec  VALUES( 506478, 309, 'Selec');
INSERT INTO populacia  VALUES( 2012, 506478, 510, 495 );
INSERT INTO obec  VALUES( 506508, 309, 'Soblahov');
INSERT INTO populacia  VALUES( 2012, 506508, 1085, 1115 );
INSERT INTO obec  VALUES( 506532, 309, 'Svinna');
INSERT INTO populacia  VALUES( 2012, 506532, 788, 791 );
INSERT INTO obec  VALUES( 506541, 309, 'Stvrtok');
INSERT INTO populacia  VALUES( 2012, 506541, 161, 184 );
INSERT INTO obec  VALUES( 506559, 309, 'Trencianska Tepla');
INSERT INTO populacia  VALUES( 2012, 506559, 2040, 2100 );
INSERT INTO obec  VALUES( 506567, 309, 'Trencianska Turna');
INSERT INTO populacia  VALUES( 2012, 506567, 1570, 1563 );
INSERT INTO obec  VALUES( 506591, 309, 'Trencianske Jastrabie');
INSERT INTO populacia  VALUES( 2012, 506591, 619, 578 );
INSERT INTO obec  VALUES( 506605, 309, 'Trencianske Mitice');
INSERT INTO populacia  VALUES( 2012, 506605, 380, 389 );
INSERT INTO obec  VALUES( 506613, 309, 'Trencianske Teplice');
INSERT INTO populacia  VALUES( 2012, 506613, 1961, 2190 );
INSERT INTO obec  VALUES( 506648, 309, 'Velka Hradna');
INSERT INTO populacia  VALUES( 2012, 506648, 346, 342 );
INSERT INTO obec  VALUES( 506656, 309, 'Velke Bierovce');
INSERT INTO populacia  VALUES( 2012, 506656, 335, 324 );
INSERT INTO obec  VALUES( 545686, 309, 'Melcice - Lieskove');
INSERT INTO populacia  VALUES( 2012, 545686, 770, 821 );
INSERT INTO obec  VALUES( 545741, 309, 'Trencianske Stankovce');
INSERT INTO populacia  VALUES( 2012, 545741, 1523, 1586 );
INSERT INTO obec  VALUES( 546682, 309, 'Skalka nad Vahom');
INSERT INTO populacia  VALUES( 2012, 546682, 562, 612 );
INSERT INTO obec  VALUES( 556475, 309, 'Zamarovce');
INSERT INTO populacia  VALUES( 2012, 556475, 434, 460 );
INSERT INTO obec  VALUES( 581348, 309, 'Petrova Lehota');
INSERT INTO populacia  VALUES( 2012, 581348, 87, 88 );
INSERT INTO obec  VALUES( 501026, 401, 'Komarno');
INSERT INTO populacia  VALUES( 2012, 501026, 16519, 18119 );
INSERT INTO obec  VALUES( 501034, 401, 'Bajc');
INSERT INTO populacia  VALUES( 2012, 501034, 609, 637 );
INSERT INTO obec  VALUES( 501042, 401, 'Bodza');
INSERT INTO populacia  VALUES( 2012, 501042, 185, 188 );
INSERT INTO obec  VALUES( 501069, 401, 'Brestovec');
INSERT INTO populacia  VALUES( 2012, 501069, 225, 240 );
INSERT INTO obec  VALUES( 501077, 401, 'Buc');
INSERT INTO populacia  VALUES( 2012, 501077, 560, 600 );
INSERT INTO obec  VALUES( 501085, 401, 'Calovec');
INSERT INTO populacia  VALUES( 2012, 501085, 572, 611 );
INSERT INTO obec  VALUES( 501093, 401, 'Cicov');
INSERT INTO populacia  VALUES( 2012, 501093, 653, 639 );
INSERT INTO obec  VALUES( 501107, 401, 'Dedina Mladeze');
INSERT INTO populacia  VALUES( 2012, 501107, 222, 239 );
INSERT INTO obec  VALUES( 501115, 401, 'Svaty Peter');
INSERT INTO populacia  VALUES( 2012, 501115, 1346, 1391 );
INSERT INTO obec  VALUES( 501123, 401, 'Dulovce');
INSERT INTO populacia  VALUES( 2012, 501123, 882, 911 );
INSERT INTO obec  VALUES( 501140, 401, 'Hurbanovo');
INSERT INTO populacia  VALUES( 2012, 501140, 3731, 3986 );
INSERT INTO obec  VALUES( 501158, 401, 'Chotin');
INSERT INTO populacia  VALUES( 2012, 501158, 675, 710 );
INSERT INTO obec  VALUES( 501166, 401, 'Imel');
INSERT INTO populacia  VALUES( 2012, 501166, 955, 1055 );
INSERT INTO obec  VALUES( 501174, 401, 'Iza');
INSERT INTO populacia  VALUES( 2012, 501174, 807, 839 );
INSERT INTO obec  VALUES( 501182, 401, 'Kamenicna');
INSERT INTO populacia  VALUES( 2012, 501182, 949, 1004 );
INSERT INTO obec  VALUES( 501191, 401, 'Klizska Nema');
INSERT INTO populacia  VALUES( 2012, 501191, 267, 237 );
INSERT INTO obec  VALUES( 501204, 401, 'Kolarovo');
INSERT INTO populacia  VALUES( 2012, 501204, 5320, 5373 );
INSERT INTO obec  VALUES( 501212, 401, 'Kravany nad Dunajom');
INSERT INTO populacia  VALUES( 2012, 501212, 352, 384 );
INSERT INTO obec  VALUES( 501221, 401, 'Lipove');
INSERT INTO populacia  VALUES( 2012, 501221, 80, 68 );
INSERT INTO obec  VALUES( 501239, 401, 'Marcelova');
INSERT INTO populacia  VALUES( 2012, 501239, 1835, 1908 );
INSERT INTO obec  VALUES( 501247, 401, 'Martovce');
INSERT INTO populacia  VALUES( 2012, 501247, 341, 346 );
INSERT INTO obec  VALUES( 501255, 401, 'Moca');
INSERT INTO populacia  VALUES( 2012, 501255, 558, 588 );
INSERT INTO obec  VALUES( 501263, 401, 'Modrany');
INSERT INTO populacia  VALUES( 2012, 501263, 727, 715 );
INSERT INTO obec  VALUES( 501271, 401, 'Mudronovo');
INSERT INTO populacia  VALUES( 2012, 501271, 72, 52 );
INSERT INTO obec  VALUES( 501280, 401, 'Nesvady');
INSERT INTO populacia  VALUES( 2012, 501280, 2491, 2565 );
INSERT INTO obec  VALUES( 501301, 401, 'Okolicna na Ostrove');
INSERT INTO populacia  VALUES( 2012, 501301, 765, 764 );
INSERT INTO obec  VALUES( 501310, 401, 'Patince');
INSERT INTO populacia  VALUES( 2012, 501310, 246, 239 );
INSERT INTO obec  VALUES( 501328, 401, 'Pribeta');
INSERT INTO populacia  VALUES( 2012, 501328, 1458, 1490 );
INSERT INTO obec  VALUES( 501336, 401, 'Radvan nad Dunajom');
INSERT INTO populacia  VALUES( 2012, 501336, 347, 373 );
INSERT INTO obec  VALUES( 501344, 401, 'Sokolce');
INSERT INTO populacia  VALUES( 2012, 501344, 599, 625 );
INSERT INTO obec  VALUES( 501352, 401, 'Srobarova');
INSERT INTO populacia  VALUES( 2012, 501352, 245, 250 );
INSERT INTO obec  VALUES( 501361, 401, 'Ton');
INSERT INTO populacia  VALUES( 2012, 501361, 398, 396 );
INSERT INTO obec  VALUES( 501379, 401, 'Travnik');
INSERT INTO populacia  VALUES( 2012, 501379, 384, 325 );
INSERT INTO obec  VALUES( 501387, 401, 'Velke Kosihy');
INSERT INTO populacia  VALUES( 2012, 501387, 494, 492 );
INSERT INTO obec  VALUES( 501395, 401, 'Batorove Kosihy');
INSERT INTO populacia  VALUES( 2012, 501395, 1685, 1752 );
INSERT INTO obec  VALUES( 501409, 401, 'Vrbova nad Vahom');
INSERT INTO populacia  VALUES( 2012, 501409, 267, 280 );
INSERT INTO obec  VALUES( 501417, 401, 'Zemianska Olca');
INSERT INTO populacia  VALUES( 2012, 501417, 1227, 1189 );
INSERT INTO obec  VALUES( 501425, 401, 'Zlatna na Ostrove');
INSERT INTO populacia  VALUES( 2012, 501425, 1195, 1200 );
INSERT INTO obec  VALUES( 555819, 401, 'Bodzianske Luky');
INSERT INTO populacia  VALUES( 2012, 555819, 90, 105 );
INSERT INTO obec  VALUES( 555827, 401, 'Virt');
INSERT INTO populacia  VALUES( 2012, 555827, 135, 152 );
INSERT INTO obec  VALUES( 580911, 401, 'Holiare');
INSERT INTO populacia  VALUES( 2012, 580911, 239, 229 );
INSERT INTO obec  VALUES( 502031, 402, 'Levice');
INSERT INTO populacia  VALUES( 2012, 502031, 16467, 18033 );
INSERT INTO obec  VALUES( 502049, 402, 'Bajka');
INSERT INTO populacia  VALUES( 2012, 502049, 172, 158 );
INSERT INTO obec  VALUES( 502057, 402, 'Batovce');
INSERT INTO populacia  VALUES( 2012, 502057, 524, 551 );
INSERT INTO obec  VALUES( 502065, 402, 'Besa');
INSERT INTO populacia  VALUES( 2012, 502065, 321, 330 );
INSERT INTO obec  VALUES( 502073, 402, 'Bielovce');
INSERT INTO populacia  VALUES( 2012, 502073, 100, 125 );
INSERT INTO obec  VALUES( 502090, 402, 'Bory');
INSERT INTO populacia  VALUES( 2012, 502090, 144, 172 );
INSERT INTO obec  VALUES( 502103, 402, 'Brhlovce');
INSERT INTO populacia  VALUES( 2012, 502103, 143, 163 );
INSERT INTO obec  VALUES( 502111, 402, 'Cajkov');
INSERT INTO populacia  VALUES( 2012, 502111, 493, 505 );
INSERT INTO obec  VALUES( 502120, 402, 'Caka');
INSERT INTO populacia  VALUES( 2012, 502120, 363, 404 );
INSERT INTO obec  VALUES( 502154, 402, 'Demandice');
INSERT INTO populacia  VALUES( 2012, 502154, 498, 530 );
INSERT INTO obec  VALUES( 502162, 402, 'Devicany');
INSERT INTO populacia  VALUES( 2012, 502162, 199, 197 );
INSERT INTO obec  VALUES( 502171, 402, 'Dolna Sec');
INSERT INTO populacia  VALUES( 2012, 502171, 226, 214 );
INSERT INTO obec  VALUES( 502189, 402, 'Dolne Semerovce');
INSERT INTO populacia  VALUES( 2012, 502189, 257, 283 );
INSERT INTO obec  VALUES( 502197, 402, 'Dolny Pial');
INSERT INTO populacia  VALUES( 2012, 502197, 450, 502 );
INSERT INTO obec  VALUES( 502201, 402, 'Domadice');
INSERT INTO populacia  VALUES( 2012, 502201, 123, 120 );
INSERT INTO obec  VALUES( 502219, 402, 'Drzenice');
INSERT INTO populacia  VALUES( 2012, 502219, 194, 197 );
INSERT INTO obec  VALUES( 502227, 402, 'Farna');
INSERT INTO populacia  VALUES( 2012, 502227, 629, 679 );
INSERT INTO obec  VALUES( 502243, 402, 'Hokovce');
INSERT INTO populacia  VALUES( 2012, 502243, 256, 274 );
INSERT INTO obec  VALUES( 502251, 402, 'Hontianska Vrbica');
INSERT INTO populacia  VALUES( 2012, 502251, 269, 297 );
INSERT INTO obec  VALUES( 502260, 402, 'Horna Sec');
INSERT INTO populacia  VALUES( 2012, 502260, 237, 293 );
INSERT INTO obec  VALUES( 502278, 402, 'Horne Semerovce');
INSERT INTO populacia  VALUES( 2012, 502278, 283, 324 );
INSERT INTO obec  VALUES( 502286, 402, 'Horne Turovce');
INSERT INTO populacia  VALUES( 2012, 502286, 293, 309 );
INSERT INTO obec  VALUES( 502294, 402, 'Horny Pial');
INSERT INTO populacia  VALUES( 2012, 502294, 132, 143 );
INSERT INTO obec  VALUES( 502324, 402, 'Hronovce');
INSERT INTO populacia  VALUES( 2012, 502324, 731, 723 );
INSERT INTO obec  VALUES( 502332, 402, 'Hronske Klacany');
INSERT INTO populacia  VALUES( 2012, 502332, 701, 737 );
INSERT INTO obec  VALUES( 502341, 402, 'Hronske Kosihy');
INSERT INTO populacia  VALUES( 2012, 502341, 322, 346 );
INSERT INTO obec  VALUES( 502359, 402, 'Ina');
INSERT INTO populacia  VALUES( 2012, 502359, 105, 98 );
INSERT INTO obec  VALUES( 502367, 402, 'Ipelske Ulany');
INSERT INTO populacia  VALUES( 2012, 502367, 138, 154 );
INSERT INTO obec  VALUES( 502375, 402, 'Ipelsky Sokolec');
INSERT INTO populacia  VALUES( 2012, 502375, 412, 433 );
INSERT INTO obec  VALUES( 502383, 402, 'Jablonovce');
INSERT INTO populacia  VALUES( 2012, 502383, 100, 105 );
INSERT INTO obec  VALUES( 502391, 402, 'Jur nad Hronom');
INSERT INTO populacia  VALUES( 2012, 502391, 451, 476 );
INSERT INTO obec  VALUES( 502413, 402, 'Kalna nad Hronom');
INSERT INTO populacia  VALUES( 2012, 502413, 982, 1052 );
INSERT INTO obec  VALUES( 502421, 402, 'Kozarovce');
INSERT INTO populacia  VALUES( 2012, 502421, 973, 1028 );
INSERT INTO obec  VALUES( 502430, 402, 'Krskany');
INSERT INTO populacia  VALUES( 2012, 502430, 429, 353 );
INSERT INTO obec  VALUES( 502448, 402, 'Kubanovo');
INSERT INTO populacia  VALUES( 2012, 502448, 138, 146 );
INSERT INTO obec  VALUES( 502456, 402, 'Kukucinov');
INSERT INTO populacia  VALUES( 2012, 502456, 295, 319 );
INSERT INTO obec  VALUES( 502464, 402, 'Kuralany');
INSERT INTO populacia  VALUES( 2012, 502464, 259, 273 );
INSERT INTO obec  VALUES( 502472, 402, 'Ket');
INSERT INTO populacia  VALUES( 2012, 502472, 290, 367 );
INSERT INTO obec  VALUES( 502481, 402, 'Lok');
INSERT INTO populacia  VALUES( 2012, 502481, 481, 513 );
INSERT INTO obec  VALUES( 502499, 402, 'Lontov');
INSERT INTO populacia  VALUES( 2012, 502499, 363, 328 );
INSERT INTO obec  VALUES( 502502, 402, 'Lula');
INSERT INTO populacia  VALUES( 2012, 502502, 84, 96 );
INSERT INTO obec  VALUES( 502511, 402, 'Malas');
INSERT INTO populacia  VALUES( 2012, 502511, 237, 248 );
INSERT INTO obec  VALUES( 502537, 402, 'Male Ludince');
INSERT INTO populacia  VALUES( 2012, 502537, 85, 95 );
INSERT INTO obec  VALUES( 502570, 402, 'Mytne Ludany');
INSERT INTO populacia  VALUES( 2012, 502570, 489, 496 );
INSERT INTO obec  VALUES( 502588, 402, 'Nova Dedina');
INSERT INTO populacia  VALUES( 2012, 502588, 730, 811 );
INSERT INTO obec  VALUES( 502596, 402, 'Novy Tekov');
INSERT INTO populacia  VALUES( 2012, 502596, 411, 419 );
INSERT INTO obec  VALUES( 502600, 402, 'Nyrovce');
INSERT INTO populacia  VALUES( 2012, 502600, 266, 274 );
INSERT INTO obec  VALUES( 502618, 402, 'Ondrejovce');
INSERT INTO populacia  VALUES( 2012, 502618, 232, 213 );
INSERT INTO obec  VALUES( 502626, 402, 'Pastovce');
INSERT INTO populacia  VALUES( 2012, 502626, 259, 258 );
INSERT INTO obec  VALUES( 502634, 402, 'Pecenice');
INSERT INTO populacia  VALUES( 2012, 502634, 60, 58 );
INSERT INTO obec  VALUES( 502642, 402, 'Plastovce');
INSERT INTO populacia  VALUES( 2012, 502642, 759, 870 );
INSERT INTO obec  VALUES( 502651, 402, 'Plave Vozokany');
INSERT INTO populacia  VALUES( 2012, 502651, 427, 425 );
INSERT INTO obec  VALUES( 502669, 402, 'Podluzany');
INSERT INTO populacia  VALUES( 2012, 502669, 388, 387 );
INSERT INTO obec  VALUES( 502677, 402, 'Pohronsky Ruskov');
INSERT INTO populacia  VALUES( 2012, 502677, 645, 671 );
INSERT INTO obec  VALUES( 502693, 402, 'Pukanec');
INSERT INTO populacia  VALUES( 2012, 502693, 949, 1006 );
INSERT INTO obec  VALUES( 502707, 402, 'Rybnik');
INSERT INTO populacia  VALUES( 2012, 502707, 676, 733 );
INSERT INTO obec  VALUES( 502715, 402, 'Santovka');
INSERT INTO populacia  VALUES( 2012, 502715, 354, 394 );
INSERT INTO obec  VALUES( 502723, 402, 'Sazdice');
INSERT INTO populacia  VALUES( 2012, 502723, 246, 257 );
INSERT INTO obec  VALUES( 502731, 402, 'Sikenica');
INSERT INTO populacia  VALUES( 2012, 502731, 316, 324 );
INSERT INTO obec  VALUES( 502740, 402, 'Slatina');
INSERT INTO populacia  VALUES( 2012, 502740, 171, 175 );
INSERT INTO obec  VALUES( 502758, 402, 'Stary Hradok');
INSERT INTO populacia  VALUES( 2012, 502758, 87, 101 );
INSERT INTO obec  VALUES( 502766, 402, 'Stary Tekov');
INSERT INTO populacia  VALUES( 2012, 502766, 709, 713 );
INSERT INTO obec  VALUES( 502782, 402, 'Sahy');
INSERT INTO populacia  VALUES( 2012, 502782, 3595, 3996 );
INSERT INTO obec  VALUES( 502791, 402, 'Salov');
INSERT INTO populacia  VALUES( 2012, 502791, 187, 192 );
INSERT INTO obec  VALUES( 502804, 402, 'Sarovce');
INSERT INTO populacia  VALUES( 2012, 502804, 814, 828 );
INSERT INTO obec  VALUES( 502812, 402, 'Tehla');
INSERT INTO populacia  VALUES( 2012, 502812, 263, 261 );
INSERT INTO obec  VALUES( 502821, 402, 'Tekovske Luzany');
INSERT INTO populacia  VALUES( 2012, 502821, 1425, 1456 );
INSERT INTO obec  VALUES( 502847, 402, 'Tekovsky Hradok');
INSERT INTO populacia  VALUES( 2012, 502847, 163, 183 );
INSERT INTO obec  VALUES( 502863, 402, 'Tlmace');
INSERT INTO populacia  VALUES( 2012, 502863, 1840, 1945 );
INSERT INTO obec  VALUES( 502871, 402, 'Tupa');
INSERT INTO populacia  VALUES( 2012, 502871, 287, 300 );
INSERT INTO obec  VALUES( 502880, 402, 'Tura');
INSERT INTO populacia  VALUES( 2012, 502880, 111, 111 );
INSERT INTO obec  VALUES( 502898, 402, 'Uhliska');
INSERT INTO populacia  VALUES( 2012, 502898, 103, 90 );
INSERT INTO obec  VALUES( 502910, 402, 'Velke Ludince');
INSERT INTO populacia  VALUES( 2012, 502910, 744, 795 );
INSERT INTO obec  VALUES( 502928, 402, 'Velke Turovce');
INSERT INTO populacia  VALUES( 2012, 502928, 379, 374 );
INSERT INTO obec  VALUES( 502936, 402, 'Velky Dur');
INSERT INTO populacia  VALUES( 2012, 502936, 579, 665 );
INSERT INTO obec  VALUES( 502944, 402, 'Vyskovce nad Iplom');
INSERT INTO populacia  VALUES( 2012, 502944, 345, 325 );
INSERT INTO obec  VALUES( 502952, 402, 'Vysne nad Hronom');
INSERT INTO populacia  VALUES( 2012, 502952, 84, 106 );
INSERT INTO obec  VALUES( 502961, 402, 'Zalaba');
INSERT INTO populacia  VALUES( 2012, 502961, 107, 79 );
INSERT INTO obec  VALUES( 502979, 402, 'Zbrojniky');
INSERT INTO populacia  VALUES( 2012, 502979, 240, 256 );
INSERT INTO obec  VALUES( 502987, 402, 'Zeliezovce');
INSERT INTO populacia  VALUES( 2012, 502987, 3405, 3741 );
INSERT INTO obec  VALUES( 502995, 402, 'Zemberovce');
INSERT INTO populacia  VALUES( 2012, 502995, 621, 655 );
INSERT INTO obec  VALUES( 503002, 402, 'Zemliare');
INSERT INTO populacia  VALUES( 2012, 503002, 76, 88 );
INSERT INTO obec  VALUES( 545350, 402, 'Hontianske Trstany');
INSERT INTO populacia  VALUES( 2012, 545350, 154, 170 );
INSERT INTO obec  VALUES( 555843, 402, 'Cata');
INSERT INTO populacia  VALUES( 2012, 555843, 503, 544 );
INSERT INTO obec  VALUES( 556777, 402, 'Jesenske');
INSERT INTO populacia  VALUES( 2012, 556777, 22, 22 );
INSERT INTO obec  VALUES( 580937, 402, 'Bohunice');
INSERT INTO populacia  VALUES( 2012, 580937, 62, 73 );
INSERT INTO obec  VALUES( 581135, 402, 'Male Kozmalovce');
INSERT INTO populacia  VALUES( 2012, 581135, 176, 205 );
INSERT INTO obec  VALUES( 581160, 402, 'Velke Kozmalovce');
INSERT INTO populacia  VALUES( 2012, 581160, 342, 368 );
INSERT INTO obec  VALUES( 581895, 402, 'Hrkovce');
INSERT INTO populacia  VALUES( 2012, 581895, 140, 156 );
INSERT INTO obec  VALUES( 500011, 403, 'Nitra');
INSERT INTO populacia  VALUES( 2012, 500011, 37542, 41065 );
INSERT INTO obec  VALUES( 500020, 403, 'Aleksince');
INSERT INTO populacia  VALUES( 2012, 500020, 801, 858 );
INSERT INTO obec  VALUES( 500046, 403, 'Bab');
INSERT INTO populacia  VALUES( 2012, 500046, 525, 524 );
INSERT INTO obec  VALUES( 500071, 403, 'Branc');
INSERT INTO populacia  VALUES( 2012, 500071, 1076, 1120 );
INSERT INTO obec  VALUES( 500101, 403, 'Cakajovce');
INSERT INTO populacia  VALUES( 2012, 500101, 552, 565 );
INSERT INTO obec  VALUES( 500135, 403, 'Celadice');
INSERT INTO populacia  VALUES( 2012, 500135, 459, 475 );
INSERT INTO obec  VALUES( 500160, 403, 'Cifare');
INSERT INTO populacia  VALUES( 2012, 500160, 315, 311 );
INSERT INTO obec  VALUES( 500194, 403, 'Dolne Obdokovce');
INSERT INTO populacia  VALUES( 2012, 500194, 584, 610 );
INSERT INTO obec  VALUES( 500232, 403, 'Golianovo');
INSERT INTO populacia  VALUES( 2012, 500232, 706, 740 );
INSERT INTO obec  VALUES( 500313, 403, 'Hrubonovo');
INSERT INTO populacia  VALUES( 2012, 500313, 238, 270 );
INSERT INTO obec  VALUES( 500356, 403, 'Jarok');
INSERT INTO populacia  VALUES( 2012, 500356, 931, 983 );
INSERT INTO obec  VALUES( 500372, 403, 'Jelenec');
INSERT INTO populacia  VALUES( 2012, 500372, 1020, 1034 );
INSERT INTO obec  VALUES( 500381, 403, 'Jelsovce');
INSERT INTO populacia  VALUES( 2012, 500381, 493, 501 );
INSERT INTO obec  VALUES( 500399, 403, 'Kapince');
INSERT INTO populacia  VALUES( 2012, 500399, 103, 94 );
INSERT INTO obec  VALUES( 500402, 403, 'Klasov');
INSERT INTO populacia  VALUES( 2012, 500402, 643, 625 );
INSERT INTO obec  VALUES( 500411, 403, 'Kolinany');
INSERT INTO populacia  VALUES( 2012, 500411, 766, 823 );
INSERT INTO obec  VALUES( 500453, 403, 'Lehota');
INSERT INTO populacia  VALUES( 2012, 500453, 1089, 1094 );
INSERT INTO obec  VALUES( 500470, 403, 'Lucnica nad Zitavou');
INSERT INTO populacia  VALUES( 2012, 500470, 431, 458 );
INSERT INTO obec  VALUES( 500488, 403, 'Lukacovce');
INSERT INTO populacia  VALUES( 2012, 500488, 547, 574 );
INSERT INTO obec  VALUES( 500518, 403, 'Velke Chyndice');
INSERT INTO populacia  VALUES( 2012, 500518, 155, 162 );
INSERT INTO obec  VALUES( 500534, 403, 'Male Zaluzie');
INSERT INTO populacia  VALUES( 2012, 500534, 134, 147 );
INSERT INTO obec  VALUES( 500569, 403, 'Melek');
INSERT INTO populacia  VALUES( 2012, 500569, 221, 230 );
INSERT INTO obec  VALUES( 500577, 403, 'Mojmirovce');
INSERT INTO populacia  VALUES( 2012, 500577, 1413, 1458 );
INSERT INTO obec  VALUES( 500631, 403, 'Nova Ves nad Zitavou');
INSERT INTO populacia  VALUES( 2012, 500631, 642, 683 );
INSERT INTO obec  VALUES( 500640, 403, 'Nove Sady');
INSERT INTO populacia  VALUES( 2012, 500640, 625, 657 );
INSERT INTO obec  VALUES( 500666, 403, 'Pana');
INSERT INTO populacia  VALUES( 2012, 500666, 165, 191 );
INSERT INTO obec  VALUES( 500674, 403, 'Podhorany');
INSERT INTO populacia  VALUES( 2012, 500674, 549, 539 );
INSERT INTO obec  VALUES( 500682, 403, 'Pohranice');
INSERT INTO populacia  VALUES( 2012, 500682, 519, 550 );
INSERT INTO obec  VALUES( 500691, 403, 'Polny Kesov');
INSERT INTO populacia  VALUES( 2012, 500691, 303, 322 );
INSERT INTO obec  VALUES( 500704, 403, 'Risnovce');
INSERT INTO populacia  VALUES( 2012, 500704, 999, 1083 );
INSERT INTO obec  VALUES( 500712, 403, 'Rumanova');
INSERT INTO populacia  VALUES( 2012, 500712, 397, 425 );
INSERT INTO obec  VALUES( 500780, 403, 'Surianky');
INSERT INTO populacia  VALUES( 2012, 500780, 290, 313 );
INSERT INTO obec  VALUES( 500798, 403, 'Tajna');
INSERT INTO populacia  VALUES( 2012, 500798, 127, 141 );
INSERT INTO obec  VALUES( 500844, 403, 'Velka Dolina');
INSERT INTO populacia  VALUES( 2012, 500844, 341, 315 );
INSERT INTO obec  VALUES( 500887, 403, 'Velke Zaluzie');
INSERT INTO populacia  VALUES( 2012, 500887, 1971, 2119 );
INSERT INTO obec  VALUES( 500895, 403, 'Velky Cetin');
INSERT INTO populacia  VALUES( 2012, 500895, 756, 834 );
INSERT INTO obec  VALUES( 500917, 403, 'Vinodol');
INSERT INTO populacia  VALUES( 2012, 500917, 954, 993 );
INSERT INTO obec  VALUES( 500933, 403, 'Vrable');
INSERT INTO populacia  VALUES( 2012, 500933, 4324, 4617 );
INSERT INTO obec  VALUES( 500941, 403, 'Vycapy - Opatovce');
INSERT INTO populacia  VALUES( 2012, 500941, 1053, 1086 );
INSERT INTO obec  VALUES( 500950, 403, 'Zbehy');
INSERT INTO populacia  VALUES( 2012, 500950, 1095, 1172 );
INSERT INTO obec  VALUES( 500992, 403, 'Zirany');
INSERT INTO populacia  VALUES( 2012, 500992, 656, 716 );
INSERT INTO obec  VALUES( 501018, 403, 'Zitavce');
INSERT INTO populacia  VALUES( 2012, 501018, 193, 184 );
INSERT INTO obec  VALUES( 545589, 403, 'Cabaj - Capor');
INSERT INTO populacia  VALUES( 2012, 545589, 1930, 2020 );
INSERT INTO obec  VALUES( 545635, 403, 'Horne Lefantovce');
INSERT INTO populacia  VALUES( 2012, 545635, 429, 490 );
INSERT INTO obec  VALUES( 555851, 403, 'Maly Lapas');
INSERT INTO populacia  VALUES( 2012, 555851, 297, 325 );
INSERT INTO obec  VALUES( 555860, 403, 'Velky Lapas');
INSERT INTO populacia  VALUES( 2012, 555860, 551, 566 );
INSERT INTO obec  VALUES( 555886, 403, 'Cechynce');
INSERT INTO populacia  VALUES( 2012, 555886, 519, 555 );
INSERT INTO obec  VALUES( 555908, 403, 'Maly Cetin');
INSERT INTO populacia  VALUES( 2012, 555908, 191, 199 );
INSERT INTO obec  VALUES( 555959, 403, 'Hostova');
INSERT INTO populacia  VALUES( 2012, 555959, 188, 180 );
INSERT INTO obec  VALUES( 555967, 403, 'Telince');
INSERT INTO populacia  VALUES( 2012, 555967, 191, 203 );
INSERT INTO obec  VALUES( 555991, 403, 'Svatoplukovo');
INSERT INTO populacia  VALUES( 2012, 555991, 633, 691 );
INSERT INTO obec  VALUES( 556696, 403, 'Nitrianske Hrnciarovce');
INSERT INTO populacia  VALUES( 2012, 556696, 939, 1012 );
INSERT INTO obec  VALUES( 556785, 403, 'Male Chyndice');
INSERT INTO populacia  VALUES( 2012, 556785, 198, 183 );
INSERT INTO obec  VALUES( 558320, 403, 'Ivanka pri Nitre');
INSERT INTO populacia  VALUES( 2012, 558320, 1156, 1285 );
INSERT INTO obec  VALUES( 580899, 403, 'Luzianky');
INSERT INTO populacia  VALUES( 2012, 580899, 1373, 1440 );
INSERT INTO obec  VALUES( 581097, 403, 'Ludovitova');
INSERT INTO populacia  VALUES( 2012, 581097, 107, 145 );
INSERT INTO obec  VALUES( 581623, 403, 'Babindol');
INSERT INTO populacia  VALUES( 2012, 581623, 367, 332 );
INSERT INTO obec  VALUES( 581691, 403, 'Stefanovicova');
INSERT INTO populacia  VALUES( 2012, 581691, 157, 156 );
INSERT INTO obec  VALUES( 582387, 403, 'Cab');
INSERT INTO populacia  VALUES( 2012, 582387, 376, 405 );
INSERT INTO obec  VALUES( 582425, 403, 'Dolne Lefantovce');
INSERT INTO populacia  VALUES( 2012, 582425, 269, 258 );
INSERT INTO obec  VALUES( 582697, 403, 'Badice');
INSERT INTO populacia  VALUES( 2012, 582697, 169, 158 );
INSERT INTO obec  VALUES( 582719, 403, 'Stitare');
INSERT INTO populacia  VALUES( 2012, 582719, 377, 377 );
INSERT INTO obec  VALUES( 503011, 404, 'Nove Zamky');
INSERT INTO populacia  VALUES( 2012, 503011, 18699, 20674 );
INSERT INTO obec  VALUES( 503029, 404, 'Andovce');
INSERT INTO populacia  VALUES( 2012, 503029, 677, 709 );
INSERT INTO obec  VALUES( 503037, 404, 'Bajtava');
INSERT INTO populacia  VALUES( 2012, 503037, 206, 204 );
INSERT INTO obec  VALUES( 503045, 404, 'Banov');
INSERT INTO populacia  VALUES( 2012, 503045, 1822, 1879 );
INSERT INTO obec  VALUES( 503053, 404, 'Bardonovo');
INSERT INTO populacia  VALUES( 2012, 503053, 424, 337 );
INSERT INTO obec  VALUES( 503061, 404, 'Bela');
INSERT INTO populacia  VALUES( 2012, 503061, 171, 191 );
INSERT INTO obec  VALUES( 503070, 404, 'Besenov');
INSERT INTO populacia  VALUES( 2012, 503070, 804, 861 );
INSERT INTO obec  VALUES( 503088, 404, 'Bina');
INSERT INTO populacia  VALUES( 2012, 503088, 706, 780 );
INSERT INTO obec  VALUES( 503096, 404, 'Branovo');
INSERT INTO populacia  VALUES( 2012, 503096, 293, 299 );
INSERT INTO obec  VALUES( 503100, 404, 'Bruty');
INSERT INTO populacia  VALUES( 2012, 503100, 305, 316 );
INSERT INTO obec  VALUES( 503118, 404, 'Cechy');
INSERT INTO populacia  VALUES( 2012, 503118, 142, 172 );
INSERT INTO obec  VALUES( 503126, 404, 'Cernik');
INSERT INTO populacia  VALUES( 2012, 503126, 496, 521 );
INSERT INTO obec  VALUES( 503134, 404, 'Dedinka');
INSERT INTO populacia  VALUES( 2012, 503134, 366, 391 );
INSERT INTO obec  VALUES( 503151, 404, 'Dolny Ohaj');
INSERT INTO populacia  VALUES( 2012, 503151, 783, 812 );
INSERT INTO obec  VALUES( 503169, 404, 'Dubnik');
INSERT INTO populacia  VALUES( 2012, 503169, 832, 861 );
INSERT INTO obec  VALUES( 503177, 404, 'Dvory nad Zitavou');
INSERT INTO populacia  VALUES( 2012, 503177, 2547, 2622 );
INSERT INTO obec  VALUES( 503185, 404, 'Gbelce');
INSERT INTO populacia  VALUES( 2012, 503185, 1083, 1154 );
INSERT INTO obec  VALUES( 503193, 404, 'Hul');
INSERT INTO populacia  VALUES( 2012, 503193, 584, 639 );
INSERT INTO obec  VALUES( 503207, 404, 'Chlaba');
INSERT INTO populacia  VALUES( 2012, 503207, 349, 350 );
INSERT INTO obec  VALUES( 503215, 404, 'Jasova');
INSERT INTO populacia  VALUES( 2012, 503215, 560, 636 );
INSERT INTO obec  VALUES( 503223, 404, 'Jatov');
INSERT INTO populacia  VALUES( 2012, 503223, 387, 393 );
INSERT INTO obec  VALUES( 503231, 404, 'Kamenica nad Hronom');
INSERT INTO populacia  VALUES( 2012, 503231, 618, 767 );
INSERT INTO obec  VALUES( 503240, 404, 'Kamenin');
INSERT INTO populacia  VALUES( 2012, 503240, 726, 774 );
INSERT INTO obec  VALUES( 503258, 404, 'Kamenny Most');
INSERT INTO populacia  VALUES( 2012, 503258, 505, 541 );
INSERT INTO obec  VALUES( 503266, 404, 'Kmetovo');
INSERT INTO populacia  VALUES( 2012, 503266, 452, 443 );
INSERT INTO obec  VALUES( 503274, 404, 'Kolta');
INSERT INTO populacia  VALUES( 2012, 503274, 703, 676 );
INSERT INTO obec  VALUES( 503282, 404, 'Komjatice');
INSERT INTO populacia  VALUES( 2012, 503282, 2087, 2198 );
INSERT INTO obec  VALUES( 503291, 404, 'Komoca');
INSERT INTO populacia  VALUES( 2012, 503291, 433, 489 );
INSERT INTO obec  VALUES( 503312, 404, 'Lela');
INSERT INTO populacia  VALUES( 2012, 503312, 169, 183 );
INSERT INTO obec  VALUES( 503321, 404, 'Lipova');
INSERT INTO populacia  VALUES( 2012, 503321, 806, 757 );
INSERT INTO obec  VALUES( 503339, 404, 'Luba');
INSERT INTO populacia  VALUES( 2012, 503339, 226, 230 );
INSERT INTO obec  VALUES( 503347, 404, 'Mala nad Hronom');
INSERT INTO populacia  VALUES( 2012, 503347, 180, 207 );
INSERT INTO obec  VALUES( 503355, 404, 'Male Kosihy');
INSERT INTO populacia  VALUES( 2012, 503355, 202, 186 );
INSERT INTO obec  VALUES( 503363, 404, 'Mana');
INSERT INTO populacia  VALUES( 2012, 503363, 927, 1157 );
INSERT INTO obec  VALUES( 503371, 404, 'Michal nad Zitavou');
INSERT INTO populacia  VALUES( 2012, 503371, 321, 346 );
INSERT INTO obec  VALUES( 503380, 404, 'Velky Kyr');
INSERT INTO populacia  VALUES( 2012, 503380, 1520, 1522 );
INSERT INTO obec  VALUES( 503398, 404, 'Mojzesovo');
INSERT INTO populacia  VALUES( 2012, 503398, 657, 677 );
INSERT INTO obec  VALUES( 503401, 404, 'Muzla');
INSERT INTO populacia  VALUES( 2012, 503401, 947, 976 );
INSERT INTO obec  VALUES( 503436, 404, 'Nova Vieska');
INSERT INTO populacia  VALUES( 2012, 503436, 356, 373 );
INSERT INTO obec  VALUES( 503452, 404, 'Palarikovo');
INSERT INTO populacia  VALUES( 2012, 503452, 2155, 2187 );
INSERT INTO obec  VALUES( 503479, 404, 'Podhajska');
INSERT INTO populacia  VALUES( 2012, 503479, 512, 544 );
INSERT INTO obec  VALUES( 503487, 404, 'Pozba');
INSERT INTO populacia  VALUES( 2012, 503487, 238, 249 );
INSERT INTO obec  VALUES( 503495, 404, 'Radava');
INSERT INTO populacia  VALUES( 2012, 503495, 390, 396 );
INSERT INTO obec  VALUES( 503509, 404, 'Rastislavice');
INSERT INTO populacia  VALUES( 2012, 503509, 436, 453 );
INSERT INTO obec  VALUES( 503517, 404, 'Ruban');
INSERT INTO populacia  VALUES( 2012, 503517, 462, 492 );
INSERT INTO obec  VALUES( 503525, 404, 'Salka');
INSERT INTO populacia  VALUES( 2012, 503525, 508, 531 );
INSERT INTO obec  VALUES( 503533, 404, 'Semerovo');
INSERT INTO populacia  VALUES( 2012, 503533, 698, 740 );
INSERT INTO obec  VALUES( 503541, 404, 'Sikenicka');
INSERT INTO populacia  VALUES( 2012, 503541, 207, 240 );
INSERT INTO obec  VALUES( 503550, 404, 'Strekov');
INSERT INTO populacia  VALUES( 2012, 503550, 977, 1073 );
INSERT INTO obec  VALUES( 503568, 404, 'Svodin');
INSERT INTO populacia  VALUES( 2012, 503568, 1216, 1322 );
INSERT INTO obec  VALUES( 503576, 404, 'Sarkan');
INSERT INTO populacia  VALUES( 2012, 503576, 168, 200 );
INSERT INTO obec  VALUES( 503584, 404, 'Sturovo');
INSERT INTO populacia  VALUES( 2012, 503584, 5228, 5527 );
INSERT INTO obec  VALUES( 503592, 404, 'Surany');
INSERT INTO populacia  VALUES( 2012, 503592, 4905, 5210 );
INSERT INTO obec  VALUES( 503606, 404, 'Travnica');
INSERT INTO populacia  VALUES( 2012, 503606, 536, 571 );
INSERT INTO obec  VALUES( 503614, 404, 'Tvrdosovce');
INSERT INTO populacia  VALUES( 2012, 503614, 2557, 2654 );
INSERT INTO obec  VALUES( 503631, 404, 'Velke Lovce');
INSERT INTO populacia  VALUES( 2012, 503631, 957, 990 );
INSERT INTO obec  VALUES( 503649, 404, 'Zemne');
INSERT INTO populacia  VALUES( 2012, 503649, 1131, 1141 );
INSERT INTO obec  VALUES( 556025, 404, 'Vlkas');
INSERT INTO populacia  VALUES( 2012, 556025, 167, 172 );
INSERT INTO obec  VALUES( 556033, 404, 'Pavlova');
INSERT INTO populacia  VALUES( 2012, 556033, 112, 127 );
INSERT INTO obec  VALUES( 556050, 404, 'Ulany nad Zitavou');
INSERT INTO populacia  VALUES( 2012, 556050, 751, 792 );
INSERT INTO obec  VALUES( 556092, 404, 'Nana');
INSERT INTO populacia  VALUES( 2012, 556092, 566, 612 );
INSERT INTO obec  VALUES( 582361, 404, 'Obid');
INSERT INTO populacia  VALUES( 2012, 582361, 577, 585 );
INSERT INTO obec  VALUES( 500241, 405, 'Hajske');
INSERT INTO populacia  VALUES( 2012, 500241, 612, 704 );
INSERT INTO obec  VALUES( 500739, 405, 'Mocenok');
INSERT INTO populacia  VALUES( 2012, 500739, 2142, 2169 );
INSERT INTO obec  VALUES( 503711, 405, 'Diakovce');
INSERT INTO populacia  VALUES( 2012, 503711, 1092, 1132 );
INSERT INTO obec  VALUES( 503720, 405, 'Dlha nad Vahom');
INSERT INTO populacia  VALUES( 2012, 503720, 427, 443 );
INSERT INTO obec  VALUES( 503886, 405, 'Kralova nad Vahom');
INSERT INTO populacia  VALUES( 2012, 503886, 810, 880 );
INSERT INTO obec  VALUES( 503932, 405, 'Neded');
INSERT INTO populacia  VALUES( 2012, 503932, 1619, 1665 );
INSERT INTO obec  VALUES( 503991, 405, 'Selice');
INSERT INTO populacia  VALUES( 2012, 503991, 1412, 1451 );
INSERT INTO obec  VALUES( 504025, 405, 'Sala');
INSERT INTO populacia  VALUES( 2012, 504025, 11309, 11959 );
INSERT INTO obec  VALUES( 504068, 405, 'Tesedikovo');
INSERT INTO populacia  VALUES( 2012, 504068, 1821, 1926 );
INSERT INTO obec  VALUES( 504092, 405, 'Trnovec nad Vahom');
INSERT INTO populacia  VALUES( 2012, 504092, 1323, 1331 );
INSERT INTO obec  VALUES( 504165, 405, 'Vlcany');
INSERT INTO populacia  VALUES( 2012, 504165, 1597, 1712 );
INSERT INTO obec  VALUES( 504190, 405, 'Ziharec');
INSERT INTO populacia  VALUES( 2012, 504190, 801, 866 );
INSERT INTO obec  VALUES( 555878, 405, 'Horna Kralova');
INSERT INTO populacia  VALUES( 2012, 555878, 955, 943 );
INSERT INTO obec  VALUES( 504998, 406, 'Topolcany');
INSERT INTO populacia  VALUES( 2012, 504998, 12972, 13944 );
INSERT INTO obec  VALUES( 505021, 406, 'Lipovnik');
INSERT INTO populacia  VALUES( 2012, 505021, 147, 172 );
INSERT INTO obec  VALUES( 505048, 406, 'Ludanice');
INSERT INTO populacia  VALUES( 2012, 505048, 933, 920 );
INSERT INTO obec  VALUES( 505064, 406, 'Luzany');
INSERT INTO populacia  VALUES( 2012, 505064, 105, 96 );
INSERT INTO obec  VALUES( 505137, 406, 'Male Ripnany');
INSERT INTO populacia  VALUES( 2012, 505137, 276, 287 );
INSERT INTO obec  VALUES( 505226, 406, 'Nemecky');
INSERT INTO populacia  VALUES( 2012, 505226, 148, 165 );
INSERT INTO obec  VALUES( 505234, 406, 'Nitrianska Blatnica');
INSERT INTO populacia  VALUES( 2012, 505234, 598, 599 );
INSERT INTO obec  VALUES( 505242, 406, 'Nitrianska Streda');
INSERT INTO populacia  VALUES( 2012, 505242, 372, 397 );
INSERT INTO obec  VALUES( 505251, 406, 'Norovce');
INSERT INTO populacia  VALUES( 2012, 505251, 165, 149 );
INSERT INTO obec  VALUES( 505285, 406, 'Oponice');
INSERT INTO populacia  VALUES( 2012, 505285, 430, 428 );
INSERT INTO obec  VALUES( 505340, 406, 'Podhradie');
INSERT INTO populacia  VALUES( 2012, 505340, 144, 160 );
INSERT INTO obec  VALUES( 505374, 406, 'Prasice');
INSERT INTO populacia  VALUES( 2012, 505374, 1010, 1005 );
INSERT INTO obec  VALUES( 505404, 406, 'Preselany');
INSERT INTO populacia  VALUES( 2012, 505404, 742, 717 );
INSERT INTO obec  VALUES( 505421, 406, 'Radosina');
INSERT INTO populacia  VALUES( 2012, 505421, 992, 1015 );
INSERT INTO obec  VALUES( 505439, 406, 'Rajcany');
INSERT INTO populacia  VALUES( 2012, 505439, 271, 282 );
INSERT INTO obec  VALUES( 505498, 406, 'Solcany');
INSERT INTO populacia  VALUES( 2012, 505498, 1251, 1232 );
INSERT INTO obec  VALUES( 505510, 406, 'Sulovce');
INSERT INTO populacia  VALUES( 2012, 505510, 224, 253 );
INSERT INTO obec  VALUES( 505536, 406, 'Salgovce');
INSERT INTO populacia  VALUES( 2012, 505536, 250, 253 );
INSERT INTO obec  VALUES( 505561, 406, 'Tesare');
INSERT INTO populacia  VALUES( 2012, 505561, 371, 360 );
INSERT INTO obec  VALUES( 505617, 406, 'Tvrdomestice');
INSERT INTO populacia  VALUES( 2012, 505617, 242, 234 );
INSERT INTO obec  VALUES( 505641, 406, 'Urmince');
INSERT INTO populacia  VALUES( 2012, 505641, 661, 748 );
INSERT INTO obec  VALUES( 505676, 406, 'Velke Dvorany');
INSERT INTO populacia  VALUES( 2012, 505676, 358, 331 );
INSERT INTO obec  VALUES( 505714, 406, 'Velke Ripnany');
INSERT INTO populacia  VALUES( 2012, 505714, 1035, 1080 );
INSERT INTO obec  VALUES( 505749, 406, 'Velusovce');
INSERT INTO populacia  VALUES( 2012, 505749, 251, 255 );
INSERT INTO obec  VALUES( 505757, 406, 'Vozokany');
INSERT INTO populacia  VALUES( 2012, 505757, 162, 166 );
INSERT INTO obec  VALUES( 505773, 406, 'Zavada');
INSERT INTO populacia  VALUES( 2012, 505773, 304, 289 );
INSERT INTO obec  VALUES( 542661, 406, 'Belince');
INSERT INTO populacia  VALUES( 2012, 542661, 151, 169 );
INSERT INTO obec  VALUES( 542695, 406, 'Biskupova');
INSERT INTO populacia  VALUES( 2012, 542695, 114, 105 );
INSERT INTO obec  VALUES( 542709, 406, 'Blesovce');
INSERT INTO populacia  VALUES( 2012, 542709, 169, 168 );
INSERT INTO obec  VALUES( 542717, 406, 'Bojna');
INSERT INTO populacia  VALUES( 2012, 542717, 1005, 1002 );
INSERT INTO obec  VALUES( 542792, 406, 'Cermany');
INSERT INTO populacia  VALUES( 2012, 542792, 180, 197 );
INSERT INTO obec  VALUES( 542881, 406, 'Hajna Nova Ves');
INSERT INTO populacia  VALUES( 2012, 542881, 148, 192 );
INSERT INTO obec  VALUES( 542938, 406, 'Horne Obdokovce');
INSERT INTO populacia  VALUES( 2012, 542938, 786, 748 );
INSERT INTO obec  VALUES( 542954, 406, 'Horne Stitare');
INSERT INTO populacia  VALUES( 2012, 542954, 229, 266 );
INSERT INTO obec  VALUES( 542971, 406, 'Hrusovany');
INSERT INTO populacia  VALUES( 2012, 542971, 534, 579 );
INSERT INTO obec  VALUES( 543039, 406, 'Kamanova');
INSERT INTO populacia  VALUES( 2012, 543039, 289, 314 );
INSERT INTO obec  VALUES( 543063, 406, 'Koniarovce');
INSERT INTO populacia  VALUES( 2012, 543063, 312, 336 );
INSERT INTO obec  VALUES( 543071, 406, 'Kovarce');
INSERT INTO populacia  VALUES( 2012, 543071, 852, 738 );
INSERT INTO obec  VALUES( 543101, 406, 'Krnca');
INSERT INTO populacia  VALUES( 2012, 543101, 656, 684 );
INSERT INTO obec  VALUES( 543110, 406, 'Krtovce');
INSERT INTO populacia  VALUES( 2012, 543110, 161, 150 );
INSERT INTO obec  VALUES( 556149, 406, 'Krusovce');
INSERT INTO populacia  VALUES( 2012, 556149, 860, 876 );
INSERT INTO obec  VALUES( 556157, 406, 'Jacovce');
INSERT INTO populacia  VALUES( 2012, 556157, 873, 888 );
INSERT INTO obec  VALUES( 556165, 406, 'Chrabrany');
INSERT INTO populacia  VALUES( 2012, 556165, 364, 377 );
INSERT INTO obec  VALUES( 556211, 406, 'Oresany');
INSERT INTO populacia  VALUES( 2012, 556211, 163, 164 );
INSERT INTO obec  VALUES( 556220, 406, 'Ardanovce');
INSERT INTO populacia  VALUES( 2012, 556220, 107, 107 );
INSERT INTO obec  VALUES( 556238, 406, 'Svrbice');
INSERT INTO populacia  VALUES( 2012, 556238, 100, 104 );
INSERT INTO obec  VALUES( 556262, 406, 'Dvorany nad Nitrou');
INSERT INTO populacia  VALUES( 2012, 556262, 391, 370 );
INSERT INTO obec  VALUES( 556297, 406, 'Celadince');
INSERT INTO populacia  VALUES( 2012, 556297, 223, 215 );
INSERT INTO obec  VALUES( 556327, 406, 'Solcianky');
INSERT INTO populacia  VALUES( 2012, 556327, 141, 128 );
INSERT INTO obec  VALUES( 556351, 406, 'Horne Chlebany');
INSERT INTO populacia  VALUES( 2012, 556351, 181, 176 );
INSERT INTO obec  VALUES( 580457, 406, 'Tovarniky');
INSERT INTO populacia  VALUES( 2012, 580457, 697, 743 );
INSERT INTO obec  VALUES( 581305, 406, 'Nemcice');
INSERT INTO populacia  VALUES( 2012, 581305, 469, 499 );
INSERT INTO obec  VALUES( 581658, 406, 'Praznovce');
INSERT INTO populacia  VALUES( 2012, 581658, 478, 488 );
INSERT INTO obec  VALUES( 581704, 406, 'Kuzmice');
INSERT INTO populacia  VALUES( 2012, 581704, 339, 332 );
INSERT INTO obec  VALUES( 500062, 407, 'Beladice');
INSERT INTO populacia  VALUES( 2012, 500062, 788, 809 );
INSERT INTO obec  VALUES( 500127, 407, 'Caradice');
INSERT INTO populacia  VALUES( 2012, 500127, 252, 264 );
INSERT INTO obec  VALUES( 500151, 407, 'Cierne Klacany');
INSERT INTO populacia  VALUES( 2012, 500151, 534, 545 );
INSERT INTO obec  VALUES( 500283, 407, 'Hostie');
INSERT INTO populacia  VALUES( 2012, 500283, 586, 612 );
INSERT INTO obec  VALUES( 500305, 407, 'Hostovce');
INSERT INTO populacia  VALUES( 2012, 500305, 384, 387 );
INSERT INTO obec  VALUES( 500321, 407, 'Choca');
INSERT INTO populacia  VALUES( 2012, 500321, 241, 256 );
INSERT INTO obec  VALUES( 500364, 407, 'Jedlove Kostolany');
INSERT INTO populacia  VALUES( 2012, 500364, 437, 479 );
INSERT INTO obec  VALUES( 500429, 407, 'Kostolany pod Tribecom');
INSERT INTO populacia  VALUES( 2012, 500429, 174, 194 );
INSERT INTO obec  VALUES( 500437, 407, 'Ladice');
INSERT INTO populacia  VALUES( 2012, 500437, 362, 382 );
INSERT INTO obec  VALUES( 500461, 407, 'Lovce');
INSERT INTO populacia  VALUES( 2012, 500461, 340, 338 );
INSERT INTO obec  VALUES( 500500, 407, 'Machulince');
INSERT INTO populacia  VALUES( 2012, 500500, 494, 568 );
INSERT INTO obec  VALUES( 500542, 407, 'Mankovce');
INSERT INTO populacia  VALUES( 2012, 500542, 265, 273 );
INSERT INTO obec  VALUES( 500551, 407, 'Martin nad Zitavou');
INSERT INTO populacia  VALUES( 2012, 500551, 258, 250 );
INSERT INTO obec  VALUES( 500585, 407, 'Nemcinany');
INSERT INTO populacia  VALUES( 2012, 500585, 341, 358 );
INSERT INTO obec  VALUES( 500593, 407, 'Neverice');
INSERT INTO populacia  VALUES( 2012, 500593, 327, 348 );
INSERT INTO obec  VALUES( 500607, 407, 'Nevidzany');
INSERT INTO populacia  VALUES( 2012, 500607, 303, 287 );
INSERT INTO obec  VALUES( 500658, 407, 'Obyce');
INSERT INTO populacia  VALUES( 2012, 500658, 738, 767 );
INSERT INTO obec  VALUES( 500721, 407, 'Skycov');
INSERT INTO populacia  VALUES( 2012, 500721, 492, 531 );
INSERT INTO obec  VALUES( 500747, 407, 'Slazany');
INSERT INTO populacia  VALUES( 2012, 500747, 833, 865 );
INSERT INTO obec  VALUES( 500755, 407, 'Slepcany');
INSERT INTO populacia  VALUES( 2012, 500755, 377, 456 );
INSERT INTO obec  VALUES( 500810, 407, 'Tesarske Mlynany');
INSERT INTO populacia  VALUES( 2012, 500810, 907, 836 );
INSERT INTO obec  VALUES( 500828, 407, 'Topolcianky');
INSERT INTO populacia  VALUES( 2012, 500828, 1349, 1402 );
INSERT INTO obec  VALUES( 500836, 407, 'Velcice');
INSERT INTO populacia  VALUES( 2012, 500836, 375, 443 );
INSERT INTO obec  VALUES( 500909, 407, 'Vieska nad Zitavou');
INSERT INTO populacia  VALUES( 2012, 500909, 234, 231 );
INSERT INTO obec  VALUES( 500925, 407, 'Volkovce');
INSERT INTO populacia  VALUES( 2012, 500925, 499, 512 );
INSERT INTO obec  VALUES( 500968, 407, 'Zlate Moravce');
INSERT INTO populacia  VALUES( 2012, 500968, 5878, 6272 );
INSERT INTO obec  VALUES( 500976, 407, 'Zlatno');
INSERT INTO populacia  VALUES( 2012, 500976, 105, 115 );
INSERT INTO obec  VALUES( 500984, 407, 'Zikava');
INSERT INTO populacia  VALUES( 2012, 500984, 260, 260 );
INSERT INTO obec  VALUES( 517305, 407, 'Tekovske Nemce');
INSERT INTO populacia  VALUES( 2012, 517305, 539, 541 );
INSERT INTO obec  VALUES( 555916, 407, 'Cerveny Hradok');
INSERT INTO populacia  VALUES( 2012, 555916, 198, 219 );
INSERT INTO obec  VALUES( 555924, 407, 'Male Vozokany');
INSERT INTO populacia  VALUES( 2012, 555924, 155, 135 );
INSERT INTO obec  VALUES( 555932, 407, 'Velke Vozokany');
INSERT INTO populacia  VALUES( 2012, 555932, 236, 251 );
INSERT INTO obec  VALUES( 582816, 407, 'Zitavany');
INSERT INTO populacia  VALUES( 2012, 582816, 937, 955 );
INSERT INTO obec  VALUES( 517461, 501, 'Bytca');
INSERT INTO populacia  VALUES( 2012, 517461, 5525, 5759 );
INSERT INTO obec  VALUES( 517623, 501, 'Hvozdnica');
INSERT INTO populacia  VALUES( 2012, 517623, 572, 608 );
INSERT INTO obec  VALUES( 517631, 501, 'Jablonove');
INSERT INTO populacia  VALUES( 2012, 517631, 458, 402 );
INSERT INTO obec  VALUES( 517674, 501, 'Kolarovice');
INSERT INTO populacia  VALUES( 2012, 517674, 952, 870 );
INSERT INTO obec  VALUES( 517691, 501, 'Kotesova');
INSERT INTO populacia  VALUES( 2012, 517691, 952, 969 );
INSERT INTO obec  VALUES( 517798, 501, 'Marsova-Rasov');
INSERT INTO populacia  VALUES( 2012, 517798, 409, 420 );
INSERT INTO obec  VALUES( 517861, 501, 'Petrovice');
INSERT INTO populacia  VALUES( 2012, 517861, 746, 784 );
INSERT INTO obec  VALUES( 517895, 501, 'Predmier');
INSERT INTO populacia  VALUES( 2012, 517895, 675, 705 );
INSERT INTO obec  VALUES( 517992, 501, 'Sulov - Hradna');
INSERT INTO populacia  VALUES( 2012, 517992, 441, 490 );
INSERT INTO obec  VALUES( 518018, 501, 'Stiavnik');
INSERT INTO populacia  VALUES( 2012, 518018, 2002, 2066 );
INSERT INTO obec  VALUES( 518085, 501, 'Velke Rovne');
INSERT INTO populacia  VALUES( 2012, 518085, 1920, 1943 );
INSERT INTO obec  VALUES( 581984, 501, 'Hlboke nad Vahom');
INSERT INTO populacia  VALUES( 2012, 581984, 443, 500 );
INSERT INTO obec  VALUES( 509132, 502, 'Cadca');
INSERT INTO populacia  VALUES( 2012, 509132, 12206, 12585 );
INSERT INTO obec  VALUES( 509159, 502, 'Cierne');
INSERT INTO populacia  VALUES( 2012, 509159, 2223, 2187 );
INSERT INTO obec  VALUES( 509167, 502, 'Dlha nad Kysucou');
INSERT INTO populacia  VALUES( 2012, 509167, 312, 308 );
INSERT INTO obec  VALUES( 509183, 502, 'Dunajov');
INSERT INTO populacia  VALUES( 2012, 509183, 564, 617 );
INSERT INTO obec  VALUES( 509213, 502, 'Klokocov');
INSERT INTO populacia  VALUES( 2012, 509213, 1155, 1180 );
INSERT INTO obec  VALUES( 509221, 502, 'Klubina');
INSERT INTO populacia  VALUES( 2012, 509221, 268, 274 );
INSERT INTO obec  VALUES( 509230, 502, 'Korna');
INSERT INTO populacia  VALUES( 2012, 509230, 1085, 1031 );
INSERT INTO obec  VALUES( 509248, 502, 'Krasno nad Kysucou');
INSERT INTO populacia  VALUES( 2012, 509248, 3424, 3440 );
INSERT INTO obec  VALUES( 509299, 502, 'Makov');
INSERT INTO populacia  VALUES( 2012, 509299, 896, 900 );
INSERT INTO obec  VALUES( 509311, 502, 'Nova Bystrica');
INSERT INTO populacia  VALUES( 2012, 509311, 1451, 1365 );
INSERT INTO obec  VALUES( 509337, 502, 'Olesna');
INSERT INTO populacia  VALUES( 2012, 509337, 1010, 957 );
INSERT INTO obec  VALUES( 509345, 502, 'Oscadnica');
INSERT INTO populacia  VALUES( 2012, 509345, 2792, 2849 );
INSERT INTO obec  VALUES( 509361, 502, 'Podvysoka');
INSERT INTO populacia  VALUES( 2012, 509361, 641, 672 );
INSERT INTO obec  VALUES( 509396, 502, 'Radostka');
INSERT INTO populacia  VALUES( 2012, 509396, 414, 424 );
INSERT INTO obec  VALUES( 509400, 502, 'Rakova');
INSERT INTO populacia  VALUES( 2012, 509400, 2699, 2698 );
INSERT INTO obec  VALUES( 509451, 502, 'Skalite');
INSERT INTO populacia  VALUES( 2012, 509451, 2570, 2694 );
INSERT INTO obec  VALUES( 509477, 502, 'Stara Bystrica');
INSERT INTO populacia  VALUES( 2012, 509477, 1385, 1355 );
INSERT INTO obec  VALUES( 509485, 502, 'Staskov');
INSERT INTO populacia  VALUES( 2012, 509485, 1420, 1341 );
INSERT INTO obec  VALUES( 509493, 502, 'Svrcinovec');
INSERT INTO populacia  VALUES( 2012, 509493, 1826, 1768 );
INSERT INTO obec  VALUES( 509507, 502, 'Turzovka');
INSERT INTO populacia  VALUES( 2012, 509507, 3827, 3906 );
INSERT INTO obec  VALUES( 509515, 502, 'Vysoka nad Kysucou');
INSERT INTO populacia  VALUES( 2012, 509515, 1354, 1403 );
INSERT INTO obec  VALUES( 509523, 502, 'Zakopcie');
INSERT INTO populacia  VALUES( 2012, 509523, 885, 909 );
INSERT INTO obec  VALUES( 509531, 502, 'Zborov nad Bystricou');
INSERT INTO populacia  VALUES( 2012, 509531, 1106, 1145 );
INSERT INTO obec  VALUES( 509540, 503, 'Dolny Kubin');
INSERT INTO populacia  VALUES( 2012, 509540, 9494, 9978 );
INSERT INTO obec  VALUES( 509639, 503, 'Dlha nad Oravou');
INSERT INTO populacia  VALUES( 2012, 509639, 701, 677 );
INSERT INTO obec  VALUES( 509671, 503, 'Horna Lehota');
INSERT INTO populacia  VALUES( 2012, 509671, 260, 285 );
INSERT INTO obec  VALUES( 509698, 503, 'Chlebnice');
INSERT INTO populacia  VALUES( 2012, 509698, 827, 789 );
INSERT INTO obec  VALUES( 509701, 503, 'Istebne');
INSERT INTO populacia  VALUES( 2012, 509701, 657, 696 );
INSERT INTO obec  VALUES( 509710, 503, 'Jasenova');
INSERT INTO populacia  VALUES( 2012, 509710, 214, 190 );
INSERT INTO obec  VALUES( 509744, 503, 'Kralovany');
INSERT INTO populacia  VALUES( 2012, 509744, 220, 223 );
INSERT INTO obec  VALUES( 509761, 503, 'Kriva');
INSERT INTO populacia  VALUES( 2012, 509761, 414, 381 );
INSERT INTO obec  VALUES( 509787, 503, 'Lestiny');
INSERT INTO populacia  VALUES( 2012, 509787, 139, 120 );
INSERT INTO obec  VALUES( 509825, 503, 'Malatina');
INSERT INTO populacia  VALUES( 2012, 509825, 392, 438 );
INSERT INTO obec  VALUES( 509833, 503, 'Medzibrodie nad Oravou');
INSERT INTO populacia  VALUES( 2012, 509833, 256, 232 );
INSERT INTO obec  VALUES( 509922, 503, 'Oravska Poruba');
INSERT INTO populacia  VALUES( 2012, 509922, 512, 519 );
INSERT INTO obec  VALUES( 509957, 503, 'Oravsky Podzamok');
INSERT INTO populacia  VALUES( 2012, 509957, 647, 670 );
INSERT INTO obec  VALUES( 509965, 503, 'Osadka');
INSERT INTO populacia  VALUES( 2012, 509965, 73, 66 );
INSERT INTO obec  VALUES( 509973, 503, 'Parnica');
INSERT INTO populacia  VALUES( 2012, 509973, 399, 426 );
INSERT INTO obec  VALUES( 509990, 503, 'Pokryvac');
INSERT INTO populacia  VALUES( 2012, 509990, 85, 90 );
INSERT INTO obec  VALUES( 510009, 503, 'Pribis');
INSERT INTO populacia  VALUES( 2012, 510009, 231, 220 );
INSERT INTO obec  VALUES( 510017, 503, 'Pucov');
INSERT INTO populacia  VALUES( 2012, 510017, 400, 403 );
INSERT INTO obec  VALUES( 510041, 503, 'Sedliacka Dubova');
INSERT INTO populacia  VALUES( 2012, 510041, 259, 256 );
INSERT INTO obec  VALUES( 510165, 503, 'Velicna');
INSERT INTO populacia  VALUES( 2012, 510165, 543, 546 );
INSERT INTO obec  VALUES( 510181, 503, 'Vysny Kubin');
INSERT INTO populacia  VALUES( 2012, 510181, 337, 333 );
INSERT INTO obec  VALUES( 510211, 503, 'Zazriva');
INSERT INTO populacia  VALUES( 2012, 510211, 1353, 1371 );
INSERT INTO obec  VALUES( 510254, 503, 'Zaskov');
INSERT INTO populacia  VALUES( 2012, 510254, 823, 799 );
INSERT INTO obec  VALUES( 580813, 503, 'Bziny');
INSERT INTO populacia  VALUES( 2012, 580813, 285, 270 );
INSERT INTO obec  VALUES( 509175, 504, 'Dolny Vadicov');
INSERT INTO populacia  VALUES( 2012, 509175, 241, 226 );
INSERT INTO obec  VALUES( 509205, 504, 'Horny Vadicov');
INSERT INTO populacia  VALUES( 2012, 509205, 826, 799 );
INSERT INTO obec  VALUES( 509256, 504, 'Kysucke Nove Mesto');
INSERT INTO populacia  VALUES( 2012, 509256, 7629, 7955 );
INSERT INTO obec  VALUES( 509264, 504, 'Kysucky Lieskovec');
INSERT INTO populacia  VALUES( 2012, 509264, 1166, 1181 );
INSERT INTO obec  VALUES( 509272, 504, 'Lodno');
INSERT INTO populacia  VALUES( 2012, 509272, 505, 493 );
INSERT INTO obec  VALUES( 509281, 504, 'Lopusne Pazite');
INSERT INTO populacia  VALUES( 2012, 509281, 236, 225 );
INSERT INTO obec  VALUES( 509302, 504, 'Neslusa');
INSERT INTO populacia  VALUES( 2012, 509302, 1598, 1569 );
INSERT INTO obec  VALUES( 509329, 504, 'Ochodnica');
INSERT INTO populacia  VALUES( 2012, 509329, 955, 991 );
INSERT INTO obec  VALUES( 509370, 504, 'Povina');
INSERT INTO populacia  VALUES( 2012, 509370, 552, 601 );
INSERT INTO obec  VALUES( 509426, 504, 'Rudina');
INSERT INTO populacia  VALUES( 2012, 509426, 878, 846 );
INSERT INTO obec  VALUES( 509434, 504, 'Rudinka');
INSERT INTO populacia  VALUES( 2012, 509434, 175, 217 );
INSERT INTO obec  VALUES( 509442, 504, 'Rudinska');
INSERT INTO populacia  VALUES( 2012, 509442, 489, 467 );
INSERT INTO obec  VALUES( 509469, 504, 'Sneznica');
INSERT INTO populacia  VALUES( 2012, 509469, 486, 508 );
INSERT INTO obec  VALUES( 580791, 504, 'Radola');
INSERT INTO populacia  VALUES( 2012, 580791, 698, 748 );
INSERT INTO obec  VALUES( 507393, 505, 'Konska');
INSERT INTO populacia  VALUES( 2012, 507393, 112, 101 );
INSERT INTO obec  VALUES( 510262, 505, 'Liptovsky Mikulas');
INSERT INTO populacia  VALUES( 2012, 510262, 15245, 16628 );
INSERT INTO obec  VALUES( 510271, 505, 'Benadikova');
INSERT INTO populacia  VALUES( 2012, 510271, 247, 221 );
INSERT INTO obec  VALUES( 510319, 505, 'Bobrovcek');
INSERT INTO populacia  VALUES( 2012, 510319, 91, 88 );
INSERT INTO obec  VALUES( 510327, 505, 'Bobrovec');
INSERT INTO populacia  VALUES( 2012, 510327, 883, 913 );
INSERT INTO obec  VALUES( 510335, 505, 'Bobrovnik');
INSERT INTO populacia  VALUES( 2012, 510335, 60, 67 );
INSERT INTO obec  VALUES( 510351, 505, 'Bukovina');
INSERT INTO populacia  VALUES( 2012, 510351, 59, 57 );
INSERT INTO obec  VALUES( 510386, 505, 'Demanovska Dolina');
INSERT INTO populacia  VALUES( 2012, 510386, 155, 113 );
INSERT INTO obec  VALUES( 510408, 505, 'Dubrava');
INSERT INTO populacia  VALUES( 2012, 510408, 587, 666 );
INSERT INTO obec  VALUES( 510416, 505, 'Galovany');
INSERT INTO populacia  VALUES( 2012, 510416, 127, 147 );
INSERT INTO obec  VALUES( 510424, 505, 'Gotovany');
INSERT INTO populacia  VALUES( 2012, 510424, 217, 218 );
INSERT INTO obec  VALUES( 510459, 505, 'Huty');
INSERT INTO populacia  VALUES( 2012, 510459, 91, 93 );
INSERT INTO obec  VALUES( 510467, 505, 'Hybe');
INSERT INTO populacia  VALUES( 2012, 510467, 748, 757 );
INSERT INTO obec  VALUES( 510505, 505, 'Jakubovany');
INSERT INTO populacia  VALUES( 2012, 510505, 201, 196 );
INSERT INTO obec  VALUES( 510513, 505, 'Jalovec');
INSERT INTO populacia  VALUES( 2012, 510513, 143, 159 );
INSERT INTO obec  VALUES( 510521, 505, 'Jamnik');
INSERT INTO populacia  VALUES( 2012, 510521, 227, 239 );
INSERT INTO obec  VALUES( 510564, 505, 'Kralova Lehota');
INSERT INTO populacia  VALUES( 2012, 510564, 292, 308 );
INSERT INTO obec  VALUES( 510572, 505, 'Kvacany');
INSERT INTO populacia  VALUES( 2012, 510572, 277, 293 );
INSERT INTO obec  VALUES( 510581, 505, 'Lazisko');
INSERT INTO populacia  VALUES( 2012, 510581, 216, 196 );
INSERT INTO obec  VALUES( 510602, 505, 'Liptovska Anna');
INSERT INTO populacia  VALUES( 2012, 510602, 51, 41 );
INSERT INTO obec  VALUES( 510611, 505, 'Liptovska Kokava');
INSERT INTO populacia  VALUES( 2012, 510611, 468, 496 );
INSERT INTO obec  VALUES( 510653, 505, 'Liptovska Sielnica');
INSERT INTO populacia  VALUES( 2012, 510653, 290, 304 );
INSERT INTO obec  VALUES( 510688, 505, 'Liptovske Beharovce');
INSERT INTO populacia  VALUES( 2012, 510688, 35, 31 );
INSERT INTO obec  VALUES( 510696, 505, 'Liptovske Klacany');
INSERT INTO populacia  VALUES( 2012, 510696, 182, 188 );
INSERT INTO obec  VALUES( 510700, 505, 'Liptovske Matiasovce');
INSERT INTO populacia  VALUES( 2012, 510700, 143, 151 );
INSERT INTO obec  VALUES( 510726, 505, 'Liptovsky Hradok');
INSERT INTO populacia  VALUES( 2012, 510726, 3618, 4007 );
INSERT INTO obec  VALUES( 510734, 505, 'Liptovsky Jan');
INSERT INTO populacia  VALUES( 2012, 510734, 491, 542 );
INSERT INTO obec  VALUES( 510751, 505, 'Liptovsky Ondrej');
INSERT INTO populacia  VALUES( 2012, 510751, 303, 315 );
INSERT INTO obec  VALUES( 510777, 505, 'Liptovsky Trnovec');
INSERT INTO populacia  VALUES( 2012, 510777, 264, 302 );
INSERT INTO obec  VALUES( 510793, 505, 'Lubela');
INSERT INTO populacia  VALUES( 2012, 510793, 540, 581 );
INSERT INTO obec  VALUES( 510831, 505, 'Malatiny');
INSERT INTO populacia  VALUES( 2012, 510831, 93, 100 );
INSERT INTO obec  VALUES( 510840, 505, 'Male Borove');
INSERT INTO populacia  VALUES( 2012, 510840, 69, 79 );
INSERT INTO obec  VALUES( 510858, 505, 'Maluzina');
INSERT INTO populacia  VALUES( 2012, 510858, 130, 145 );
INSERT INTO obec  VALUES( 510874, 505, 'Nizna Boca');
INSERT INTO populacia  VALUES( 2012, 510874, 77, 79 );
INSERT INTO obec  VALUES( 510904, 505, 'Partizanska Lupca');
INSERT INTO populacia  VALUES( 2012, 510904, 619, 598 );
INSERT INTO obec  VALUES( 510912, 505, 'Pavcina Lehota');
INSERT INTO populacia  VALUES( 2012, 510912, 159, 196 );
INSERT INTO obec  VALUES( 510921, 505, 'Pavlova Ves');
INSERT INTO populacia  VALUES( 2012, 510921, 123, 128 );
INSERT INTO obec  VALUES( 510947, 505, 'Podturen');
INSERT INTO populacia  VALUES( 2012, 510947, 472, 520 );
INSERT INTO obec  VALUES( 510963, 505, 'Pribylina');
INSERT INTO populacia  VALUES( 2012, 510963, 655, 692 );
INSERT INTO obec  VALUES( 510971, 505, 'Prosiek');
INSERT INTO populacia  VALUES( 2012, 510971, 83, 104 );
INSERT INTO obec  VALUES( 511013, 505, 'Smrecany');
INSERT INTO populacia  VALUES( 2012, 511013, 328, 289 );
INSERT INTO obec  VALUES( 511048, 505, 'Svaty Kriz');
INSERT INTO populacia  VALUES( 2012, 511048, 414, 384 );
INSERT INTO obec  VALUES( 511072, 505, 'Trstene');
INSERT INTO populacia  VALUES( 2012, 511072, 108, 130 );
INSERT INTO obec  VALUES( 511099, 505, 'Uhorska Ves');
INSERT INTO populacia  VALUES( 2012, 511099, 226, 241 );
INSERT INTO obec  VALUES( 511111, 505, 'Vavrisovo');
INSERT INTO populacia  VALUES( 2012, 511111, 324, 334 );
INSERT INTO obec  VALUES( 511129, 505, 'Vazec');
INSERT INTO populacia  VALUES( 2012, 511129, 1180, 1182 );
INSERT INTO obec  VALUES( 511137, 505, 'Velke Borove');
INSERT INTO populacia  VALUES( 2012, 511137, 30, 30 );
INSERT INTO obec  VALUES( 511145, 505, 'Veterna Poruba');
INSERT INTO populacia  VALUES( 2012, 511145, 180, 189 );
INSERT INTO obec  VALUES( 511153, 505, 'Vlachy');
INSERT INTO populacia  VALUES( 2012, 511153, 309, 281 );
INSERT INTO obec  VALUES( 511170, 505, 'Vychodna');
INSERT INTO populacia  VALUES( 2012, 511170, 1060, 1111 );
INSERT INTO obec  VALUES( 511188, 505, 'Vysna Boca');
INSERT INTO populacia  VALUES( 2012, 511188, 45, 48 );
INSERT INTO obec  VALUES( 511196, 505, 'Zavazna Poruba');
INSERT INTO populacia  VALUES( 2012, 511196, 605, 622 );
INSERT INTO obec  VALUES( 511200, 505, 'Ziar');
INSERT INTO populacia  VALUES( 2012, 511200, 221, 215 );
INSERT INTO obec  VALUES( 556807, 505, 'Izipovce');
INSERT INTO populacia  VALUES( 2012, 556807, 47, 42 );
INSERT INTO obec  VALUES( 558281, 505, 'Liptovska Porubka');
INSERT INTO populacia  VALUES( 2012, 558281, 553, 587 );
INSERT INTO obec  VALUES( 580287, 505, 'Liptovsky Peter');
INSERT INTO populacia  VALUES( 2012, 580287, 665, 710 );
INSERT INTO obec  VALUES( 512036, 506, 'Martin');
INSERT INTO populacia  VALUES( 2012, 512036, 27372, 29651 );
INSERT INTO obec  VALUES( 512052, 506, 'Bela - Dulice');
INSERT INTO populacia  VALUES( 2012, 512052, 637, 625 );
INSERT INTO obec  VALUES( 512061, 506, 'Benice');
INSERT INTO populacia  VALUES( 2012, 512061, 178, 174 );
INSERT INTO obec  VALUES( 512079, 506, 'Blatnica');
INSERT INTO populacia  VALUES( 2012, 512079, 449, 466 );
INSERT INTO obec  VALUES( 512133, 506, 'Bystricka');
INSERT INTO populacia  VALUES( 2012, 512133, 709, 721 );
INSERT INTO obec  VALUES( 512150, 506, 'Danova');
INSERT INTO populacia  VALUES( 2012, 512150, 271, 274 );
INSERT INTO obec  VALUES( 512168, 506, 'Diakova');
INSERT INTO populacia  VALUES( 2012, 512168, 149, 154 );
INSERT INTO obec  VALUES( 512206, 506, 'Dolny Kalnik');
INSERT INTO populacia  VALUES( 2012, 512206, 57, 67 );
INSERT INTO obec  VALUES( 512214, 506, 'Drazkovce');
INSERT INTO populacia  VALUES( 2012, 512214, 445, 431 );
INSERT INTO obec  VALUES( 512257, 506, 'Folkusova');
INSERT INTO populacia  VALUES( 2012, 512257, 61, 76 );
INSERT INTO obec  VALUES( 512290, 506, 'Horny Kalnik');
INSERT INTO populacia  VALUES( 2012, 512290, 81, 87 );
INSERT INTO obec  VALUES( 512346, 506, 'Karlova');
INSERT INTO populacia  VALUES( 2012, 512346, 50, 56 );
INSERT INTO obec  VALUES( 512354, 506, 'Klastor pod Znievom');
INSERT INTO populacia  VALUES( 2012, 512354, 794, 750 );
INSERT INTO obec  VALUES( 512371, 506, 'Kostany nad Turcom');
INSERT INTO populacia  VALUES( 2012, 512371, 599, 611 );
INSERT INTO obec  VALUES( 512389, 506, 'Krpelany');
INSERT INTO populacia  VALUES( 2012, 512389, 574, 517 );
INSERT INTO obec  VALUES( 512397, 506, 'Laskar');
INSERT INTO populacia  VALUES( 2012, 512397, 61, 55 );
INSERT INTO obec  VALUES( 512419, 506, 'Leziachov');
INSERT INTO populacia  VALUES( 2012, 512419, 79, 84 );
INSERT INTO obec  VALUES( 512435, 506, 'Lipovec');
INSERT INTO populacia  VALUES( 2012, 512435, 483, 465 );
INSERT INTO obec  VALUES( 512478, 506, 'Necpaly');
INSERT INTO populacia  VALUES( 2012, 512478, 460, 401 );
INSERT INTO obec  VALUES( 512486, 506, 'Nolcovo');
INSERT INTO populacia  VALUES( 2012, 512486, 121, 126 );
INSERT INTO obec  VALUES( 512508, 506, 'Podhradie');
INSERT INTO populacia  VALUES( 2012, 512508, 337, 317 );
INSERT INTO obec  VALUES( 512524, 506, 'Pribovce');
INSERT INTO populacia  VALUES( 2012, 512524, 542, 560 );
INSERT INTO obec  VALUES( 512541, 506, 'Rakovo');
INSERT INTO populacia  VALUES( 2012, 512541, 161, 161 );
INSERT INTO obec  VALUES( 512567, 506, 'Ratkovo');
INSERT INTO populacia  VALUES( 2012, 512567, 91, 82 );
INSERT INTO obec  VALUES( 512583, 506, 'Sklabina');
INSERT INTO populacia  VALUES( 2012, 512583, 302, 316 );
INSERT INTO obec  VALUES( 512591, 506, 'Sklabinsky Podzamok');
INSERT INTO populacia  VALUES( 2012, 512591, 98, 92 );
INSERT INTO obec  VALUES( 512613, 506, 'Slovany');
INSERT INTO populacia  VALUES( 2012, 512613, 213, 219 );
INSERT INTO obec  VALUES( 512630, 506, 'Socovce');
INSERT INTO populacia  VALUES( 2012, 512630, 141, 109 );
INSERT INTO obec  VALUES( 512648, 506, 'Sucany');
INSERT INTO populacia  VALUES( 2012, 512648, 2282, 2382 );
INSERT INTO obec  VALUES( 512656, 506, 'Sutovo');
INSERT INTO populacia  VALUES( 2012, 512656, 243, 279 );
INSERT INTO obec  VALUES( 512664, 506, 'Trebostovo');
INSERT INTO populacia  VALUES( 2012, 512664, 231, 266 );
INSERT INTO obec  VALUES( 512672, 506, 'Trnovo');
INSERT INTO populacia  VALUES( 2012, 512672, 136, 128 );
INSERT INTO obec  VALUES( 512681, 506, 'Turany');
INSERT INTO populacia  VALUES( 2012, 512681, 2136, 2224 );
INSERT INTO obec  VALUES( 512702, 506, 'Turcianska Stiavnicka');
INSERT INTO populacia  VALUES( 2012, 512702, 445, 453 );
INSERT INTO obec  VALUES( 512711, 506, 'Turcianske Klacany');
INSERT INTO populacia  VALUES( 2012, 512711, 461, 455 );
INSERT INTO obec  VALUES( 512737, 506, 'Turciansky Dur');
INSERT INTO populacia  VALUES( 2012, 512737, 75, 94 );
INSERT INTO obec  VALUES( 512753, 506, 'Turciansky Peter');
INSERT INTO populacia  VALUES( 2012, 512753, 201, 218 );
INSERT INTO obec  VALUES( 512761, 506, 'Valca');
INSERT INTO populacia  VALUES( 2012, 512761, 790, 794 );
INSERT INTO obec  VALUES( 512796, 506, 'Vricko');
INSERT INTO populacia  VALUES( 2012, 512796, 156, 302 );
INSERT INTO obec  VALUES( 512818, 506, 'Zaborie');
INSERT INTO populacia  VALUES( 2012, 512818, 73, 75 );
INSERT INTO obec  VALUES( 512834, 506, 'Zabokreky');
INSERT INTO populacia  VALUES( 2012, 512834, 575, 591 );
INSERT INTO obec  VALUES( 545961, 506, 'Turcianske Jaseno');
INSERT INTO populacia  VALUES( 2012, 545961, 189, 167 );
INSERT INTO obec  VALUES( 557358, 506, 'Vrutky');
INSERT INTO populacia  VALUES( 2012, 557358, 3732, 3913 );
INSERT INTO obec  VALUES( 509558, 507, 'Babin');
INSERT INTO populacia  VALUES( 2012, 509558, 713, 703 );
INSERT INTO obec  VALUES( 509566, 507, 'Benadovo');
INSERT INTO populacia  VALUES( 2012, 509566, 391, 393 );
INSERT INTO obec  VALUES( 509582, 507, 'Bobrov');
INSERT INTO populacia  VALUES( 2012, 509582, 846, 839 );
INSERT INTO obec  VALUES( 509591, 507, 'Breza');
INSERT INTO populacia  VALUES( 2012, 509591, 831, 735 );
INSERT INTO obec  VALUES( 509680, 507, 'Hrustin');
INSERT INTO populacia  VALUES( 2012, 509680, 1575, 1588 );
INSERT INTO obec  VALUES( 509728, 507, 'Klin');
INSERT INTO populacia  VALUES( 2012, 509728, 1135, 1148 );
INSERT INTO obec  VALUES( 509779, 507, 'Krusetnica');
INSERT INTO populacia  VALUES( 2012, 509779, 498, 459 );
INSERT INTO obec  VALUES( 509809, 507, 'Lokca');
INSERT INTO populacia  VALUES( 2012, 509809, 1161, 1128 );
INSERT INTO obec  VALUES( 509817, 507, 'Lomna');
INSERT INTO populacia  VALUES( 2012, 509817, 449, 439 );
INSERT INTO obec  VALUES( 509850, 507, 'Mutne');
INSERT INTO populacia  VALUES( 2012, 509850, 1487, 1412 );
INSERT INTO obec  VALUES( 509868, 507, 'Namestovo');
INSERT INTO populacia  VALUES( 2012, 509868, 3952, 3981 );
INSERT INTO obec  VALUES( 509884, 507, 'Novot');
INSERT INTO populacia  VALUES( 2012, 509884, 1713, 1687 );
INSERT INTO obec  VALUES( 509892, 507, 'Oravska Jasenica');
INSERT INTO populacia  VALUES( 2012, 509892, 881, 865 );
INSERT INTO obec  VALUES( 509906, 507, 'Oravska Lesna');
INSERT INTO populacia  VALUES( 2012, 509906, 1631, 1679 );
INSERT INTO obec  VALUES( 509914, 507, 'Oravska Polhora');
INSERT INTO populacia  VALUES( 2012, 509914, 1953, 1883 );
INSERT INTO obec  VALUES( 509931, 507, 'Oravske Vesele');
INSERT INTO populacia  VALUES( 2012, 509931, 1441, 1413 );
INSERT INTO obec  VALUES( 510025, 507, 'Rabca');
INSERT INTO populacia  VALUES( 2012, 510025, 2416, 2327 );
INSERT INTO obec  VALUES( 510033, 507, 'Rabcice');
INSERT INTO populacia  VALUES( 2012, 510033, 1042, 947 );
INSERT INTO obec  VALUES( 510050, 507, 'Sihelne');
INSERT INTO populacia  VALUES( 2012, 510050, 1076, 1011 );
INSERT INTO obec  VALUES( 510092, 507, 'Tapesovo');
INSERT INTO populacia  VALUES( 2012, 510092, 347, 325 );
INSERT INTO obec  VALUES( 510149, 507, 'Vasilov');
INSERT INTO populacia  VALUES( 2012, 510149, 396, 416 );
INSERT INTO obec  VALUES( 510157, 507, 'Vavrecka');
INSERT INTO populacia  VALUES( 2012, 510157, 708, 713 );
INSERT INTO obec  VALUES( 510203, 507, 'Zakamenne');
INSERT INTO populacia  VALUES( 2012, 510203, 2641, 2645 );
INSERT INTO obec  VALUES( 510246, 507, 'Zubrohlava');
INSERT INTO populacia  VALUES( 2012, 510246, 1114, 1115 );
INSERT INTO obec  VALUES( 507300, 508, 'Ivachnova');
INSERT INTO populacia  VALUES( 2012, 507300, 248, 278 );
INSERT INTO obec  VALUES( 507407, 508, 'Turik');
INSERT INTO populacia  VALUES( 2012, 507407, 110, 111 );
INSERT INTO obec  VALUES( 510301, 508, 'Besenova');
INSERT INTO populacia  VALUES( 2012, 510301, 271, 301 );
INSERT INTO obec  VALUES( 510441, 508, 'Hubova');
INSERT INTO populacia  VALUES( 2012, 510441, 528, 540 );
INSERT INTO obec  VALUES( 510530, 508, 'Kalameny');
INSERT INTO populacia  VALUES( 2012, 510530, 225, 229 );
INSERT INTO obec  VALUES( 510548, 508, 'Komjatna');
INSERT INTO populacia  VALUES( 2012, 510548, 735, 776 );
INSERT INTO obec  VALUES( 510599, 508, 'Likavka');
INSERT INTO populacia  VALUES( 2012, 510599, 1421, 1624 );
INSERT INTO obec  VALUES( 510629, 508, 'Liptovska Luzna');
INSERT INTO populacia  VALUES( 2012, 510629, 1425, 1457 );
INSERT INTO obec  VALUES( 510637, 508, 'Liptovska Osada');
INSERT INTO populacia  VALUES( 2012, 510637, 818, 842 );
INSERT INTO obec  VALUES( 510661, 508, 'Liptovska Stiavnica');
INSERT INTO populacia  VALUES( 2012, 510661, 535, 554 );
INSERT INTO obec  VALUES( 510670, 508, 'Liptovska Tepla');
INSERT INTO populacia  VALUES( 2012, 510670, 499, 467 );
INSERT INTO obec  VALUES( 510718, 508, 'Liptovske Revuce');
INSERT INTO populacia  VALUES( 2012, 510718, 773, 820 );
INSERT INTO obec  VALUES( 510742, 508, 'Liptovsky Michal');
INSERT INTO populacia  VALUES( 2012, 510742, 140, 156 );
INSERT INTO obec  VALUES( 510785, 508, 'Liskova');
INSERT INTO populacia  VALUES( 2012, 510785, 1028, 1062 );
INSERT INTO obec  VALUES( 510807, 508, 'Lubochna');
INSERT INTO populacia  VALUES( 2012, 510807, 521, 526 );
INSERT INTO obec  VALUES( 510815, 508, 'Lucky');
INSERT INTO populacia  VALUES( 2012, 510815, 914, 917 );
INSERT INTO obec  VALUES( 510823, 508, 'Ludrova');
INSERT INTO populacia  VALUES( 2012, 510823, 508, 500 );
INSERT INTO obec  VALUES( 510866, 508, 'Martincek');
INSERT INTO populacia  VALUES( 2012, 510866, 195, 191 );
INSERT INTO obec  VALUES( 510955, 508, 'Potok');
INSERT INTO populacia  VALUES( 2012, 510955, 53, 54 );
INSERT INTO obec  VALUES( 510998, 508, 'Ruzomberok');
INSERT INTO populacia  VALUES( 2012, 510998, 13414, 14731 );
INSERT INTO obec  VALUES( 511005, 508, 'Liptovske Sliace');
INSERT INTO populacia  VALUES( 2012, 511005, 1877, 1894 );
INSERT INTO obec  VALUES( 511030, 508, 'Stankovany');
INSERT INTO populacia  VALUES( 2012, 511030, 599, 608 );
INSERT INTO obec  VALUES( 511056, 508, 'Stiavnicka');
INSERT INTO populacia  VALUES( 2012, 511056, 329, 347 );
INSERT INTO obec  VALUES( 511064, 508, 'Svosov');
INSERT INTO populacia  VALUES( 2012, 511064, 414, 404 );
INSERT INTO obec  VALUES( 511102, 508, 'Valaska Dubova');
INSERT INTO populacia  VALUES( 2012, 511102, 387, 406 );
INSERT INTO obec  VALUES( 512044, 509, 'Abramova');
INSERT INTO populacia  VALUES( 2012, 512044, 92, 109 );
INSERT INTO obec  VALUES( 512087, 509, 'Blazovce');
INSERT INTO populacia  VALUES( 2012, 512087, 92, 74 );
INSERT INTO obec  VALUES( 512095, 509, 'Bodorova');
INSERT INTO populacia  VALUES( 2012, 512095, 117, 125 );
INSERT INTO obec  VALUES( 512109, 509, 'Borcova');
INSERT INTO populacia  VALUES( 2012, 512109, 53, 74 );
INSERT INTO obec  VALUES( 512117, 509, 'Briestie');
INSERT INTO populacia  VALUES( 2012, 512117, 71, 72 );
INSERT INTO obec  VALUES( 512125, 509, 'Budis');
INSERT INTO populacia  VALUES( 2012, 512125, 96, 111 );
INSERT INTO obec  VALUES( 512141, 509, 'Cremosne');
INSERT INTO populacia  VALUES( 2012, 512141, 40, 50 );
INSERT INTO obec  VALUES( 512222, 509, 'Dubove');
INSERT INTO populacia  VALUES( 2012, 512222, 360, 356 );
INSERT INTO obec  VALUES( 512265, 509, 'Haj');
INSERT INTO populacia  VALUES( 2012, 512265, 225, 237 );
INSERT INTO obec  VALUES( 512273, 509, 'Horna Stubna');
INSERT INTO populacia  VALUES( 2012, 512273, 828, 789 );
INSERT INTO obec  VALUES( 512303, 509, 'Ivancina');
INSERT INTO populacia  VALUES( 2012, 512303, 52, 45 );
INSERT INTO obec  VALUES( 512311, 509, 'Jasenovo');
INSERT INTO populacia  VALUES( 2012, 512311, 83, 66 );
INSERT INTO obec  VALUES( 512320, 509, 'Jazernica');
INSERT INTO populacia  VALUES( 2012, 512320, 156, 148 );
INSERT INTO obec  VALUES( 512338, 509, 'Kalamenova');
INSERT INTO populacia  VALUES( 2012, 512338, 40, 43 );
INSERT INTO obec  VALUES( 512427, 509, 'Liesno');
INSERT INTO populacia  VALUES( 2012, 512427, 30, 27 );
INSERT INTO obec  VALUES( 512443, 509, 'Maly Cepcin');
INSERT INTO populacia  VALUES( 2012, 512443, 266, 259 );
INSERT INTO obec  VALUES( 512451, 509, 'Moskovec');
INSERT INTO populacia  VALUES( 2012, 512451, 32, 32 );
INSERT INTO obec  VALUES( 512460, 509, 'Mosovce');
INSERT INTO populacia  VALUES( 2012, 512460, 625, 694 );
INSERT INTO obec  VALUES( 512494, 509, 'Ondrasova');
INSERT INTO populacia  VALUES( 2012, 512494, 41, 40 );
INSERT INTO obec  VALUES( 512559, 509, 'Raksa');
INSERT INTO populacia  VALUES( 2012, 512559, 106, 114 );
INSERT INTO obec  VALUES( 512575, 509, 'Rudno');
INSERT INTO populacia  VALUES( 2012, 512575, 105, 111 );
INSERT INTO obec  VALUES( 512605, 509, 'Sklene');
INSERT INTO populacia  VALUES( 2012, 512605, 402, 365 );
INSERT INTO obec  VALUES( 512621, 509, 'Slovenske Pravno');
INSERT INTO populacia  VALUES( 2012, 512621, 469, 485 );
INSERT INTO obec  VALUES( 512699, 509, 'Turcek');
INSERT INTO populacia  VALUES( 2012, 512699, 331, 336 );
INSERT INTO obec  VALUES( 512729, 509, 'Turcianske Teplice');
INSERT INTO populacia  VALUES( 2012, 512729, 3161, 3437 );
INSERT INTO obec  VALUES( 512788, 509, 'Velky Cepcin');
INSERT INTO populacia  VALUES( 2012, 512788, 110, 124 );
INSERT INTO obec  VALUES( 509604, 510, 'Brezovica');
INSERT INTO populacia  VALUES( 2012, 509604, 651, 661 );
INSERT INTO obec  VALUES( 509655, 510, 'Habovka');
INSERT INTO populacia  VALUES( 2012, 509655, 675, 694 );
INSERT INTO obec  VALUES( 509663, 510, 'Hladovka');
INSERT INTO populacia  VALUES( 2012, 509663, 523, 507 );
INSERT INTO obec  VALUES( 509795, 510, 'Liesek');
INSERT INTO populacia  VALUES( 2012, 509795, 1426, 1391 );
INSERT INTO obec  VALUES( 509876, 510, 'Nizna');
INSERT INTO populacia  VALUES( 2012, 509876, 1995, 2029 );
INSERT INTO obec  VALUES( 509949, 510, 'Oravsky Biely Potok');
INSERT INTO populacia  VALUES( 2012, 509949, 345, 352 );
INSERT INTO obec  VALUES( 509981, 510, 'Podbiel');
INSERT INTO populacia  VALUES( 2012, 509981, 634, 634 );
INSERT INTO obec  VALUES( 510076, 510, 'Sucha Hora');
INSERT INTO populacia  VALUES( 2012, 510076, 700, 686 );
INSERT INTO obec  VALUES( 510084, 510, 'Stefanov nad Oravou');
INSERT INTO populacia  VALUES( 2012, 510084, 341, 318 );
INSERT INTO obec  VALUES( 510106, 510, 'Trstena');
INSERT INTO populacia  VALUES( 2012, 510106, 3727, 3772 );
INSERT INTO obec  VALUES( 510114, 510, 'Tvrdosin');
INSERT INTO populacia  VALUES( 2012, 510114, 4711, 4650 );
INSERT INTO obec  VALUES( 510173, 510, 'Vitanova');
INSERT INTO populacia  VALUES( 2012, 510173, 642, 652 );
INSERT INTO obec  VALUES( 510190, 510, 'Zabiedovo');
INSERT INTO populacia  VALUES( 2012, 510190, 375, 434 );
INSERT INTO obec  VALUES( 510238, 510, 'Zuberec');
INSERT INTO populacia  VALUES( 2012, 510238, 889, 933 );
INSERT INTO obec  VALUES( 518719, 510, 'Cimhova');
INSERT INTO populacia  VALUES( 2012, 518719, 339, 324 );
INSERT INTO obec  VALUES( 517402, 511, 'Zilina');
INSERT INTO populacia  VALUES( 2012, 517402, 39121, 42261 );
INSERT INTO obec  VALUES( 517429, 511, 'Bela');
INSERT INTO populacia  VALUES( 2012, 517429, 1666, 1710 );
INSERT INTO obec  VALUES( 517470, 511, 'Cicmany');
INSERT INTO populacia  VALUES( 2012, 517470, 79, 85 );
INSERT INTO obec  VALUES( 517488, 511, 'Divina');
INSERT INTO populacia  VALUES( 2012, 517488, 1209, 1208 );
INSERT INTO obec  VALUES( 517496, 511, 'Divinka');
INSERT INTO populacia  VALUES( 2012, 517496, 513, 500 );
INSERT INTO obec  VALUES( 517500, 511, 'Dlhe Pole');
INSERT INTO populacia  VALUES( 2012, 517500, 955, 997 );
INSERT INTO obec  VALUES( 517518, 511, 'Dolna Tizina');
INSERT INTO populacia  VALUES( 2012, 517518, 635, 650 );
INSERT INTO obec  VALUES( 517526, 511, 'Dolny Hricov');
INSERT INTO populacia  VALUES( 2012, 517526, 745, 798 );
INSERT INTO obec  VALUES( 517542, 511, 'Fackov');
INSERT INTO populacia  VALUES( 2012, 517542, 357, 312 );
INSERT INTO obec  VALUES( 517551, 511, 'Gbelany');
INSERT INTO populacia  VALUES( 2012, 517551, 588, 629 );
INSERT INTO obec  VALUES( 517577, 511, 'Horky');
INSERT INTO populacia  VALUES( 2012, 517577, 346, 350 );
INSERT INTO obec  VALUES( 517593, 511, 'Horny Hricov');
INSERT INTO populacia  VALUES( 2012, 517593, 390, 391 );
INSERT INTO obec  VALUES( 517640, 511, 'Jasenove');
INSERT INTO populacia  VALUES( 2012, 517640, 296, 300 );
INSERT INTO obec  VALUES( 517658, 511, 'Kamenna Poruba');
INSERT INTO populacia  VALUES( 2012, 517658, 918, 909 );
INSERT INTO obec  VALUES( 517682, 511, 'Konska');
INSERT INTO populacia  VALUES( 2012, 517682, 746, 737 );
INSERT INTO obec  VALUES( 517704, 511, 'Kotrcina Lucka');
INSERT INTO populacia  VALUES( 2012, 517704, 214, 215 );
INSERT INTO obec  VALUES( 517712, 511, 'Krasnany');
INSERT INTO populacia  VALUES( 2012, 517712, 722, 709 );
INSERT INTO obec  VALUES( 517721, 511, 'Kunerad');
INSERT INTO populacia  VALUES( 2012, 517721, 499, 484 );
INSERT INTO obec  VALUES( 517739, 511, 'Lietava');
INSERT INTO populacia  VALUES( 2012, 517739, 677, 744 );
INSERT INTO obec  VALUES( 517755, 511, 'Lietavska Svinna - Babkov');
INSERT INTO populacia  VALUES( 2012, 517755, 786, 870 );
INSERT INTO obec  VALUES( 517763, 511, 'Lutise');
INSERT INTO populacia  VALUES( 2012, 517763, 404, 350 );
INSERT INTO obec  VALUES( 517771, 511, 'Lysica');
INSERT INTO populacia  VALUES( 2012, 517771, 416, 406 );
INSERT INTO obec  VALUES( 517780, 511, 'Mala Cierna');
INSERT INTO populacia  VALUES( 2012, 517780, 179, 180 );
INSERT INTO obec  VALUES( 517801, 511, 'Mojs');
INSERT INTO populacia  VALUES( 2012, 517801, 401, 393 );
INSERT INTO obec  VALUES( 517828, 511, 'Nededza');
INSERT INTO populacia  VALUES( 2012, 517828, 489, 505 );
INSERT INTO obec  VALUES( 517879, 511, 'Podhorie');
INSERT INTO populacia  VALUES( 2012, 517879, 440, 405 );
INSERT INTO obec  VALUES( 517917, 511, 'Rajec');
INSERT INTO populacia  VALUES( 2012, 517917, 2904, 2960 );
INSERT INTO obec  VALUES( 517925, 511, 'Rajecka Lesna');
INSERT INTO populacia  VALUES( 2012, 517925, 620, 608 );
INSERT INTO obec  VALUES( 517933, 511, 'Rajecke Teplice');
INSERT INTO populacia  VALUES( 2012, 517933, 1438, 1471 );
INSERT INTO obec  VALUES( 517941, 511, 'Rosina');
INSERT INTO populacia  VALUES( 2012, 517941, 1508, 1550 );
INSERT INTO obec  VALUES( 517950, 511, 'Stranavy');
INSERT INTO populacia  VALUES( 2012, 517950, 913, 932 );
INSERT INTO obec  VALUES( 517968, 511, 'Stranske');
INSERT INTO populacia  VALUES( 2012, 517968, 382, 379 );
INSERT INTO obec  VALUES( 517976, 511, 'Straza');
INSERT INTO populacia  VALUES( 2012, 517976, 317, 356 );
INSERT INTO obec  VALUES( 517984, 511, 'Strecno');
INSERT INTO populacia  VALUES( 2012, 517984, 1270, 1300 );
INSERT INTO obec  VALUES( 518000, 511, 'Svedernik');
INSERT INTO populacia  VALUES( 2012, 518000, 491, 522 );
INSERT INTO obec  VALUES( 518034, 511, 'Teplicka nad Vahom');
INSERT INTO populacia  VALUES( 2012, 518034, 1865, 2051 );
INSERT INTO obec  VALUES( 518042, 511, 'Terchova');
INSERT INTO populacia  VALUES( 2012, 518042, 2039, 1976 );
INSERT INTO obec  VALUES( 518051, 511, 'Turie');
INSERT INTO populacia  VALUES( 2012, 518051, 915, 1039 );
INSERT INTO obec  VALUES( 518069, 511, 'Varin');
INSERT INTO populacia  VALUES( 2012, 518069, 1829, 1887 );
INSERT INTO obec  VALUES( 518077, 511, 'Velka Cierna');
INSERT INTO populacia  VALUES( 2012, 518077, 177, 178 );
INSERT INTO obec  VALUES( 518093, 511, 'Visnove');
INSERT INTO populacia  VALUES( 2012, 518093, 1290, 1381 );
INSERT INTO obec  VALUES( 518131, 511, 'Zbynov');
INSERT INTO populacia  VALUES( 2012, 518131, 413, 421 );
INSERT INTO obec  VALUES( 547522, 511, 'Bitarova');
INSERT INTO populacia  VALUES( 2012, 547522, 357, 344 );
INSERT INTO obec  VALUES( 547557, 511, 'Brezany');
INSERT INTO populacia  VALUES( 2012, 547557, 280, 275 );
INSERT INTO obec  VALUES( 547590, 511, 'Hricovske Podhradie');
INSERT INTO populacia  VALUES( 2012, 547590, 187, 180 );
INSERT INTO obec  VALUES( 547611, 511, 'Ovciarsko');
INSERT INTO populacia  VALUES( 2012, 547611, 303, 302 );
INSERT INTO obec  VALUES( 547620, 511, 'Pastina Zavada');
INSERT INTO populacia  VALUES( 2012, 547620, 105, 111 );
INSERT INTO obec  VALUES( 557935, 511, 'Lietavska Lucka');
INSERT INTO populacia  VALUES( 2012, 557935, 854, 906 );
INSERT INTO obec  VALUES( 557960, 511, 'Porubka');
INSERT INTO populacia  VALUES( 2012, 557960, 210, 230 );
INSERT INTO obec  VALUES( 557986, 511, 'Durcina');
INSERT INTO populacia  VALUES( 2012, 557986, 541, 543 );
INSERT INTO obec  VALUES( 557994, 511, 'Klace');
INSERT INTO populacia  VALUES( 2012, 557994, 178, 208 );
INSERT INTO obec  VALUES( 558168, 511, 'Nezbudska Lucka');
INSERT INTO populacia  VALUES( 2012, 558168, 201, 193 );
INSERT INTO obec  VALUES( 581712, 511, 'Suja');
INSERT INTO populacia  VALUES( 2012, 581712, 157, 148 );
INSERT INTO obec  VALUES( 508438, 601, 'Banska Bystrica');
INSERT INTO populacia  VALUES( 2012, 508438, 37509, 42074 );
INSERT INTO obec  VALUES( 508454, 601, 'Badin');
INSERT INTO populacia  VALUES( 2012, 508454, 903, 955 );
INSERT INTO obec  VALUES( 508471, 601, 'Balaze');
INSERT INTO populacia  VALUES( 2012, 508471, 108, 112 );
INSERT INTO obec  VALUES( 508519, 601, 'Cerin');
INSERT INTO populacia  VALUES( 2012, 508519, 221, 229 );
INSERT INTO obec  VALUES( 508543, 601, 'Dolna Micina');
INSERT INTO populacia  VALUES( 2012, 508543, 192, 186 );
INSERT INTO obec  VALUES( 508551, 601, 'Dolny Harmanec');
INSERT INTO populacia  VALUES( 2012, 508551, 126, 127 );
INSERT INTO obec  VALUES( 508560, 601, 'Donovaly');
INSERT INTO populacia  VALUES( 2012, 508560, 120, 93 );
INSERT INTO obec  VALUES( 508586, 601, 'Dubravica');
INSERT INTO populacia  VALUES( 2012, 508586, 185, 203 );
INSERT INTO obec  VALUES( 508594, 601, 'Harmanec');
INSERT INTO populacia  VALUES( 2012, 508594, 446, 418 );
INSERT INTO obec  VALUES( 508616, 601, 'Hiadel');
INSERT INTO populacia  VALUES( 2012, 508616, 236, 279 );
INSERT INTO obec  VALUES( 508632, 601, 'Horna Micina');
INSERT INTO populacia  VALUES( 2012, 508632, 265, 302 );
INSERT INTO obec  VALUES( 508641, 601, 'Horne Prsany');
INSERT INTO populacia  VALUES( 2012, 508641, 186, 194 );
INSERT INTO obec  VALUES( 508659, 601, 'Hrochot');
INSERT INTO populacia  VALUES( 2012, 508659, 731, 763 );
INSERT INTO obec  VALUES( 508675, 601, 'Brusno');
INSERT INTO populacia  VALUES( 2012, 508675, 1025, 1096 );
INSERT INTO obec  VALUES( 508713, 601, 'Kordiky');
INSERT INTO populacia  VALUES( 2012, 508713, 200, 188 );
INSERT INTO obec  VALUES( 508721, 601, 'Kraliky');
INSERT INTO populacia  VALUES( 2012, 508721, 305, 325 );
INSERT INTO obec  VALUES( 508748, 601, 'Lubietova');
INSERT INTO populacia  VALUES( 2012, 508748, 574, 564 );
INSERT INTO obec  VALUES( 508756, 601, 'Lucatin');
INSERT INTO populacia  VALUES( 2012, 508756, 332, 321 );
INSERT INTO obec  VALUES( 508764, 601, 'Medzibrod');
INSERT INTO populacia  VALUES( 2012, 508764, 655, 690 );
INSERT INTO obec  VALUES( 508781, 601, 'Molca');
INSERT INTO populacia  VALUES( 2012, 508781, 179, 168 );
INSERT INTO obec  VALUES( 508799, 601, 'Mostenica');
INSERT INTO populacia  VALUES( 2012, 508799, 115, 104 );
INSERT INTO obec  VALUES( 508802, 601, 'Motycky');
INSERT INTO populacia  VALUES( 2012, 508802, 56, 54 );
INSERT INTO obec  VALUES( 508837, 601, 'Oravce');
INSERT INTO populacia  VALUES( 2012, 508837, 86, 99 );
INSERT INTO obec  VALUES( 508861, 601, 'Podkonice');
INSERT INTO populacia  VALUES( 2012, 508861, 410, 456 );
INSERT INTO obec  VALUES( 508896, 601, 'Pohronsky Bukovec');
INSERT INTO populacia  VALUES( 2012, 508896, 50, 51 );
INSERT INTO obec  VALUES( 508918, 601, 'Poniky');
INSERT INTO populacia  VALUES( 2012, 508918, 760, 813 );
INSERT INTO obec  VALUES( 508926, 601, 'Povraznik');
INSERT INTO populacia  VALUES( 2012, 508926, 72, 70 );
INSERT INTO obec  VALUES( 508942, 601, 'Priechod');
INSERT INTO populacia  VALUES( 2012, 508942, 438, 471 );
INSERT INTO obec  VALUES( 508969, 601, 'Riecka');
INSERT INTO populacia  VALUES( 2012, 508969, 343, 399 );
INSERT INTO obec  VALUES( 508977, 601, 'Sebedin - Becov');
INSERT INTO populacia  VALUES( 2012, 508977, 176, 193 );
INSERT INTO obec  VALUES( 508985, 601, 'Selce');
INSERT INTO populacia  VALUES( 2012, 508985, 1084, 1101 );
INSERT INTO obec  VALUES( 509001, 601, 'Slovenska Lupca');
INSERT INTO populacia  VALUES( 2012, 509001, 1552, 1652 );
INSERT INTO obec  VALUES( 509019, 601, 'Stare Hory');
INSERT INTO populacia  VALUES( 2012, 509019, 269, 265 );
INSERT INTO obec  VALUES( 509027, 601, 'Strelniky');
INSERT INTO populacia  VALUES( 2012, 509027, 381, 398 );
INSERT INTO obec  VALUES( 509035, 601, 'Spania Dolina');
INSERT INTO populacia  VALUES( 2012, 509035, 92, 96 );
INSERT INTO obec  VALUES( 509060, 601, 'Tajov');
INSERT INTO populacia  VALUES( 2012, 509060, 301, 272 );
INSERT INTO obec  VALUES( 557269, 601, 'Turecka');
INSERT INTO populacia  VALUES( 2012, 557269, 76, 71 );
INSERT INTO obec  VALUES( 557277, 601, 'Kyncelova');
INSERT INTO populacia  VALUES( 2012, 557277, 201, 185 );
INSERT INTO obec  VALUES( 557285, 601, 'Nemce');
INSERT INTO populacia  VALUES( 2012, 557285, 575, 586 );
INSERT INTO obec  VALUES( 557293, 601, 'Vlkanova');
INSERT INTO populacia  VALUES( 2012, 557293, 623, 653 );
INSERT INTO obec  VALUES( 580236, 601, 'Hronsek');
INSERT INTO populacia  VALUES( 2012, 580236, 323, 338 );
INSERT INTO obec  VALUES( 580244, 601, 'Malachov');
INSERT INTO populacia  VALUES( 2012, 580244, 521, 532 );
INSERT INTO obec  VALUES( 516597, 602, 'Svaty Anton');
INSERT INTO populacia  VALUES( 2012, 516597, 587, 638 );
INSERT INTO obec  VALUES( 516601, 602, 'Badan');
INSERT INTO populacia  VALUES( 2012, 516601, 110, 97 );
INSERT INTO obec  VALUES( 516627, 602, 'Banska Bela');
INSERT INTO populacia  VALUES( 2012, 516627, 612, 622 );
INSERT INTO obec  VALUES( 516643, 602, 'Banska Stiavnica');
INSERT INTO populacia  VALUES( 2012, 516643, 4989, 5341 );
INSERT INTO obec  VALUES( 516651, 602, 'Bansky Studenec');
INSERT INTO populacia  VALUES( 2012, 516651, 211, 247 );
INSERT INTO obec  VALUES( 516678, 602, 'Beluj');
INSERT INTO populacia  VALUES( 2012, 516678, 61, 65 );
INSERT INTO obec  VALUES( 516716, 602, 'Dekys');
INSERT INTO populacia  VALUES( 2012, 516716, 106, 96 );
INSERT INTO obec  VALUES( 516856, 602, 'Ilija');
INSERT INTO populacia  VALUES( 2012, 516856, 146, 191 );
INSERT INTO obec  VALUES( 516953, 602, 'Kozelnik');
INSERT INTO populacia  VALUES( 2012, 516953, 90, 92 );
INSERT INTO obec  VALUES( 517071, 602, 'Mociar');
INSERT INTO populacia  VALUES( 2012, 517071, 91, 76 );
INSERT INTO obec  VALUES( 517143, 602, 'Podhorie');
INSERT INTO populacia  VALUES( 2012, 517143, 178, 179 );
INSERT INTO obec  VALUES( 517160, 602, 'Pocuvadlo');
INSERT INTO populacia  VALUES( 2012, 517160, 42, 56 );
INSERT INTO obec  VALUES( 517178, 602, 'Prencov');
INSERT INTO populacia  VALUES( 2012, 517178, 311, 324 );
INSERT INTO obec  VALUES( 517283, 602, 'Stiavnicke Bane');
INSERT INTO populacia  VALUES( 2012, 517283, 414, 399 );
INSERT INTO obec  VALUES( 517372, 602, 'Vysoka');
INSERT INTO populacia  VALUES( 2012, 517372, 65, 73 );
INSERT INTO obec  VALUES( 508446, 603, 'Bacuch');
INSERT INTO populacia  VALUES( 2012, 508446, 474, 521 );
INSERT INTO obec  VALUES( 508462, 603, 'Benus');
INSERT INTO populacia  VALUES( 2012, 508462, 585, 596 );
INSERT INTO obec  VALUES( 508489, 603, 'Bravacovo');
INSERT INTO populacia  VALUES( 2012, 508489, 341, 362 );
INSERT INTO obec  VALUES( 508497, 603, 'Brezno');
INSERT INTO populacia  VALUES( 2012, 508497, 10456, 11247 );
INSERT INTO obec  VALUES( 508527, 603, 'Cierny Balog');
INSERT INTO populacia  VALUES( 2012, 508527, 2576, 2638 );
INSERT INTO obec  VALUES( 508535, 603, 'Dolna Lehota');
INSERT INTO populacia  VALUES( 2012, 508535, 407, 372 );
INSERT INTO obec  VALUES( 508578, 603, 'Drabsko');
INSERT INTO populacia  VALUES( 2012, 508578, 90, 116 );
INSERT INTO obec  VALUES( 508608, 603, 'Helpa');
INSERT INTO populacia  VALUES( 2012, 508608, 1320, 1435 );
INSERT INTO obec  VALUES( 508624, 603, 'Horna Lehota');
INSERT INTO populacia  VALUES( 2012, 508624, 297, 299 );
INSERT INTO obec  VALUES( 508667, 603, 'Hronec');
INSERT INTO populacia  VALUES( 2012, 508667, 570, 622 );
INSERT INTO obec  VALUES( 508691, 603, 'Jaraba');
INSERT INTO populacia  VALUES( 2012, 508691, 25, 23 );
INSERT INTO obec  VALUES( 508705, 603, 'Jasenie');
INSERT INTO populacia  VALUES( 2012, 508705, 590, 598 );
INSERT INTO obec  VALUES( 508730, 603, 'Lom nad Rimavicou');
INSERT INTO populacia  VALUES( 2012, 508730, 148, 141 );
INSERT INTO obec  VALUES( 508772, 603, 'Michalova');
INSERT INTO populacia  VALUES( 2012, 508772, 658, 726 );
INSERT INTO obec  VALUES( 508811, 603, 'Myto pod Dumbierom');
INSERT INTO populacia  VALUES( 2012, 508811, 259, 259 );
INSERT INTO obec  VALUES( 508829, 603, 'Nemecka');
INSERT INTO populacia  VALUES( 2012, 508829, 890, 939 );
INSERT INTO obec  VALUES( 508845, 603, 'Osrblie');
INSERT INTO populacia  VALUES( 2012, 508845, 207, 174 );
INSERT INTO obec  VALUES( 508853, 603, 'Podbrezova');
INSERT INTO populacia  VALUES( 2012, 508853, 1992, 2065 );
INSERT INTO obec  VALUES( 508870, 603, 'Pohorela');
INSERT INTO populacia  VALUES( 2012, 508870, 1068, 1225 );
INSERT INTO obec  VALUES( 508888, 603, 'Pohronska Polhora');
INSERT INTO populacia  VALUES( 2012, 508888, 865, 891 );
INSERT INTO obec  VALUES( 508900, 603, 'Polomka');
INSERT INTO populacia  VALUES( 2012, 508900, 1462, 1580 );
INSERT INTO obec  VALUES( 508934, 603, 'Predajna');
INSERT INTO populacia  VALUES( 2012, 508934, 644, 691 );
INSERT INTO obec  VALUES( 508951, 603, 'Raztoka');
INSERT INTO populacia  VALUES( 2012, 508951, 127, 157 );
INSERT INTO obec  VALUES( 508993, 603, 'Sihla');
INSERT INTO populacia  VALUES( 2012, 508993, 104, 101 );
INSERT INTO obec  VALUES( 509043, 603, 'Sumiac');
INSERT INTO populacia  VALUES( 2012, 509043, 629, 687 );
INSERT INTO obec  VALUES( 509051, 603, 'Telgart');
INSERT INTO populacia  VALUES( 2012, 509051, 759, 786 );
INSERT INTO obec  VALUES( 509086, 603, 'Valaska');
INSERT INTO populacia  VALUES( 2012, 509086, 1908, 1965 );
INSERT INTO obec  VALUES( 509094, 603, 'Valkovna');
INSERT INTO populacia  VALUES( 2012, 509094, 206, 208 );
INSERT INTO obec  VALUES( 509124, 603, 'Zavadka nad Hronom');
INSERT INTO populacia  VALUES( 2012, 509124, 1177, 1250 );
INSERT INTO obec  VALUES( 557251, 603, 'Bystra');
INSERT INTO populacia  VALUES( 2012, 557251, 99, 89 );
INSERT INTO obec  VALUES( 511510, 604, 'Latky');
INSERT INTO populacia  VALUES( 2012, 511510, 284, 294 );
INSERT INTO obec  VALUES( 511731, 604, 'Podkrivan');
INSERT INTO populacia  VALUES( 2012, 511731, 298, 294 );
INSERT INTO obec  VALUES( 518263, 604, 'Detva');
INSERT INTO populacia  VALUES( 2012, 518263, 7339, 7708 );
INSERT INTO obec  VALUES( 518271, 604, 'Detvianska Huta');
INSERT INTO populacia  VALUES( 2012, 518271, 352, 356 );
INSERT INTO obec  VALUES( 518379, 604, 'Dubravy');
INSERT INTO populacia  VALUES( 2012, 518379, 457, 496 );
INSERT INTO obec  VALUES( 518450, 604, 'Horny Tisovnik');
INSERT INTO populacia  VALUES( 2012, 518450, 112, 98 );
INSERT INTO obec  VALUES( 518468, 604, 'Hrinova');
INSERT INTO populacia  VALUES( 2012, 518468, 3805, 3988 );
INSERT INTO obec  VALUES( 518492, 604, 'Klokoc');
INSERT INTO populacia  VALUES( 2012, 518492, 236, 274 );
INSERT INTO obec  VALUES( 518549, 604, 'Krivan');
INSERT INTO populacia  VALUES( 2012, 518549, 853, 848 );
INSERT INTO obec  VALUES( 518794, 604, 'Slatinske Lazy');
INSERT INTO populacia  VALUES( 2012, 518794, 250, 251 );
INSERT INTO obec  VALUES( 518816, 604, 'Stara Huta');
INSERT INTO populacia  VALUES( 2012, 518816, 157, 169 );
INSERT INTO obec  VALUES( 518824, 604, 'Stozok');
INSERT INTO populacia  VALUES( 2012, 518824, 472, 500 );
INSERT INTO obec  VALUES( 518921, 604, 'Viglas');
INSERT INTO populacia  VALUES( 2012, 518921, 793, 877 );
INSERT INTO obec  VALUES( 518930, 604, 'Viglasska Huta - Kalinka');
INSERT INTO populacia  VALUES( 2012, 518930, 185, 180 );
INSERT INTO obec  VALUES( 580520, 604, 'Korytarky');
INSERT INTO populacia  VALUES( 2012, 580520, 481, 464 );
INSERT INTO obec  VALUES( 518212, 605, 'Bzovik');
INSERT INTO populacia  VALUES( 2012, 518212, 567, 561 );
INSERT INTO obec  VALUES( 518239, 605, 'Cerovo');
INSERT INTO populacia  VALUES( 2012, 518239, 287, 316 );
INSERT INTO obec  VALUES( 518247, 605, 'Cabradsky Vrbovok');
INSERT INTO populacia  VALUES( 2012, 518247, 143, 127 );
INSERT INTO obec  VALUES( 518255, 605, 'Cekovce');
INSERT INTO populacia  VALUES( 2012, 518255, 215, 225 );
INSERT INTO obec  VALUES( 518280, 605, 'Devicie');
INSERT INTO populacia  VALUES( 2012, 518280, 146, 156 );
INSERT INTO obec  VALUES( 518301, 605, 'Dolne Mladonice');
INSERT INTO populacia  VALUES( 2012, 518301, 57, 62 );
INSERT INTO obec  VALUES( 518310, 605, 'Dolny Badin');
INSERT INTO populacia  VALUES( 2012, 518310, 132, 128 );
INSERT INTO obec  VALUES( 518336, 605, 'Domaniky');
INSERT INTO populacia  VALUES( 2012, 518336, 86, 99 );
INSERT INTO obec  VALUES( 518344, 605, 'Drazovce');
INSERT INTO populacia  VALUES( 2012, 518344, 70, 73 );
INSERT INTO obec  VALUES( 518352, 605, 'Drienovo');
INSERT INTO populacia  VALUES( 2012, 518352, 59, 54 );
INSERT INTO obec  VALUES( 518387, 605, 'Dudince');
INSERT INTO populacia  VALUES( 2012, 518387, 676, 777 );
INSERT INTO obec  VALUES( 518409, 605, 'Hontianske Moravce');
INSERT INTO populacia  VALUES( 2012, 518409, 457, 445 );
INSERT INTO obec  VALUES( 518417, 605, 'Hontianske Nemce');
INSERT INTO populacia  VALUES( 2012, 518417, 762, 760 );
INSERT INTO obec  VALUES( 518425, 605, 'Hontianske Tesare');
INSERT INTO populacia  VALUES( 2012, 518425, 436, 492 );
INSERT INTO obec  VALUES( 518433, 605, 'Horne Mladonice');
INSERT INTO populacia  VALUES( 2012, 518433, 67, 103 );
INSERT INTO obec  VALUES( 518441, 605, 'Horny Badin');
INSERT INTO populacia  VALUES( 2012, 518441, 92, 86 );
INSERT INTO obec  VALUES( 518484, 605, 'Jalsovik');
INSERT INTO populacia  VALUES( 2012, 518484, 93, 106 );
INSERT INTO obec  VALUES( 518514, 605, 'Kozi Vrbovok');
INSERT INTO populacia  VALUES( 2012, 518514, 93, 81 );
INSERT INTO obec  VALUES( 518531, 605, 'Kralovce - Krnisov');
INSERT INTO populacia  VALUES( 2012, 518531, 84, 106 );
INSERT INTO obec  VALUES( 518557, 605, 'Krupina');
INSERT INTO populacia  VALUES( 2012, 518557, 3852, 4155 );
INSERT INTO obec  VALUES( 518565, 605, 'Lackov');
INSERT INTO populacia  VALUES( 2012, 518565, 53, 51 );
INSERT INTO obec  VALUES( 518573, 605, 'Ladzany');
INSERT INTO populacia  VALUES( 2012, 518573, 153, 145 );
INSERT INTO obec  VALUES( 518603, 605, 'Lisov');
INSERT INTO populacia  VALUES( 2012, 518603, 129, 118 );
INSERT INTO obec  VALUES( 518611, 605, 'Litava');
INSERT INTO populacia  VALUES( 2012, 518611, 381, 386 );
INSERT INTO obec  VALUES( 518646, 605, 'Medovarce');
INSERT INTO populacia  VALUES( 2012, 518646, 116, 135 );
INSERT INTO obec  VALUES( 518701, 605, 'Rykyncice');
INSERT INTO populacia  VALUES( 2012, 518701, 141, 158 );
INSERT INTO obec  VALUES( 518735, 605, 'Sebechleby');
INSERT INTO populacia  VALUES( 2012, 518735, 598, 623 );
INSERT INTO obec  VALUES( 518743, 605, 'Selce');
INSERT INTO populacia  VALUES( 2012, 518743, 53, 52 );
INSERT INTO obec  VALUES( 518751, 605, 'Senohrad');
INSERT INTO populacia  VALUES( 2012, 518751, 403, 379 );
INSERT INTO obec  VALUES( 518832, 605, 'Sudince');
INSERT INTO populacia  VALUES( 2012, 518832, 41, 40 );
INSERT INTO obec  VALUES( 518841, 605, 'Sudovce');
INSERT INTO populacia  VALUES( 2012, 518841, 114, 98 );
INSERT INTO obec  VALUES( 518867, 605, 'Terany');
INSERT INTO populacia  VALUES( 2012, 518867, 310, 349 );
INSERT INTO obec  VALUES( 518883, 605, 'Trpin');
INSERT INTO populacia  VALUES( 2012, 518883, 59, 55 );
INSERT INTO obec  VALUES( 518905, 605, 'Unatin');
INSERT INTO populacia  VALUES( 2012, 518905, 98, 90 );
INSERT INTO obec  VALUES( 518956, 605, 'Zemiansky Vrbovok');
INSERT INTO populacia  VALUES( 2012, 518956, 45, 52 );
INSERT INTO obec  VALUES( 518999, 605, 'Zibritov');
INSERT INTO populacia  VALUES( 2012, 518999, 39, 29 );
INSERT INTO obec  VALUES( 511218, 606, 'Lucenec');
INSERT INTO populacia  VALUES( 2012, 511218, 13257, 15156 );
INSERT INTO obec  VALUES( 511226, 606, 'Abelova');
INSERT INTO populacia  VALUES( 2012, 511226, 118, 130 );
INSERT INTO obec  VALUES( 511234, 606, 'Belina');
INSERT INTO populacia  VALUES( 2012, 511234, 292, 351 );
INSERT INTO obec  VALUES( 511251, 606, 'Bolkovce');
INSERT INTO populacia  VALUES( 2012, 511251, 315, 323 );
INSERT INTO obec  VALUES( 511277, 606, 'Budina');
INSERT INTO populacia  VALUES( 2012, 511277, 126, 130 );
INSERT INTO obec  VALUES( 511293, 606, 'Buzitka');
INSERT INTO populacia  VALUES( 2012, 511293, 272, 256 );
INSERT INTO obec  VALUES( 511323, 606, 'Cakanovce');
INSERT INTO populacia  VALUES( 2012, 511323, 524, 587 );
INSERT INTO obec  VALUES( 511331, 606, 'Camovce');
INSERT INTO populacia  VALUES( 2012, 511331, 308, 290 );
INSERT INTO obec  VALUES( 511358, 606, 'Divin');
INSERT INTO populacia  VALUES( 2012, 511358, 1020, 1041 );
INSERT INTO obec  VALUES( 511366, 606, 'Dobroc');
INSERT INTO populacia  VALUES( 2012, 511366, 310, 333 );
INSERT INTO obec  VALUES( 511374, 606, 'Kotmanova');
INSERT INTO populacia  VALUES( 2012, 511374, 164, 163 );
INSERT INTO obec  VALUES( 511391, 606, 'Filakovo');
INSERT INTO populacia  VALUES( 2012, 511391, 5144, 5655 );
INSERT INTO obec  VALUES( 511404, 606, 'Filakovske Kovace');
INSERT INTO populacia  VALUES( 2012, 511404, 451, 463 );
INSERT INTO obec  VALUES( 511421, 606, 'Halic');
INSERT INTO populacia  VALUES( 2012, 511421, 834, 847 );
INSERT INTO obec  VALUES( 511439, 606, 'Holisa');
INSERT INTO populacia  VALUES( 2012, 511439, 341, 342 );
INSERT INTO obec  VALUES( 511463, 606, 'Jelsovec');
INSERT INTO populacia  VALUES( 2012, 511463, 164, 143 );
INSERT INTO obec  VALUES( 511480, 606, 'Kalonda');
INSERT INTO populacia  VALUES( 2012, 511480, 111, 102 );
INSERT INTO obec  VALUES( 511528, 606, 'Lehotka');
INSERT INTO populacia  VALUES( 2012, 511528, 169, 170 );
INSERT INTO obec  VALUES( 511536, 606, 'Lentvora');
INSERT INTO populacia  VALUES( 2012, 511536, 51, 43 );
INSERT INTO obec  VALUES( 511544, 606, 'Lipovany');
INSERT INTO populacia  VALUES( 2012, 511544, 126, 133 );
INSERT INTO obec  VALUES( 511552, 606, 'Lovinobana');
INSERT INTO populacia  VALUES( 2012, 511552, 1044, 1122 );
INSERT INTO obec  VALUES( 511561, 606, 'Luborec');
INSERT INTO populacia  VALUES( 2012, 511561, 159, 177 );
INSERT INTO obec  VALUES( 511579, 606, 'Lupoc');
INSERT INTO populacia  VALUES( 2012, 511579, 122, 125 );
INSERT INTO obec  VALUES( 511609, 606, 'Maskova');
INSERT INTO populacia  VALUES( 2012, 511609, 178, 150 );
INSERT INTO obec  VALUES( 511625, 606, 'Mucin');
INSERT INTO populacia  VALUES( 2012, 511625, 374, 379 );
INSERT INTO obec  VALUES( 511641, 606, 'Mytna');
INSERT INTO populacia  VALUES( 2012, 511641, 563, 613 );
INSERT INTO obec  VALUES( 511668, 606, 'Nitra nad Iplom');
INSERT INTO populacia  VALUES( 2012, 511668, 180, 164 );
INSERT INTO obec  VALUES( 511676, 606, 'Nove Hony');
INSERT INTO populacia  VALUES( 2012, 511676, 90, 93 );
INSERT INTO obec  VALUES( 511692, 606, 'Panicke Dravce');
INSERT INTO populacia  VALUES( 2012, 511692, 366, 381 );
INSERT INTO obec  VALUES( 511706, 606, 'Pila');
INSERT INTO populacia  VALUES( 2012, 511706, 131, 145 );
INSERT INTO obec  VALUES( 511714, 606, 'Pincina');
INSERT INTO populacia  VALUES( 2012, 511714, 123, 131 );
INSERT INTO obec  VALUES( 511722, 606, 'Ples');
INSERT INTO populacia  VALUES( 2012, 511722, 107, 114 );
INSERT INTO obec  VALUES( 511749, 606, 'Podrecany');
INSERT INTO populacia  VALUES( 2012, 511749, 282, 300 );
INSERT INTO obec  VALUES( 511757, 606, 'Polichno');
INSERT INTO populacia  VALUES( 2012, 511757, 76, 66 );
INSERT INTO obec  VALUES( 511773, 606, 'Praha');
INSERT INTO populacia  VALUES( 2012, 511773, 41, 44 );
INSERT INTO obec  VALUES( 511781, 606, 'Prsa');
INSERT INTO populacia  VALUES( 2012, 511781, 99, 100 );
INSERT INTO obec  VALUES( 511790, 606, 'Radzovce');
INSERT INTO populacia  VALUES( 2012, 511790, 789, 786 );
INSERT INTO obec  VALUES( 511803, 606, 'Rapovce');
INSERT INTO populacia  VALUES( 2012, 511803, 472, 488 );
INSERT INTO obec  VALUES( 511811, 606, 'Ratka');
INSERT INTO populacia  VALUES( 2012, 511811, 161, 169 );
INSERT INTO obec  VALUES( 511838, 606, 'Ruzina');
INSERT INTO populacia  VALUES( 2012, 511838, 429, 441 );
INSERT INTO obec  VALUES( 511846, 606, 'Stara Halic');
INSERT INTO populacia  VALUES( 2012, 511846, 297, 376 );
INSERT INTO obec  VALUES( 511854, 606, 'Savol');
INSERT INTO populacia  VALUES( 2012, 511854, 269, 272 );
INSERT INTO obec  VALUES( 511862, 606, 'Siatorska Bukovinka');
INSERT INTO populacia  VALUES( 2012, 511862, 147, 157 );
INSERT INTO obec  VALUES( 511871, 606, 'Sid');
INSERT INTO populacia  VALUES( 2012, 511871, 640, 611 );
INSERT INTO obec  VALUES( 511897, 606, 'Surice');
INSERT INTO populacia  VALUES( 2012, 511897, 237, 251 );
INSERT INTO obec  VALUES( 511901, 606, 'Tocnica');
INSERT INTO populacia  VALUES( 2012, 511901, 192, 201 );
INSERT INTO obec  VALUES( 511919, 606, 'Tomasovce');
INSERT INTO populacia  VALUES( 2012, 511919, 676, 695 );
INSERT INTO obec  VALUES( 511927, 606, 'Trebelovce');
INSERT INTO populacia  VALUES( 2012, 511927, 482, 461 );
INSERT INTO obec  VALUES( 511943, 606, 'Tuhar');
INSERT INTO populacia  VALUES( 2012, 511943, 178, 192 );
INSERT INTO obec  VALUES( 511994, 606, 'Velka nad Iplom');
INSERT INTO populacia  VALUES( 2012, 511994, 454, 498 );
INSERT INTO obec  VALUES( 512010, 606, 'Velke Dravce');
INSERT INTO populacia  VALUES( 2012, 512010, 331, 335 );
INSERT INTO obec  VALUES( 557307, 606, 'Vidina');
INSERT INTO populacia  VALUES( 2012, 557307, 889, 962 );
INSERT INTO obec  VALUES( 557315, 606, 'Biskupice');
INSERT INTO populacia  VALUES( 2012, 557315, 567, 578 );
INSERT INTO obec  VALUES( 557331, 606, 'Gregorova Vieska');
INSERT INTO populacia  VALUES( 2012, 557331, 71, 72 );
INSERT INTO obec  VALUES( 557340, 606, 'Trenc');
INSERT INTO populacia  VALUES( 2012, 557340, 245, 231 );
INSERT INTO obec  VALUES( 558273, 606, 'Bulhary');
INSERT INTO populacia  VALUES( 2012, 558273, 148, 162 );
INSERT INTO obec  VALUES( 580309, 606, 'Mikusovce');
INSERT INTO populacia  VALUES( 2012, 580309, 136, 139 );
INSERT INTO obec  VALUES( 511269, 607, 'Breznicka');
INSERT INTO populacia  VALUES( 2012, 511269, 396, 388 );
INSERT INTO obec  VALUES( 511315, 607, 'Cinobana');
INSERT INTO populacia  VALUES( 2012, 511315, 1164, 1198 );
INSERT INTO obec  VALUES( 511340, 607, 'Ceske Brezovo');
INSERT INTO populacia  VALUES( 2012, 511340, 238, 275 );
INSERT INTO obec  VALUES( 511447, 607, 'Hradiste');
INSERT INTO populacia  VALUES( 2012, 511447, 115, 128 );
INSERT INTO obec  VALUES( 511471, 607, 'Kalinovo');
INSERT INTO populacia  VALUES( 2012, 511471, 1097, 1132 );
INSERT INTO obec  VALUES( 511498, 607, 'Kokava nad Rimavicou');
INSERT INTO populacia  VALUES( 2012, 511498, 1494, 1506 );
INSERT INTO obec  VALUES( 511501, 607, 'Krna');
INSERT INTO populacia  VALUES( 2012, 511501, 26, 26 );
INSERT INTO obec  VALUES( 511595, 607, 'Malinec');
INSERT INTO populacia  VALUES( 2012, 511595, 746, 778 );
INSERT INTO obec  VALUES( 511617, 607, 'Mladzovo');
INSERT INTO populacia  VALUES( 2012, 511617, 58, 50 );
INSERT INTO obec  VALUES( 511684, 607, 'Ozdin');
INSERT INTO populacia  VALUES( 2012, 511684, 185, 167 );
INSERT INTO obec  VALUES( 511765, 607, 'Poltar');
INSERT INTO populacia  VALUES( 2012, 511765, 2817, 2994 );
INSERT INTO obec  VALUES( 511820, 607, 'Rovnany');
INSERT INTO populacia  VALUES( 2012, 511820, 131, 141 );
INSERT INTO obec  VALUES( 511889, 607, 'Soltyska');
INSERT INTO populacia  VALUES( 2012, 511889, 63, 73 );
INSERT INTO obec  VALUES( 511978, 607, 'Uhorske');
INSERT INTO populacia  VALUES( 2012, 511978, 288, 269 );
INSERT INTO obec  VALUES( 512001, 607, 'Velka Ves');
INSERT INTO populacia  VALUES( 2012, 512001, 212, 244 );
INSERT INTO obec  VALUES( 514900, 607, 'Hrnciarska Ves');
INSERT INTO populacia  VALUES( 2012, 514900, 475, 511 );
INSERT INTO obec  VALUES( 514918, 607, 'Hrnciarske Zaluzany');
INSERT INTO populacia  VALUES( 2012, 514918, 420, 450 );
INSERT INTO obec  VALUES( 515515, 607, 'Selce');
INSERT INTO populacia  VALUES( 2012, 515515, 56, 61 );
INSERT INTO obec  VALUES( 515591, 607, 'Susany');
INSERT INTO populacia  VALUES( 2012, 515591, 210, 233 );
INSERT INTO obec  VALUES( 557323, 607, 'Dubakovo');
INSERT INTO populacia  VALUES( 2012, 557323, 47, 45 );
INSERT INTO obec  VALUES( 580317, 607, 'Utekac');
INSERT INTO populacia  VALUES( 2012, 580317, 486, 539 );
INSERT INTO obec  VALUES( 582051, 607, 'Zlatno');
INSERT INTO populacia  VALUES( 2012, 582051, 231, 237 );
INSERT INTO obec  VALUES( 514675, 608, 'Drzkovce');
INSERT INTO populacia  VALUES( 2012, 514675, 260, 297 );
INSERT INTO obec  VALUES( 514721, 608, 'Gemer');
INSERT INTO populacia  VALUES( 2012, 514721, 437, 442 );
INSERT INTO obec  VALUES( 514756, 608, 'Gemerska Ves');
INSERT INTO populacia  VALUES( 2012, 514756, 485, 473 );
INSERT INTO obec  VALUES( 514896, 608, 'Hrlica');
INSERT INTO populacia  VALUES( 2012, 514896, 44, 40 );
INSERT INTO obec  VALUES( 514977, 608, 'Chvalova');
INSERT INTO populacia  VALUES( 2012, 514977, 89, 91 );
INSERT INTO obec  VALUES( 515159, 608, 'Levkuska');
INSERT INTO populacia  VALUES( 2012, 515159, 122, 126 );
INSERT INTO obec  VALUES( 515256, 608, 'Otrocok');
INSERT INTO populacia  VALUES( 2012, 515256, 154, 150 );
INSERT INTO obec  VALUES( 515302, 608, 'Ploske');
INSERT INTO populacia  VALUES( 2012, 515302, 45, 32 );
INSERT INTO obec  VALUES( 515311, 608, 'Polina');
INSERT INTO populacia  VALUES( 2012, 515311, 62, 59 );
INSERT INTO obec  VALUES( 515361, 608, 'Rasice');
INSERT INTO populacia  VALUES( 2012, 515361, 58, 65 );
INSERT INTO obec  VALUES( 515370, 608, 'Ratkova');
INSERT INTO populacia  VALUES( 2012, 515370, 274, 273 );
INSERT INTO obec  VALUES( 515400, 608, 'Ratkovske Bystre');
INSERT INTO populacia  VALUES( 2012, 515400, 178, 198 );
INSERT INTO obec  VALUES( 515507, 608, 'Rybnik');
INSERT INTO populacia  VALUES( 2012, 515507, 81, 76 );
INSERT INTO obec  VALUES( 515523, 608, 'Skeresovo');
INSERT INTO populacia  VALUES( 2012, 515523, 126, 131 );
INSERT INTO obec  VALUES( 515574, 608, 'Levare');
INSERT INTO populacia  VALUES( 2012, 515574, 52, 48 );
INSERT INTO obec  VALUES( 515612, 608, 'Tornala');
INSERT INTO populacia  VALUES( 2012, 515612, 3550, 3900 );
INSERT INTO obec  VALUES( 515761, 608, 'Visnove');
INSERT INTO populacia  VALUES( 2012, 515761, 35, 29 );
INSERT INTO obec  VALUES( 515833, 608, 'Ziar');
INSERT INTO populacia  VALUES( 2012, 515833, 69, 86 );
INSERT INTO obec  VALUES( 525677, 608, 'Gemerske Teplice');
INSERT INTO populacia  VALUES( 2012, 525677, 185, 179 );
INSERT INTO obec  VALUES( 525685, 608, 'Gemersky Sad');
INSERT INTO populacia  VALUES( 2012, 525685, 138, 144 );
INSERT INTO obec  VALUES( 525766, 608, 'Hucin');
INSERT INTO populacia  VALUES( 2012, 525766, 446, 440 );
INSERT INTO obec  VALUES( 525774, 608, 'Chyzne');
INSERT INTO populacia  VALUES( 2012, 525774, 212, 214 );
INSERT INTO obec  VALUES( 525791, 608, 'Jelsava');
INSERT INTO populacia  VALUES( 2012, 525791, 1623, 1601 );
INSERT INTO obec  VALUES( 525812, 608, 'Kamenany');
INSERT INTO populacia  VALUES( 2012, 525812, 427, 370 );
INSERT INTO obec  VALUES( 525901, 608, 'Licince');
INSERT INTO populacia  VALUES( 2012, 525901, 374, 362 );
INSERT INTO obec  VALUES( 525928, 608, 'Lubenik');
INSERT INTO populacia  VALUES( 2012, 525928, 650, 682 );
INSERT INTO obec  VALUES( 525944, 608, 'Magnezitovce');
INSERT INTO populacia  VALUES( 2012, 525944, 239, 213 );
INSERT INTO obec  VALUES( 525987, 608, 'Muran');
INSERT INTO populacia  VALUES( 2012, 525987, 603, 639 );
INSERT INTO obec  VALUES( 525995, 608, 'Muranska Dlha Luka');
INSERT INTO populacia  VALUES( 2012, 525995, 450, 442 );
INSERT INTO obec  VALUES( 526002, 608, 'Muranska Huta');
INSERT INTO populacia  VALUES( 2012, 526002, 97, 102 );
INSERT INTO obec  VALUES( 526011, 608, 'Muranska Lehota');
INSERT INTO populacia  VALUES( 2012, 526011, 107, 89 );
INSERT INTO obec  VALUES( 526029, 608, 'Muranska Zdychava');
INSERT INTO populacia  VALUES( 2012, 526029, 131, 121 );
INSERT INTO obec  VALUES( 526037, 608, 'Nandraz');
INSERT INTO populacia  VALUES( 2012, 526037, 150, 136 );
INSERT INTO obec  VALUES( 526100, 608, 'Prihradzany');
INSERT INTO populacia  VALUES( 2012, 526100, 42, 44 );
INSERT INTO obec  VALUES( 526118, 608, 'Rakos');
INSERT INTO populacia  VALUES( 2012, 526118, 231, 193 );
INSERT INTO obec  VALUES( 526142, 608, 'Revuca');
INSERT INTO populacia  VALUES( 2012, 526142, 6198, 6568 );
INSERT INTO obec  VALUES( 526151, 608, 'Revucka Lehota');
INSERT INTO populacia  VALUES( 2012, 526151, 155, 167 );
INSERT INTO obec  VALUES( 526258, 608, 'Sirk');
INSERT INTO populacia  VALUES( 2012, 526258, 576, 580 );
INSERT INTO obec  VALUES( 526304, 608, 'Sivetice');
INSERT INTO populacia  VALUES( 2012, 526304, 204, 183 );
INSERT INTO obec  VALUES( 526321, 608, 'Turcok');
INSERT INTO populacia  VALUES( 2012, 526321, 142, 128 );
INSERT INTO obec  VALUES( 557820, 608, 'Sasa');
INSERT INTO populacia  VALUES( 2012, 557820, 95, 90 );
INSERT INTO obec  VALUES( 580384, 608, 'Mokra Luka');
INSERT INTO populacia  VALUES( 2012, 580384, 244, 283 );
INSERT INTO obec  VALUES( 514462, 609, 'Rimavska Sobota');
INSERT INTO populacia  VALUES( 2012, 514462, 11649, 12805 );
INSERT INTO obec  VALUES( 514489, 609, 'Babinec');
INSERT INTO populacia  VALUES( 2012, 514489, 34, 34 );
INSERT INTO obec  VALUES( 514501, 609, 'Barca');
INSERT INTO populacia  VALUES( 2012, 514501, 277, 256 );
INSERT INTO obec  VALUES( 514519, 609, 'Batka');
INSERT INTO populacia  VALUES( 2012, 514519, 476, 466 );
INSERT INTO obec  VALUES( 514535, 609, 'Belin');
INSERT INTO populacia  VALUES( 2012, 514535, 105, 100 );
INSERT INTO obec  VALUES( 514543, 609, 'Blhovce');
INSERT INTO populacia  VALUES( 2012, 514543, 390, 412 );
INSERT INTO obec  VALUES( 514551, 609, 'Bottovo');
INSERT INTO populacia  VALUES( 2012, 514551, 104, 101 );
INSERT INTO obec  VALUES( 514586, 609, 'Budikovany');
INSERT INTO populacia  VALUES( 2012, 514586, 27, 29 );
INSERT INTO obec  VALUES( 514594, 609, 'Cakov');
INSERT INTO populacia  VALUES( 2012, 514594, 158, 144 );
INSERT INTO obec  VALUES( 514608, 609, 'Cerencany');
INSERT INTO populacia  VALUES( 2012, 514608, 272, 277 );
INSERT INTO obec  VALUES( 514616, 609, 'Cierny Potok');
INSERT INTO populacia  VALUES( 2012, 514616, 82, 76 );
INSERT INTO obec  VALUES( 514624, 609, 'Ciz');
INSERT INTO populacia  VALUES( 2012, 514624, 316, 346 );
INSERT INTO obec  VALUES( 514632, 609, 'Dolne Zahorany');
INSERT INTO populacia  VALUES( 2012, 514632, 87, 110 );
INSERT INTO obec  VALUES( 514641, 609, 'Drazice');
INSERT INTO populacia  VALUES( 2012, 514641, 126, 140 );
INSERT INTO obec  VALUES( 514659, 609, 'Driencany');
INSERT INTO populacia  VALUES( 2012, 514659, 131, 110 );
INSERT INTO obec  VALUES( 514667, 609, 'Drna');
INSERT INTO populacia  VALUES( 2012, 514667, 110, 106 );
INSERT INTO obec  VALUES( 514683, 609, 'Dubno');
INSERT INTO populacia  VALUES( 2012, 514683, 63, 91 );
INSERT INTO obec  VALUES( 514691, 609, 'Dubovec');
INSERT INTO populacia  VALUES( 2012, 514691, 271, 285 );
INSERT INTO obec  VALUES( 514713, 609, 'Figa');
INSERT INTO populacia  VALUES( 2012, 514713, 222, 197 );
INSERT INTO obec  VALUES( 514730, 609, 'Gemercek');
INSERT INTO populacia  VALUES( 2012, 514730, 50, 55 );
INSERT INTO obec  VALUES( 514764, 609, 'Gemerske Dechtare');
INSERT INTO populacia  VALUES( 2012, 514764, 212, 242 );
INSERT INTO obec  VALUES( 514781, 609, 'Gemersky Jablonec');
INSERT INTO populacia  VALUES( 2012, 514781, 340, 365 );
INSERT INTO obec  VALUES( 514799, 609, 'Gortva');
INSERT INTO populacia  VALUES( 2012, 514799, 258, 284 );
INSERT INTO obec  VALUES( 514811, 609, 'Hajnacka');
INSERT INTO populacia  VALUES( 2012, 514811, 572, 619 );
INSERT INTO obec  VALUES( 514829, 609, 'Hnusta');
INSERT INTO populacia  VALUES( 2012, 514829, 3781, 3920 );
INSERT INTO obec  VALUES( 514837, 609, 'Hodejov');
INSERT INTO populacia  VALUES( 2012, 514837, 756, 831 );
INSERT INTO obec  VALUES( 514845, 609, 'Hodejovec');
INSERT INTO populacia  VALUES( 2012, 514845, 98, 102 );
INSERT INTO obec  VALUES( 514853, 609, 'Horne Zahorany');
INSERT INTO populacia  VALUES( 2012, 514853, 70, 56 );
INSERT INTO obec  VALUES( 514861, 609, 'Hostice');
INSERT INTO populacia  VALUES( 2012, 514861, 514, 523 );
INSERT INTO obec  VALUES( 514870, 609, 'Hostisovce');
INSERT INTO populacia  VALUES( 2012, 514870, 120, 107 );
INSERT INTO obec  VALUES( 514888, 609, 'Hrachovo');
INSERT INTO populacia  VALUES( 2012, 514888, 427, 441 );
INSERT INTO obec  VALUES( 514926, 609, 'Hrusovo');
INSERT INTO populacia  VALUES( 2012, 514926, 99, 100 );
INSERT INTO obec  VALUES( 514934, 609, 'Hubovo');
INSERT INTO populacia  VALUES( 2012, 514934, 63, 75 );
INSERT INTO obec  VALUES( 514942, 609, 'Husina');
INSERT INTO populacia  VALUES( 2012, 514942, 255, 280 );
INSERT INTO obec  VALUES( 514951, 609, 'Chanava');
INSERT INTO populacia  VALUES( 2012, 514951, 323, 373 );
INSERT INTO obec  VALUES( 514969, 609, 'Chramec');
INSERT INTO populacia  VALUES( 2012, 514969, 203, 216 );
INSERT INTO obec  VALUES( 514985, 609, 'Ivanice');
INSERT INTO populacia  VALUES( 2012, 514985, 144, 116 );
INSERT INTO obec  VALUES( 514993, 609, 'Janice');
INSERT INTO populacia  VALUES( 2012, 514993, 102, 114 );
INSERT INTO obec  VALUES( 515001, 609, 'Jesenske');
INSERT INTO populacia  VALUES( 2012, 515001, 1108, 1130 );
INSERT INTO obec  VALUES( 515019, 609, 'Jestice');
INSERT INTO populacia  VALUES( 2012, 515019, 78, 93 );
INSERT INTO obec  VALUES( 515027, 609, 'Kalosa');
INSERT INTO populacia  VALUES( 2012, 515027, 357, 423 );
INSERT INTO obec  VALUES( 515035, 609, 'Kesovce');
INSERT INTO populacia  VALUES( 2012, 515035, 123, 122 );
INSERT INTO obec  VALUES( 515043, 609, 'Klenovec');
INSERT INTO populacia  VALUES( 2012, 515043, 1608, 1670 );
INSERT INTO obec  VALUES( 515051, 609, 'Kociha');
INSERT INTO populacia  VALUES( 2012, 515051, 105, 113 );
INSERT INTO obec  VALUES( 515060, 609, 'Konradovce');
INSERT INTO populacia  VALUES( 2012, 515060, 173, 172 );
INSERT INTO obec  VALUES( 515078, 609, 'Kral');
INSERT INTO populacia  VALUES( 2012, 515078, 476, 492 );
INSERT INTO obec  VALUES( 515086, 609, 'Kraskovo');
INSERT INTO populacia  VALUES( 2012, 515086, 77, 72 );
INSERT INTO obec  VALUES( 515094, 609, 'Krokava');
INSERT INTO populacia  VALUES( 2012, 515094, 19, 10 );
INSERT INTO obec  VALUES( 515108, 609, 'Kruzno');
INSERT INTO populacia  VALUES( 2012, 515108, 189, 174 );
INSERT INTO obec  VALUES( 515116, 609, 'Kyjatice');
INSERT INTO populacia  VALUES( 2012, 515116, 51, 33 );
INSERT INTO obec  VALUES( 515124, 609, 'Lehota nad Rimavicou');
INSERT INTO populacia  VALUES( 2012, 515124, 139, 138 );
INSERT INTO obec  VALUES( 515132, 609, 'Lenartovce');
INSERT INTO populacia  VALUES( 2012, 515132, 283, 269 );
INSERT INTO obec  VALUES( 515141, 609, 'Lenka');
INSERT INTO populacia  VALUES( 2012, 515141, 88, 99 );
INSERT INTO obec  VALUES( 515167, 609, 'Lipovec');
INSERT INTO populacia  VALUES( 2012, 515167, 48, 46 );
INSERT INTO obec  VALUES( 515175, 609, 'Lukovistia');
INSERT INTO populacia  VALUES( 2012, 515175, 98, 94 );
INSERT INTO obec  VALUES( 515183, 609, 'Martinova');
INSERT INTO populacia  VALUES( 2012, 515183, 108, 112 );
INSERT INTO obec  VALUES( 515205, 609, 'Neporadza');
INSERT INTO populacia  VALUES( 2012, 515205, 155, 119 );
INSERT INTO obec  VALUES( 515230, 609, 'Nova Basta');
INSERT INTO populacia  VALUES( 2012, 515230, 261, 261 );
INSERT INTO obec  VALUES( 515248, 609, 'Oravka');
INSERT INTO populacia  VALUES( 2012, 515248, 72, 83 );
INSERT INTO obec  VALUES( 515264, 609, 'Ozdany');
INSERT INTO populacia  VALUES( 2012, 515264, 769, 871 );
INSERT INTO obec  VALUES( 515272, 609, 'Padarovce');
INSERT INTO populacia  VALUES( 2012, 515272, 97, 91 );
INSERT INTO obec  VALUES( 515281, 609, 'Pavlovce');
INSERT INTO populacia  VALUES( 2012, 515281, 188, 204 );
INSERT INTO obec  VALUES( 515299, 609, 'Petrovce');
INSERT INTO populacia  VALUES( 2012, 515299, 120, 119 );
INSERT INTO obec  VALUES( 515337, 609, 'Poproc');
INSERT INTO populacia  VALUES( 2012, 515337, 12, 12 );
INSERT INTO obec  VALUES( 515345, 609, 'Potok');
INSERT INTO populacia  VALUES( 2012, 515345, 28, 20 );
INSERT INTO obec  VALUES( 515353, 609, 'Radnovce');
INSERT INTO populacia  VALUES( 2012, 515353, 435, 417 );
INSERT INTO obec  VALUES( 515388, 609, 'Ratkovska Lehota');
INSERT INTO populacia  VALUES( 2012, 515388, 32, 27 );
INSERT INTO obec  VALUES( 515396, 609, 'Ratkovska Sucha');
INSERT INTO populacia  VALUES( 2012, 515396, 22, 28 );
INSERT INTO obec  VALUES( 515426, 609, 'Rimavska Bana');
INSERT INTO populacia  VALUES( 2012, 515426, 287, 262 );
INSERT INTO obec  VALUES( 515442, 609, 'Rimavska Sec');
INSERT INTO populacia  VALUES( 2012, 515442, 959, 1004 );
INSERT INTO obec  VALUES( 515451, 609, 'Rimavske Brezovo');
INSERT INTO populacia  VALUES( 2012, 515451, 279, 276 );
INSERT INTO obec  VALUES( 515469, 609, 'Rimavske Janovce');
INSERT INTO populacia  VALUES( 2012, 515469, 635, 694 );
INSERT INTO obec  VALUES( 515485, 609, 'Rovne');
INSERT INTO populacia  VALUES( 2012, 515485, 68, 69 );
INSERT INTO obec  VALUES( 515493, 609, 'Rumince');
INSERT INTO populacia  VALUES( 2012, 515493, 183, 192 );
INSERT INTO obec  VALUES( 515531, 609, 'Slizke');
INSERT INTO populacia  VALUES( 2012, 515531, 114, 95 );
INSERT INTO obec  VALUES( 515540, 609, 'Stara Basta');
INSERT INTO populacia  VALUES( 2012, 515540, 147, 175 );
INSERT INTO obec  VALUES( 515566, 609, 'Stranska');
INSERT INTO populacia  VALUES( 2012, 515566, 175, 167 );
INSERT INTO obec  VALUES( 515582, 609, 'Studena');
INSERT INTO populacia  VALUES( 2012, 515582, 126, 151 );
INSERT INTO obec  VALUES( 515604, 609, 'Sutor');
INSERT INTO populacia  VALUES( 2012, 515604, 288, 248 );
INSERT INTO obec  VALUES( 515621, 609, 'Simonovce');
INSERT INTO populacia  VALUES( 2012, 515621, 289, 299 );
INSERT INTO obec  VALUES( 515639, 609, 'Sirkovce');
INSERT INTO populacia  VALUES( 2012, 515639, 463, 476 );
INSERT INTO obec  VALUES( 515647, 609, 'Spanie Pole');
INSERT INTO populacia  VALUES( 2012, 515647, 40, 43 );
INSERT INTO obec  VALUES( 515655, 609, 'Strkovec');
INSERT INTO populacia  VALUES( 2012, 515655, 180, 197 );
INSERT INTO obec  VALUES( 515663, 609, 'Tachty');
INSERT INTO populacia  VALUES( 2012, 515663, 255, 274 );
INSERT INTO obec  VALUES( 515671, 609, 'Teply Vrch');
INSERT INTO populacia  VALUES( 2012, 515671, 150, 142 );
INSERT INTO obec  VALUES( 515680, 609, 'Tisovec');
INSERT INTO populacia  VALUES( 2012, 515680, 2053, 2217 );
INSERT INTO obec  VALUES( 515698, 609, 'Tomasovce');
INSERT INTO populacia  VALUES( 2012, 515698, 93, 102 );
INSERT INTO obec  VALUES( 515701, 609, 'Uzovska Panica');
INSERT INTO populacia  VALUES( 2012, 515701, 369, 374 );
INSERT INTO obec  VALUES( 515710, 609, 'Vcelince');
INSERT INTO populacia  VALUES( 2012, 515710, 392, 407 );
INSERT INTO obec  VALUES( 515728, 609, 'Vecelkov');
INSERT INTO populacia  VALUES( 2012, 515728, 116, 136 );
INSERT INTO obec  VALUES( 515736, 609, 'Velke Teriakovce');
INSERT INTO populacia  VALUES( 2012, 515736, 456, 435 );
INSERT INTO obec  VALUES( 515744, 609, 'Velky Blh');
INSERT INTO populacia  VALUES( 2012, 515744, 544, 656 );
INSERT INTO obec  VALUES( 515752, 609, 'Vieska nad Blhom');
INSERT INTO populacia  VALUES( 2012, 515752, 91, 85 );
INSERT INTO obec  VALUES( 515779, 609, 'Vlkyna');
INSERT INTO populacia  VALUES( 2012, 515779, 176, 180 );
INSERT INTO obec  VALUES( 515795, 609, 'Valice');
INSERT INTO populacia  VALUES( 2012, 515795, 164, 157 );
INSERT INTO obec  VALUES( 515809, 609, 'Vysny Skalnik');
INSERT INTO populacia  VALUES( 2012, 515809, 77, 74 );
INSERT INTO obec  VALUES( 515817, 609, 'Zador');
INSERT INTO populacia  VALUES( 2012, 515817, 61, 85 );
INSERT INTO obec  VALUES( 515841, 609, 'Zip');
INSERT INTO populacia  VALUES( 2012, 515841, 114, 115 );
INSERT INTO obec  VALUES( 557757, 609, 'Abovce');
INSERT INTO populacia  VALUES( 2012, 557757, 313, 296 );
INSERT INTO obec  VALUES( 557765, 609, 'Riecka');
INSERT INTO populacia  VALUES( 2012, 557765, 123, 106 );
INSERT INTO obec  VALUES( 557790, 609, 'Nizny Skalnik');
INSERT INTO populacia  VALUES( 2012, 557790, 99, 103 );
INSERT INTO obec  VALUES( 557811, 609, 'Rimavske Zaluzany');
INSERT INTO populacia  VALUES( 2012, 557811, 160, 169 );
INSERT INTO obec  VALUES( 557854, 609, 'Rakytnik');
INSERT INTO populacia  VALUES( 2012, 557854, 142, 167 );
INSERT INTO obec  VALUES( 557889, 609, 'Gemerske Michalovce');
INSERT INTO populacia  VALUES( 2012, 557889, 50, 46 );
INSERT INTO obec  VALUES( 557901, 609, 'Vysne Valice');
INSERT INTO populacia  VALUES( 2012, 557901, 152, 143 );
INSERT INTO obec  VALUES( 557919, 609, 'Dulovo');
INSERT INTO populacia  VALUES( 2012, 557919, 101, 108 );
INSERT INTO obec  VALUES( 557927, 609, 'Zacharovce');
INSERT INTO populacia  VALUES( 2012, 557927, 205, 199 );
INSERT INTO obec  VALUES( 515850, 610, 'Velky Krtis');
INSERT INTO populacia  VALUES( 2012, 515850, 6104, 6652 );
INSERT INTO obec  VALUES( 515868, 610, 'Balog nad Iplom');
INSERT INTO populacia  VALUES( 2012, 515868, 398, 432 );
INSERT INTO obec  VALUES( 515876, 610, 'Batorova');
INSERT INTO populacia  VALUES( 2012, 515876, 180, 187 );
INSERT INTO obec  VALUES( 515884, 610, 'Brusnik');
INSERT INTO populacia  VALUES( 2012, 515884, 58, 51 );
INSERT INTO obec  VALUES( 515892, 610, 'Busince');
INSERT INTO populacia  VALUES( 2012, 515892, 701, 762 );
INSERT INTO obec  VALUES( 515906, 610, 'Cebovce');
INSERT INTO populacia  VALUES( 2012, 515906, 546, 528 );
INSERT INTO obec  VALUES( 515914, 610, 'Celare');
INSERT INTO populacia  VALUES( 2012, 515914, 279, 210 );
INSERT INTO obec  VALUES( 515922, 610, 'Celovce');
INSERT INTO populacia  VALUES( 2012, 515922, 209, 223 );
INSERT INTO obec  VALUES( 515931, 610, 'Cervenany');
INSERT INTO populacia  VALUES( 2012, 515931, 15, 29 );
INSERT INTO obec  VALUES( 515949, 610, 'Dacov Lom');
INSERT INTO populacia  VALUES( 2012, 515949, 213, 218 );
INSERT INTO obec  VALUES( 515957, 610, 'Dolinka');
INSERT INTO populacia  VALUES( 2012, 515957, 225, 253 );
INSERT INTO obec  VALUES( 515965, 610, 'Dolna Strehova');
INSERT INTO populacia  VALUES( 2012, 515965, 510, 543 );
INSERT INTO obec  VALUES( 515973, 610, 'Dolne Plachtince');
INSERT INTO populacia  VALUES( 2012, 515973, 287, 314 );
INSERT INTO obec  VALUES( 515981, 610, 'Dolne Strhare');
INSERT INTO populacia  VALUES( 2012, 515981, 93, 90 );
INSERT INTO obec  VALUES( 515990, 610, 'Durkovce');
INSERT INTO populacia  VALUES( 2012, 515990, 60, 71 );
INSERT INTO obec  VALUES( 516007, 610, 'Glabusovce');
INSERT INTO populacia  VALUES( 2012, 516007, 66, 57 );
INSERT INTO obec  VALUES( 516015, 610, 'Horna Strehova');
INSERT INTO populacia  VALUES( 2012, 516015, 88, 91 );
INSERT INTO obec  VALUES( 516023, 610, 'Horne Plachtince');
INSERT INTO populacia  VALUES( 2012, 516023, 102, 110 );
INSERT INTO obec  VALUES( 516031, 610, 'Horne Strhare');
INSERT INTO populacia  VALUES( 2012, 516031, 130, 135 );
INSERT INTO obec  VALUES( 516040, 610, 'Hrusov');
INSERT INTO populacia  VALUES( 2012, 516040, 432, 435 );
INSERT INTO obec  VALUES( 516058, 610, 'Chrastince');
INSERT INTO populacia  VALUES( 2012, 516058, 121, 115 );
INSERT INTO obec  VALUES( 516066, 610, 'Chrtany');
INSERT INTO populacia  VALUES( 2012, 516066, 78, 68 );
INSERT INTO obec  VALUES( 516074, 610, 'Ipelske Predmostie');
INSERT INTO populacia  VALUES( 2012, 516074, 338, 291 );
INSERT INTO obec  VALUES( 516082, 610, 'Kamenne Kosihy');
INSERT INTO populacia  VALUES( 2012, 516082, 169, 183 );
INSERT INTO obec  VALUES( 516091, 610, 'Kiarov');
INSERT INTO populacia  VALUES( 2012, 516091, 155, 157 );
INSERT INTO obec  VALUES( 516104, 610, 'Klenany');
INSERT INTO populacia  VALUES( 2012, 516104, 142, 150 );
INSERT INTO obec  VALUES( 516112, 610, 'Kolare');
INSERT INTO populacia  VALUES( 2012, 516112, 132, 137 );
INSERT INTO obec  VALUES( 516121, 610, 'Kosihovce');
INSERT INTO populacia  VALUES( 2012, 516121, 303, 288 );
INSERT INTO obec  VALUES( 516139, 610, 'Kosihy nad Iplom');
INSERT INTO populacia  VALUES( 2012, 516139, 203, 252 );
INSERT INTO obec  VALUES( 516147, 610, 'Kovacovce');
INSERT INTO populacia  VALUES( 2012, 516147, 191, 184 );
INSERT INTO obec  VALUES( 516155, 610, 'Lesenice');
INSERT INTO populacia  VALUES( 2012, 516155, 239, 289 );
INSERT INTO obec  VALUES( 516163, 610, 'Luboriecka');
INSERT INTO populacia  VALUES( 2012, 516163, 67, 81 );
INSERT INTO obec  VALUES( 516171, 610, 'Mala Calomija');
INSERT INTO populacia  VALUES( 2012, 516171, 107, 108 );
INSERT INTO obec  VALUES( 516198, 610, 'Male Zlievce');
INSERT INTO populacia  VALUES( 2012, 516198, 136, 143 );
INSERT INTO obec  VALUES( 516210, 610, 'Modry Kamen');
INSERT INTO populacia  VALUES( 2012, 516210, 793, 775 );
INSERT INTO obec  VALUES( 516228, 610, 'Mula');
INSERT INTO populacia  VALUES( 2012, 516228, 164, 162 );
INSERT INTO obec  VALUES( 516236, 610, 'Nenince');
INSERT INTO populacia  VALUES( 2012, 516236, 682, 718 );
INSERT INTO obec  VALUES( 516244, 610, 'Nova Ves');
INSERT INTO populacia  VALUES( 2012, 516244, 199, 201 );
INSERT INTO obec  VALUES( 516252, 610, 'Obeckov');
INSERT INTO populacia  VALUES( 2012, 516252, 249, 244 );
INSERT INTO obec  VALUES( 516261, 610, 'Olovary');
INSERT INTO populacia  VALUES( 2012, 516261, 139, 160 );
INSERT INTO obec  VALUES( 516279, 610, 'Opatovska Nova Ves');
INSERT INTO populacia  VALUES( 2012, 516279, 354, 357 );
INSERT INTO obec  VALUES( 516287, 610, 'Opava');
INSERT INTO populacia  VALUES( 2012, 516287, 67, 65 );
INSERT INTO obec  VALUES( 516295, 610, 'Potor');
INSERT INTO populacia  VALUES( 2012, 516295, 402, 429 );
INSERT INTO obec  VALUES( 516309, 610, 'Pravica');
INSERT INTO populacia  VALUES( 2012, 516309, 58, 62 );
INSERT INTO obec  VALUES( 516317, 610, 'Pribelce');
INSERT INTO populacia  VALUES( 2012, 516317, 274, 293 );
INSERT INTO obec  VALUES( 516333, 610, 'Secianky');
INSERT INTO populacia  VALUES( 2012, 516333, 186, 199 );
INSERT INTO obec  VALUES( 516341, 610, 'Selany');
INSERT INTO populacia  VALUES( 2012, 516341, 97, 109 );
INSERT INTO obec  VALUES( 516368, 610, 'Senne');
INSERT INTO populacia  VALUES( 2012, 516368, 96, 125 );
INSERT INTO obec  VALUES( 516376, 610, 'Sklabina');
INSERT INTO populacia  VALUES( 2012, 516376, 417, 446 );
INSERT INTO obec  VALUES( 516384, 610, 'Slovenske Darmoty');
INSERT INTO populacia  VALUES( 2012, 516384, 296, 276 );
INSERT INTO obec  VALUES( 516392, 610, 'Slovenske Klacany');
INSERT INTO populacia  VALUES( 2012, 516392, 71, 91 );
INSERT INTO obec  VALUES( 516406, 610, 'Stredne Plachtince');
INSERT INTO populacia  VALUES( 2012, 516406, 294, 346 );
INSERT INTO obec  VALUES( 516414, 610, 'Suchan');
INSERT INTO populacia  VALUES( 2012, 516414, 140, 129 );
INSERT INTO obec  VALUES( 516422, 610, 'Suche Brezovo');
INSERT INTO populacia  VALUES( 2012, 516422, 54, 55 );
INSERT INTO obec  VALUES( 516431, 610, 'Sirakov');
INSERT INTO populacia  VALUES( 2012, 516431, 100, 110 );
INSERT INTO obec  VALUES( 516449, 610, 'Sula');
INSERT INTO populacia  VALUES( 2012, 516449, 35, 38 );
INSERT INTO obec  VALUES( 516457, 610, 'Trebusovce');
INSERT INTO populacia  VALUES( 2012, 516457, 92, 110 );
INSERT INTO obec  VALUES( 516465, 610, 'Velka Calomija');
INSERT INTO populacia  VALUES( 2012, 516465, 292, 315 );
INSERT INTO obec  VALUES( 516473, 610, 'Velka Ves nad Iplom');
INSERT INTO populacia  VALUES( 2012, 516473, 215, 203 );
INSERT INTO obec  VALUES( 516490, 610, 'Velke Zlievce');
INSERT INTO populacia  VALUES( 2012, 516490, 245, 244 );
INSERT INTO obec  VALUES( 516503, 610, 'Velky Lom');
INSERT INTO populacia  VALUES( 2012, 516503, 106, 99 );
INSERT INTO obec  VALUES( 516511, 610, 'Vieska');
INSERT INTO populacia  VALUES( 2012, 516511, 119, 104 );
INSERT INTO obec  VALUES( 516520, 610, 'Vinica');
INSERT INTO populacia  VALUES( 2012, 516520, 860, 957 );
INSERT INTO obec  VALUES( 516538, 610, 'Vrbovka');
INSERT INTO populacia  VALUES( 2012, 516538, 176, 183 );
INSERT INTO obec  VALUES( 516546, 610, 'Zahorce');
INSERT INTO populacia  VALUES( 2012, 516546, 313, 366 );
INSERT INTO obec  VALUES( 516554, 610, 'Zavada');
INSERT INTO populacia  VALUES( 2012, 516554, 247, 251 );
INSERT INTO obec  VALUES( 516562, 610, 'Zombor');
INSERT INTO populacia  VALUES( 2012, 516562, 72, 68 );
INSERT INTO obec  VALUES( 516571, 610, 'Zelovce');
INSERT INTO populacia  VALUES( 2012, 516571, 629, 697 );
INSERT INTO obec  VALUES( 558192, 610, 'Maly Krtis');
INSERT INTO populacia  VALUES( 2012, 558192, 257, 272 );
INSERT INTO obec  VALUES( 558206, 610, 'Male Straciny');
INSERT INTO populacia  VALUES( 2012, 558206, 74, 61 );
INSERT INTO obec  VALUES( 558214, 610, 'Velke Straciny');
INSERT INTO populacia  VALUES( 2012, 558214, 92, 90 );
INSERT INTO obec  VALUES( 518158, 611, 'Zvolen');
INSERT INTO populacia  VALUES( 2012, 518158, 20524, 22624 );
INSERT INTO obec  VALUES( 518166, 611, 'Babina');
INSERT INTO populacia  VALUES( 2012, 518166, 266, 261 );
INSERT INTO obec  VALUES( 518174, 611, 'Bacurov');
INSERT INTO populacia  VALUES( 2012, 518174, 79, 79 );
INSERT INTO obec  VALUES( 518191, 611, 'Breziny');
INSERT INTO populacia  VALUES( 2012, 518191, 182, 182 );
INSERT INTO obec  VALUES( 518204, 611, 'Budca');
INSERT INTO populacia  VALUES( 2012, 518204, 627, 646 );
INSERT INTO obec  VALUES( 518221, 611, 'Bzovska Lehotka');
INSERT INTO populacia  VALUES( 2012, 518221, 59, 79 );
INSERT INTO obec  VALUES( 518298, 611, 'Dobra Niva');
INSERT INTO populacia  VALUES( 2012, 518298, 910, 957 );
INSERT INTO obec  VALUES( 518361, 611, 'Dubove');
INSERT INTO populacia  VALUES( 2012, 518361, 129, 137 );
INSERT INTO obec  VALUES( 518476, 611, 'Hronska Breznica');
INSERT INTO populacia  VALUES( 2012, 518476, 127, 134 );
INSERT INTO obec  VALUES( 518506, 611, 'Kovacova');
INSERT INTO populacia  VALUES( 2012, 518506, 763, 766 );
INSERT INTO obec  VALUES( 518581, 611, 'Lest (vojensky obvod)');
INSERT INTO populacia  VALUES( 2012, 518581, 47, 43 );
INSERT INTO obec  VALUES( 518654, 611, 'Michalkova');
INSERT INTO populacia  VALUES( 2012, 518654, 19, 19 );
INSERT INTO obec  VALUES( 518662, 611, 'Ocova');
INSERT INTO populacia  VALUES( 2012, 518662, 1271, 1339 );
INSERT INTO obec  VALUES( 518671, 611, 'Ostra Luka');
INSERT INTO populacia  VALUES( 2012, 518671, 152, 147 );
INSERT INTO obec  VALUES( 518689, 611, 'Pliesovce');
INSERT INTO populacia  VALUES( 2012, 518689, 1097, 1170 );
INSERT INTO obec  VALUES( 518697, 611, 'Podzamcok');
INSERT INTO populacia  VALUES( 2012, 518697, 238, 248 );
INSERT INTO obec  VALUES( 518727, 611, 'Sasa');
INSERT INTO populacia  VALUES( 2012, 518727, 488, 460 );
INSERT INTO obec  VALUES( 518760, 611, 'Sielnica');
INSERT INTO populacia  VALUES( 2012, 518760, 659, 686 );
INSERT INTO obec  VALUES( 518808, 611, 'Sliac');
INSERT INTO populacia  VALUES( 2012, 518808, 2451, 2605 );
INSERT INTO obec  VALUES( 518875, 611, 'Trnie');
INSERT INTO populacia  VALUES( 2012, 518875, 222, 200 );
INSERT INTO obec  VALUES( 518891, 611, 'Turova');
INSERT INTO populacia  VALUES( 2012, 518891, 192, 205 );
INSERT INTO obec  VALUES( 518972, 611, 'Zvolenska Slatina');
INSERT INTO populacia  VALUES( 2012, 518972, 1343, 1476 );
INSERT INTO obec  VALUES( 518981, 611, 'Zelezna Breznica');
INSERT INTO populacia  VALUES( 2012, 518981, 265, 277 );
INSERT INTO obec  VALUES( 558087, 611, 'Lukavica');
INSERT INTO populacia  VALUES( 2012, 558087, 82, 81 );
INSERT INTO obec  VALUES( 558133, 611, 'Lieskovec');
INSERT INTO populacia  VALUES( 2012, 558133, 688, 760 );
INSERT INTO obec  VALUES( 581585, 611, 'Velka Luka');
INSERT INTO populacia  VALUES( 2012, 581585, 260, 273 );
INSERT INTO obec  VALUES( 516759, 612, 'Hodrusa - Hamre');
INSERT INTO populacia  VALUES( 2012, 516759, 1103, 1139 );
INSERT INTO obec  VALUES( 516805, 612, 'Horne Hamre');
INSERT INTO populacia  VALUES( 2012, 516805, 314, 290 );
INSERT INTO obec  VALUES( 516813, 612, 'Hrabicov');
INSERT INTO populacia  VALUES( 2012, 516813, 290, 292 );
INSERT INTO obec  VALUES( 516830, 612, 'Hronsky Benadik');
INSERT INTO populacia  VALUES( 2012, 516830, 607, 596 );
INSERT INTO obec  VALUES( 516902, 612, 'Klak');
INSERT INTO populacia  VALUES( 2012, 516902, 118, 117 );
INSERT INTO obec  VALUES( 517062, 612, 'Mala Lehota');
INSERT INTO populacia  VALUES( 2012, 517062, 476, 448 );
INSERT INTO obec  VALUES( 517097, 612, 'Nova Bana');
INSERT INTO populacia  VALUES( 2012, 517097, 3650, 3892 );
INSERT INTO obec  VALUES( 517119, 612, 'Ostry Grun');
INSERT INTO populacia  VALUES( 2012, 517119, 273, 251 );
INSERT INTO obec  VALUES( 517127, 612, 'Pila');
INSERT INTO populacia  VALUES( 2012, 517127, 75, 69 );
INSERT INTO obec  VALUES( 517232, 612, 'Rudno nad Hronom');
INSERT INTO populacia  VALUES( 2012, 517232, 249, 261 );
INSERT INTO obec  VALUES( 517291, 612, 'Tekovska Breznica');
INSERT INTO populacia  VALUES( 2012, 517291, 584, 651 );
INSERT INTO obec  VALUES( 517330, 612, 'Velka Lehota');
INSERT INTO populacia  VALUES( 2012, 517330, 597, 588 );
INSERT INTO obec  VALUES( 517348, 612, 'Velke Pole');
INSERT INTO populacia  VALUES( 2012, 517348, 209, 190 );
INSERT INTO obec  VALUES( 517356, 612, 'Voznica');
INSERT INTO populacia  VALUES( 2012, 517356, 316, 341 );
INSERT INTO obec  VALUES( 517381, 612, 'Zarnovica');
INSERT INTO populacia  VALUES( 2012, 517381, 3163, 3288 );
INSERT INTO obec  VALUES( 517399, 612, 'Zupkov');
INSERT INTO populacia  VALUES( 2012, 517399, 432, 428 );
INSERT INTO obec  VALUES( 580546, 612, 'Orovnica');
INSERT INTO populacia  VALUES( 2012, 580546, 284, 269 );
INSERT INTO obec  VALUES( 581607, 612, 'Brehy');
INSERT INTO populacia  VALUES( 2012, 581607, 554, 511 );
INSERT INTO obec  VALUES( 516589, 613, 'Ziar nad Hronom');
INSERT INTO populacia  VALUES( 2012, 516589, 9533, 10256 );
INSERT INTO obec  VALUES( 516660, 613, 'Bartosova Lehotka');
INSERT INTO populacia  VALUES( 2012, 516660, 173, 220 );
INSERT INTO obec  VALUES( 516708, 613, 'Bzenica');
INSERT INTO populacia  VALUES( 2012, 516708, 295, 264 );
INSERT INTO obec  VALUES( 516724, 613, 'Dolna Trnavka');
INSERT INTO populacia  VALUES( 2012, 516724, 158, 185 );
INSERT INTO obec  VALUES( 516732, 613, 'Dolna Ves');
INSERT INTO populacia  VALUES( 2012, 516732, 125, 122 );
INSERT INTO obec  VALUES( 516741, 613, 'Dolna Zdana');
INSERT INTO populacia  VALUES( 2012, 516741, 413, 432 );
INSERT INTO obec  VALUES( 516767, 613, 'Hlinik nad Hronom');
INSERT INTO populacia  VALUES( 2012, 516767, 1435, 1519 );
INSERT INTO obec  VALUES( 516791, 613, 'Horna Zdana');
INSERT INTO populacia  VALUES( 2012, 516791, 291, 256 );
INSERT INTO obec  VALUES( 516821, 613, 'Hronska Dubrava');
INSERT INTO populacia  VALUES( 2012, 516821, 210, 199 );
INSERT INTO obec  VALUES( 516848, 613, 'Ihrac');
INSERT INTO populacia  VALUES( 2012, 516848, 256, 303 );
INSERT INTO obec  VALUES( 516872, 613, 'Janova Lehota');
INSERT INTO populacia  VALUES( 2012, 516872, 453, 463 );
INSERT INTO obec  VALUES( 516881, 613, 'Jastraba');
INSERT INTO populacia  VALUES( 2012, 516881, 283, 263 );
INSERT INTO obec  VALUES( 516937, 613, 'Kopernica');
INSERT INTO populacia  VALUES( 2012, 516937, 217, 205 );
INSERT INTO obec  VALUES( 516945, 613, 'Kosorin');
INSERT INTO populacia  VALUES( 2012, 516945, 210, 219 );
INSERT INTO obec  VALUES( 516961, 613, 'Krahule');
INSERT INTO populacia  VALUES( 2012, 516961, 94, 104 );
INSERT INTO obec  VALUES( 516970, 613, 'Kremnica');
INSERT INTO populacia  VALUES( 2012, 516970, 2629, 2913 );
INSERT INTO obec  VALUES( 516988, 613, 'Kremnicke Bane');
INSERT INTO populacia  VALUES( 2012, 516988, 127, 130 );
INSERT INTO obec  VALUES( 516996, 613, 'Kunesov');
INSERT INTO populacia  VALUES( 2012, 516996, 125, 122 );
INSERT INTO obec  VALUES( 517011, 613, 'Lehotka pod Brehmi');
INSERT INTO populacia  VALUES( 2012, 517011, 203, 211 );
INSERT INTO obec  VALUES( 517020, 613, 'Lovca');
INSERT INTO populacia  VALUES( 2012, 517020, 325, 353 );
INSERT INTO obec  VALUES( 517038, 613, 'Lovcica - Trubin');
INSERT INTO populacia  VALUES( 2012, 517038, 769, 810 );
INSERT INTO obec  VALUES( 517046, 613, 'Lucky');
INSERT INTO populacia  VALUES( 2012, 517046, 107, 104 );
INSERT INTO obec  VALUES( 517089, 613, 'Nevolne');
INSERT INTO populacia  VALUES( 2012, 517089, 204, 220 );
INSERT INTO obec  VALUES( 517135, 613, 'Pitelova');
INSERT INTO populacia  VALUES( 2012, 517135, 334, 331 );
INSERT INTO obec  VALUES( 517186, 613, 'Prestavlky');
INSERT INTO populacia  VALUES( 2012, 517186, 333, 330 );
INSERT INTO obec  VALUES( 517194, 613, 'Prochot');
INSERT INTO populacia  VALUES( 2012, 517194, 295, 297 );
INSERT INTO obec  VALUES( 517216, 613, 'Repiste');
INSERT INTO populacia  VALUES( 2012, 517216, 157, 145 );
INSERT INTO obec  VALUES( 517241, 613, 'Sklene Teplice');
INSERT INTO populacia  VALUES( 2012, 517241, 225, 208 );
INSERT INTO obec  VALUES( 517259, 613, 'Slaska');
INSERT INTO populacia  VALUES( 2012, 517259, 235, 244 );
INSERT INTO obec  VALUES( 517267, 613, 'Stara Kremnicka');
INSERT INTO populacia  VALUES( 2012, 517267, 549, 546 );
INSERT INTO obec  VALUES( 517313, 613, 'Trnava Hora');
INSERT INTO populacia  VALUES( 2012, 517313, 588, 608 );
INSERT INTO obec  VALUES( 517364, 613, 'Vyhne');
INSERT INTO populacia  VALUES( 2012, 517364, 604, 647 );
INSERT INTO obec  VALUES( 581747, 613, 'Horna Ves');
INSERT INTO populacia  VALUES( 2012, 581747, 347, 358 );
INSERT INTO obec  VALUES( 599328, 613, 'Ladomerska Vieska');
INSERT INTO populacia  VALUES( 2012, 599328, 412, 416 );
INSERT INTO obec  VALUES( 599336, 613, 'Lutila');
INSERT INTO populacia  VALUES( 2012, 599336, 637, 700 );
INSERT INTO obec  VALUES( 518964, 701, 'Vaniskovce');
INSERT INTO populacia  VALUES( 2012, 518964, 173, 206 );
INSERT INTO obec  VALUES( 519006, 701, 'Bardejov');
INSERT INTO populacia  VALUES( 2012, 519006, 16555, 16896 );
INSERT INTO obec  VALUES( 519014, 701, 'Abrahamovce');
INSERT INTO populacia  VALUES( 2012, 519014, 182, 186 );
INSERT INTO obec  VALUES( 519022, 701, 'Andrejova');
INSERT INTO populacia  VALUES( 2012, 519022, 188, 176 );
INSERT INTO obec  VALUES( 519049, 701, 'Bartosovce');
INSERT INTO populacia  VALUES( 2012, 519049, 364, 358 );
INSERT INTO obec  VALUES( 519057, 701, 'Becherov');
INSERT INTO populacia  VALUES( 2012, 519057, 135, 138 );
INSERT INTO obec  VALUES( 519065, 701, 'Beloveza');
INSERT INTO populacia  VALUES( 2012, 519065, 403, 400 );
INSERT INTO obec  VALUES( 519073, 701, 'Bogliarka');
INSERT INTO populacia  VALUES( 2012, 519073, 67, 63 );
INSERT INTO obec  VALUES( 519081, 701, 'Brezov');
INSERT INTO populacia  VALUES( 2012, 519081, 200, 188 );
INSERT INTO obec  VALUES( 519090, 701, 'Brezovka');
INSERT INTO populacia  VALUES( 2012, 519090, 51, 61 );
INSERT INTO obec  VALUES( 519103, 701, 'Buclovany');
INSERT INTO populacia  VALUES( 2012, 519103, 103, 107 );
INSERT INTO obec  VALUES( 519111, 701, 'Cigelka');
INSERT INTO populacia  VALUES( 2012, 519111, 252, 276 );
INSERT INTO obec  VALUES( 519138, 701, 'Dubinne');
INSERT INTO populacia  VALUES( 2012, 519138, 185, 180 );
INSERT INTO obec  VALUES( 519154, 701, 'Fricka');
INSERT INTO populacia  VALUES( 2012, 519154, 145, 159 );
INSERT INTO obec  VALUES( 519162, 701, 'Frickovce');
INSERT INTO populacia  VALUES( 2012, 519162, 348, 349 );
INSERT INTO obec  VALUES( 519171, 701, 'Gaboltov');
INSERT INTO populacia  VALUES( 2012, 519171, 249, 262 );
INSERT INTO obec  VALUES( 519189, 701, 'Gerlachov');
INSERT INTO populacia  VALUES( 2012, 519189, 521, 504 );
INSERT INTO obec  VALUES( 519201, 701, 'Hankovce');
INSERT INTO populacia  VALUES( 2012, 519201, 202, 204 );
INSERT INTO obec  VALUES( 519219, 701, 'Harhaj');
INSERT INTO populacia  VALUES( 2012, 519219, 115, 152 );
INSERT INTO obec  VALUES( 519227, 701, 'Hazlin');
INSERT INTO populacia  VALUES( 2012, 519227, 579, 581 );
INSERT INTO obec  VALUES( 519235, 701, 'Hertnik');
INSERT INTO populacia  VALUES( 2012, 519235, 508, 523 );
INSERT INTO obec  VALUES( 519243, 701, 'Hervartov');
INSERT INTO populacia  VALUES( 2012, 519243, 243, 252 );
INSERT INTO obec  VALUES( 519251, 701, 'Hrabovec');
INSERT INTO populacia  VALUES( 2012, 519251, 247, 264 );
INSERT INTO obec  VALUES( 519260, 701, 'Hrabske');
INSERT INTO populacia  VALUES( 2012, 519260, 291, 321 );
INSERT INTO obec  VALUES( 519278, 701, 'Hutka');
INSERT INTO populacia  VALUES( 2012, 519278, 38, 49 );
INSERT INTO obec  VALUES( 519286, 701, 'Chmelova');
INSERT INTO populacia  VALUES( 2012, 519286, 192, 203 );
INSERT INTO obec  VALUES( 519294, 701, 'Janovce');
INSERT INTO populacia  VALUES( 2012, 519294, 214, 217 );
INSERT INTO obec  VALUES( 519308, 701, 'Jedlinka');
INSERT INTO populacia  VALUES( 2012, 519308, 32, 53 );
INSERT INTO obec  VALUES( 519324, 701, 'Klusov');
INSERT INTO populacia  VALUES( 2012, 519324, 547, 507 );
INSERT INTO obec  VALUES( 519341, 701, 'Kobyly');
INSERT INTO populacia  VALUES( 2012, 519341, 436, 415 );
INSERT INTO obec  VALUES( 519359, 701, 'Kochanovce');
INSERT INTO populacia  VALUES( 2012, 519359, 130, 124 );
INSERT INTO obec  VALUES( 519367, 701, 'Komarov');
INSERT INTO populacia  VALUES( 2012, 519367, 215, 210 );
INSERT INTO obec  VALUES( 519375, 701, 'Koprivnica');
INSERT INTO populacia  VALUES( 2012, 519375, 342, 335 );
INSERT INTO obec  VALUES( 519383, 701, 'Kozany');
INSERT INTO populacia  VALUES( 2012, 519383, 64, 62 );
INSERT INTO obec  VALUES( 519405, 701, 'Krive');
INSERT INTO populacia  VALUES( 2012, 519405, 104, 114 );
INSERT INTO obec  VALUES( 519413, 701, 'Krize');
INSERT INTO populacia  VALUES( 2012, 519413, 40, 35 );
INSERT INTO obec  VALUES( 519421, 701, 'Kruzlov');
INSERT INTO populacia  VALUES( 2012, 519421, 499, 526 );
INSERT INTO obec  VALUES( 519430, 701, 'Kucin');
INSERT INTO populacia  VALUES( 2012, 519430, 164, 152 );
INSERT INTO obec  VALUES( 519456, 701, 'Kurima');
INSERT INTO populacia  VALUES( 2012, 519456, 579, 552 );
INSERT INTO obec  VALUES( 519464, 701, 'Kurov');
INSERT INTO populacia  VALUES( 2012, 519464, 295, 307 );
INSERT INTO obec  VALUES( 519472, 701, 'Lascov');
INSERT INTO populacia  VALUES( 2012, 519472, 286, 268 );
INSERT INTO obec  VALUES( 519481, 701, 'Lenartov');
INSERT INTO populacia  VALUES( 2012, 519481, 530, 548 );
INSERT INTO obec  VALUES( 519499, 701, 'Lipova');
INSERT INTO populacia  VALUES( 2012, 519499, 42, 41 );
INSERT INTO obec  VALUES( 519502, 701, 'Livov');
INSERT INTO populacia  VALUES( 2012, 519502, 37, 49 );
INSERT INTO obec  VALUES( 519511, 701, 'Livovska Huta');
INSERT INTO populacia  VALUES( 2012, 519511, 22, 24 );
INSERT INTO obec  VALUES( 519529, 701, 'Lopuchov');
INSERT INTO populacia  VALUES( 2012, 519529, 167, 163 );
INSERT INTO obec  VALUES( 519545, 701, 'Lukavica');
INSERT INTO populacia  VALUES( 2012, 519545, 181, 199 );
INSERT INTO obec  VALUES( 519553, 701, 'Lukov');
INSERT INTO populacia  VALUES( 2012, 519553, 315, 283 );
INSERT INTO obec  VALUES( 519570, 701, 'Malcov');
INSERT INTO populacia  VALUES( 2012, 519570, 772, 756 );
INSERT INTO obec  VALUES( 519588, 701, 'Marhan');
INSERT INTO populacia  VALUES( 2012, 519588, 468, 495 );
INSERT INTO obec  VALUES( 519600, 701, 'Mikulasova');
INSERT INTO populacia  VALUES( 2012, 519600, 71, 63 );
INSERT INTO obec  VALUES( 519618, 701, 'Mokroluh');
INSERT INTO populacia  VALUES( 2012, 519618, 386, 363 );
INSERT INTO obec  VALUES( 519626, 701, 'Nemcovce');
INSERT INTO populacia  VALUES( 2012, 519626, 134, 123 );
INSERT INTO obec  VALUES( 519634, 701, 'Nizna Polianka');
INSERT INTO populacia  VALUES( 2012, 519634, 129, 129 );
INSERT INTO obec  VALUES( 519642, 701, 'Nizna Vola');
INSERT INTO populacia  VALUES( 2012, 519642, 138, 144 );
INSERT INTO obec  VALUES( 519669, 701, 'Nizny Tvarozec');
INSERT INTO populacia  VALUES( 2012, 519669, 281, 242 );
INSERT INTO obec  VALUES( 519677, 701, 'Olsavce');
INSERT INTO populacia  VALUES( 2012, 519677, 98, 83 );
INSERT INTO obec  VALUES( 519685, 701, 'Ondavka');
INSERT INTO populacia  VALUES( 2012, 519685, 10, 10 );
INSERT INTO obec  VALUES( 519693, 701, 'Ortutova');
INSERT INTO populacia  VALUES( 2012, 519693, 80, 90 );
INSERT INTO obec  VALUES( 519707, 701, 'Osikov');
INSERT INTO populacia  VALUES( 2012, 519707, 477, 507 );
INSERT INTO obec  VALUES( 519715, 701, 'Petrova');
INSERT INTO populacia  VALUES( 2012, 519715, 394, 402 );
INSERT INTO obec  VALUES( 519723, 701, 'Poliakovce');
INSERT INTO populacia  VALUES( 2012, 519723, 190, 182 );
INSERT INTO obec  VALUES( 519731, 701, 'Porubka');
INSERT INTO populacia  VALUES( 2012, 519731, 109, 115 );
INSERT INTO obec  VALUES( 519740, 701, 'Regetovka');
INSERT INTO populacia  VALUES( 2012, 519740, 15, 9 );
INSERT INTO obec  VALUES( 519758, 701, 'Resov');
INSERT INTO populacia  VALUES( 2012, 519758, 157, 159 );
INSERT INTO obec  VALUES( 519766, 701, 'Richvald');
INSERT INTO populacia  VALUES( 2012, 519766, 485, 497 );
INSERT INTO obec  VALUES( 519774, 701, 'Rokytov');
INSERT INTO populacia  VALUES( 2012, 519774, 294, 261 );
INSERT INTO obec  VALUES( 519782, 701, 'Smilno');
INSERT INTO populacia  VALUES( 2012, 519782, 359, 348 );
INSERT INTO obec  VALUES( 519791, 701, 'Snakov');
INSERT INTO populacia  VALUES( 2012, 519791, 327, 344 );
INSERT INTO obec  VALUES( 519804, 701, 'Stebnicka Huta');
INSERT INTO populacia  VALUES( 2012, 519804, 133, 117 );
INSERT INTO obec  VALUES( 519812, 701, 'Stebnik');
INSERT INTO populacia  VALUES( 2012, 519812, 148, 158 );
INSERT INTO obec  VALUES( 519821, 701, 'Stulany');
INSERT INTO populacia  VALUES( 2012, 519821, 270, 312 );
INSERT INTO obec  VALUES( 519839, 701, 'Sverzov');
INSERT INTO populacia  VALUES( 2012, 519839, 284, 301 );
INSERT INTO obec  VALUES( 519847, 701, 'Sarisske Cierne');
INSERT INTO populacia  VALUES( 2012, 519847, 160, 146 );
INSERT INTO obec  VALUES( 519855, 701, 'Sasova');
INSERT INTO populacia  VALUES( 2012, 519855, 82, 69 );
INSERT INTO obec  VALUES( 519863, 701, 'Siba');
INSERT INTO populacia  VALUES( 2012, 519863, 279, 298 );
INSERT INTO obec  VALUES( 519871, 701, 'Tarnov');
INSERT INTO populacia  VALUES( 2012, 519871, 185, 202 );
INSERT INTO obec  VALUES( 519880, 701, 'Trocany');
INSERT INTO populacia  VALUES( 2012, 519880, 143, 166 );
INSERT INTO obec  VALUES( 519901, 701, 'Varadka');
INSERT INTO populacia  VALUES( 2012, 519901, 108, 86 );
INSERT INTO obec  VALUES( 519910, 701, 'Vysna Polianka');
INSERT INTO populacia  VALUES( 2012, 519910, 61, 48 );
INSERT INTO obec  VALUES( 519928, 701, 'Vysna Vola');
INSERT INTO populacia  VALUES( 2012, 519928, 204, 187 );
INSERT INTO obec  VALUES( 519936, 701, 'Raslavice');
INSERT INTO populacia  VALUES( 2012, 519936, 1332, 1372 );
INSERT INTO obec  VALUES( 519944, 701, 'Vysny Krucov');
INSERT INTO populacia  VALUES( 2012, 519944, 79, 77 );
INSERT INTO obec  VALUES( 519952, 701, 'Vysny Tvarozec');
INSERT INTO populacia  VALUES( 2012, 519952, 64, 52 );
INSERT INTO obec  VALUES( 519961, 701, 'Zborov');
INSERT INTO populacia  VALUES( 2012, 519961, 1594, 1657 );
INSERT INTO obec  VALUES( 519979, 701, 'Zlate');
INSERT INTO populacia  VALUES( 2012, 519979, 363, 389 );
INSERT INTO obec  VALUES( 518638, 702, 'Valaskovce (vojensky obvod)');
INSERT INTO populacia  VALUES( 2012, 518638, 0, 0 );
INSERT INTO obec  VALUES( 520004, 702, 'Humenne');
INSERT INTO populacia  VALUES( 2012, 520004, 16791, 17843 );
INSERT INTO obec  VALUES( 520012, 702, 'Adidovce');
INSERT INTO populacia  VALUES( 2012, 520012, 105, 96 );
INSERT INTO obec  VALUES( 520021, 702, 'Baskovce');
INSERT INTO populacia  VALUES( 2012, 520021, 219, 208 );
INSERT INTO obec  VALUES( 520055, 702, 'Brekov');
INSERT INTO populacia  VALUES( 2012, 520055, 680, 684 );
INSERT INTO obec  VALUES( 520063, 702, 'Brestov');
INSERT INTO populacia  VALUES( 2012, 520063, 296, 284 );
INSERT INTO obec  VALUES( 520110, 702, 'Cernina');
INSERT INTO populacia  VALUES( 2012, 520110, 87, 92 );
INSERT INTO obec  VALUES( 520152, 702, 'Dedacov');
INSERT INTO populacia  VALUES( 2012, 520152, 85, 86 );
INSERT INTO obec  VALUES( 520195, 702, 'Hankovce');
INSERT INTO populacia  VALUES( 2012, 520195, 272, 266 );
INSERT INTO obec  VALUES( 520225, 702, 'Hrabovec nad Laborcom');
INSERT INTO populacia  VALUES( 2012, 520225, 278, 274 );
INSERT INTO obec  VALUES( 520233, 702, 'Hrubov');
INSERT INTO populacia  VALUES( 2012, 520233, 240, 254 );
INSERT INTO obec  VALUES( 520241, 702, 'Hudcovce');
INSERT INTO populacia  VALUES( 2012, 520241, 208, 207 );
INSERT INTO obec  VALUES( 520250, 702, 'Rokytov pri Humennom');
INSERT INTO populacia  VALUES( 2012, 520250, 152, 158 );
INSERT INTO obec  VALUES( 520268, 702, 'Chlmec');
INSERT INTO populacia  VALUES( 2012, 520268, 298, 272 );
INSERT INTO obec  VALUES( 520276, 702, 'Jablon');
INSERT INTO populacia  VALUES( 2012, 520276, 184, 239 );
INSERT INTO obec  VALUES( 520292, 702, 'Jankovce');
INSERT INTO populacia  VALUES( 2012, 520292, 144, 129 );
INSERT INTO obec  VALUES( 520331, 702, 'Kamenica nad Cirochou');
INSERT INTO populacia  VALUES( 2012, 520331, 1204, 1203 );
INSERT INTO obec  VALUES( 520349, 702, 'Kamienka');
INSERT INTO populacia  VALUES( 2012, 520349, 271, 268 );
INSERT INTO obec  VALUES( 520357, 702, 'Karna');
INSERT INTO populacia  VALUES( 2012, 520357, 207, 233 );
INSERT INTO obec  VALUES( 520373, 702, 'Kochanovce');
INSERT INTO populacia  VALUES( 2012, 520373, 387, 396 );
INSERT INTO obec  VALUES( 520403, 702, 'Koskovce');
INSERT INTO populacia  VALUES( 2012, 520403, 319, 301 );
INSERT INTO obec  VALUES( 520446, 702, 'Lieskovec');
INSERT INTO populacia  VALUES( 2012, 520446, 235, 224 );
INSERT INTO obec  VALUES( 520454, 702, 'Lubisa');
INSERT INTO populacia  VALUES( 2012, 520454, 426, 400 );
INSERT INTO obec  VALUES( 520462, 702, 'Lukacovce');
INSERT INTO populacia  VALUES( 2012, 520462, 236, 236 );
INSERT INTO obec  VALUES( 520497, 702, 'Modra nad Cirochou');
INSERT INTO populacia  VALUES( 2012, 520497, 492, 515 );
INSERT INTO obec  VALUES( 520501, 702, 'Myslina');
INSERT INTO populacia  VALUES( 2012, 520501, 277, 288 );
INSERT INTO obec  VALUES( 520527, 702, 'Nechvalova  Polianka');
INSERT INTO populacia  VALUES( 2012, 520527, 47, 48 );
INSERT INTO obec  VALUES( 520535, 702, 'Nizna Jablonka');
INSERT INTO populacia  VALUES( 2012, 520535, 100, 96 );
INSERT INTO obec  VALUES( 520543, 702, 'Nizne Ladickovce');
INSERT INTO populacia  VALUES( 2012, 520543, 163, 185 );
INSERT INTO obec  VALUES( 520560, 702, 'Ohradzany');
INSERT INTO populacia  VALUES( 2012, 520560, 320, 325 );
INSERT INTO obec  VALUES( 520624, 702, 'Papin');
INSERT INTO populacia  VALUES( 2012, 520624, 505, 511 );
INSERT INTO obec  VALUES( 520667, 702, 'Porubka');
INSERT INTO populacia  VALUES( 2012, 520667, 117, 157 );
INSERT INTO obec  VALUES( 520683, 702, 'Pticie');
INSERT INTO populacia  VALUES( 2012, 520683, 310, 339 );
INSERT INTO obec  VALUES( 520721, 702, 'Rovne');
INSERT INTO populacia  VALUES( 2012, 520721, 211, 244 );
INSERT INTO obec  VALUES( 520772, 702, 'Slovenska Volova');
INSERT INTO populacia  VALUES( 2012, 520772, 265, 266 );
INSERT INTO obec  VALUES( 520781, 702, 'Slovenske Krive');
INSERT INTO populacia  VALUES( 2012, 520781, 62, 67 );
INSERT INTO obec  VALUES( 520896, 702, 'Topolovka');
INSERT INTO populacia  VALUES( 2012, 520896, 408, 416 );
INSERT INTO obec  VALUES( 520900, 702, 'Turcovce');
INSERT INTO populacia  VALUES( 2012, 520900, 152, 160 );
INSERT INTO obec  VALUES( 520926, 702, 'Udavske');
INSERT INTO populacia  VALUES( 2012, 520926, 614, 603 );
INSERT INTO obec  VALUES( 520977, 702, 'Velopolie');
INSERT INTO populacia  VALUES( 2012, 520977, 183, 173 );
INSERT INTO obec  VALUES( 520985, 702, 'Vitazovce');
INSERT INTO populacia  VALUES( 2012, 520985, 169, 152 );
INSERT INTO obec  VALUES( 521019, 702, 'Vysna Jablonka');
INSERT INTO populacia  VALUES( 2012, 521019, 31, 34 );
INSERT INTO obec  VALUES( 521027, 702, 'Vysne Ladickovce');
INSERT INTO populacia  VALUES( 2012, 521027, 101, 113 );
INSERT INTO obec  VALUES( 521035, 702, 'Vysny Hrusov');
INSERT INTO populacia  VALUES( 2012, 521035, 247, 231 );
INSERT INTO obec  VALUES( 521043, 702, 'Zavadka');
INSERT INTO populacia  VALUES( 2012, 521043, 266, 271 );
INSERT INTO obec  VALUES( 521086, 702, 'Zbudske Dlhe');
INSERT INTO populacia  VALUES( 2012, 521086, 354, 337 );
INSERT INTO obec  VALUES( 521116, 702, 'Zubne');
INSERT INTO populacia  VALUES( 2012, 521116, 177, 181 );
INSERT INTO obec  VALUES( 528803, 702, 'Kosarovce');
INSERT INTO populacia  VALUES( 2012, 528803, 312, 309 );
INSERT INTO obec  VALUES( 528897, 702, 'Nizna Sitnica');
INSERT INTO populacia  VALUES( 2012, 528897, 163, 166 );
INSERT INTO obec  VALUES( 528951, 702, 'Pakostov');
INSERT INTO populacia  VALUES( 2012, 528951, 240, 230 );
INSERT INTO obec  VALUES( 529010, 702, 'Pritulany');
INSERT INTO populacia  VALUES( 2012, 529010, 34, 28 );
INSERT INTO obec  VALUES( 529061, 702, 'Rohoznik');
INSERT INTO populacia  VALUES( 2012, 529061, 20, 18 );
INSERT INTO obec  VALUES( 529087, 702, 'Ruska Kajna');
INSERT INTO populacia  VALUES( 2012, 529087, 57, 54 );
INSERT INTO obec  VALUES( 529095, 702, 'Ruska Poruba');
INSERT INTO populacia  VALUES( 2012, 529095, 118, 129 );
INSERT INTO obec  VALUES( 529249, 702, 'Vysna Sitnica');
INSERT INTO populacia  VALUES( 2012, 529249, 190, 202 );
INSERT INTO obec  VALUES( 529273, 702, 'Zavada');
INSERT INTO populacia  VALUES( 2012, 529273, 37, 41 );
INSERT INTO obec  VALUES( 559547, 702, 'Jasenov');
INSERT INTO populacia  VALUES( 2012, 559547, 610, 575 );
INSERT INTO obec  VALUES( 559598, 702, 'Hazin nad Cirochou');
INSERT INTO populacia  VALUES( 2012, 559598, 334, 351 );
INSERT INTO obec  VALUES( 559636, 702, 'Sopkovce');
INSERT INTO populacia  VALUES( 2012, 559636, 63, 48 );
INSERT INTO obec  VALUES( 559644, 702, 'Gruzovce');
INSERT INTO populacia  VALUES( 2012, 559644, 60, 62 );
INSERT INTO obec  VALUES( 559652, 702, 'Maskovce');
INSERT INTO populacia  VALUES( 2012, 559652, 26, 28 );
INSERT INTO obec  VALUES( 582140, 702, 'Lackovce');
INSERT INTO populacia  VALUES( 2012, 582140, 326, 318 );
INSERT INTO obec  VALUES( 523399, 703, 'Abrahamovce');
INSERT INTO populacia  VALUES( 2012, 523399, 125, 137 );
INSERT INTO obec  VALUES( 523411, 703, 'Busovce');
INSERT INTO populacia  VALUES( 2012, 523411, 164, 150 );
INSERT INTO obec  VALUES( 523429, 703, 'Cerveny Klastor');
INSERT INTO populacia  VALUES( 2012, 523429, 106, 121 );
INSERT INTO obec  VALUES( 523461, 703, 'Havka');
INSERT INTO populacia  VALUES( 2012, 523461, 22, 24 );
INSERT INTO obec  VALUES( 523470, 703, 'Holumnica');
INSERT INTO populacia  VALUES( 2012, 523470, 444, 427 );
INSERT INTO obec  VALUES( 523500, 703, 'Hradisko');
INSERT INTO populacia  VALUES( 2012, 523500, 48, 51 );
INSERT INTO obec  VALUES( 523526, 703, 'Huncovce');
INSERT INTO populacia  VALUES( 2012, 523526, 1453, 1517 );
INSERT INTO obec  VALUES( 523534, 703, 'Ihlany');
INSERT INTO populacia  VALUES( 2012, 523534, 736, 711 );
INSERT INTO obec  VALUES( 523569, 703, 'Jezersko');
INSERT INTO populacia  VALUES( 2012, 523569, 57, 49 );
INSERT INTO obec  VALUES( 523577, 703, 'Jurske');
INSERT INTO populacia  VALUES( 2012, 523577, 534, 545 );
INSERT INTO obec  VALUES( 523585, 703, 'Kezmarok');
INSERT INTO populacia  VALUES( 2012, 523585, 8094, 8680 );
INSERT INTO obec  VALUES( 523607, 703, 'Krizova Ves');
INSERT INTO populacia  VALUES( 2012, 523607, 1025, 1036 );
INSERT INTO obec  VALUES( 523615, 703, 'Lechnica');
INSERT INTO populacia  VALUES( 2012, 523615, 136, 139 );
INSERT INTO obec  VALUES( 523623, 703, 'Lendak');
INSERT INTO populacia  VALUES( 2012, 523623, 2654, 2436 );
INSERT INTO obec  VALUES( 523674, 703, 'Majere');
INSERT INTO populacia  VALUES( 2012, 523674, 50, 43 );
INSERT INTO obec  VALUES( 523682, 703, 'Lubica');
INSERT INTO populacia  VALUES( 2012, 523682, 2154, 2158 );
INSERT INTO obec  VALUES( 523712, 703, 'Matiasovce');
INSERT INTO populacia  VALUES( 2012, 523712, 396, 395 );
INSERT INTO obec  VALUES( 523739, 703, 'Mlynceky');
INSERT INTO populacia  VALUES( 2012, 523739, 322, 333 );
INSERT INTO obec  VALUES( 523771, 703, 'Osturna');
INSERT INTO populacia  VALUES( 2012, 523771, 165, 164 );
INSERT INTO obec  VALUES( 523780, 703, 'Podhorany');
INSERT INTO populacia  VALUES( 2012, 523780, 1228, 1228 );
INSERT INTO obec  VALUES( 523798, 703, 'Rakusy');
INSERT INTO populacia  VALUES( 2012, 523798, 1488, 1389 );
INSERT INTO obec  VALUES( 523801, 703, 'Relov');
INSERT INTO populacia  VALUES( 2012, 523801, 174, 178 );
INSERT INTO obec  VALUES( 523810, 703, 'Slovenska Ves');
INSERT INTO populacia  VALUES( 2012, 523810, 915, 940 );
INSERT INTO obec  VALUES( 523828, 703, 'Spisska Bela');
INSERT INTO populacia  VALUES( 2012, 523828, 3212, 3237 );
INSERT INTO obec  VALUES( 523836, 703, 'Spisska Stara Ves');
INSERT INTO populacia  VALUES( 2012, 523836, 1134, 1148 );
INSERT INTO obec  VALUES( 523861, 703, 'Spisske Hanusovce');
INSERT INTO populacia  VALUES( 2012, 523861, 398, 363 );
INSERT INTO obec  VALUES( 523887, 703, 'Stara Lesna');
INSERT INTO populacia  VALUES( 2012, 523887, 481, 527 );
INSERT INTO obec  VALUES( 523909, 703, 'Strane pod Tatrami');
INSERT INTO populacia  VALUES( 2012, 523909, 1094, 1109 );
INSERT INTO obec  VALUES( 523976, 703, 'Toporec');
INSERT INTO populacia  VALUES( 2012, 523976, 927, 925 );
INSERT INTO obec  VALUES( 523984, 703, 'Tvarozna');
INSERT INTO populacia  VALUES( 2012, 523984, 343, 350 );
INSERT INTO obec  VALUES( 523992, 703, 'Velka Frankova');
INSERT INTO populacia  VALUES( 2012, 523992, 174, 177 );
INSERT INTO obec  VALUES( 524000, 703, 'Velka Lomnica');
INSERT INTO populacia  VALUES( 2012, 524000, 2245, 2119 );
INSERT INTO obec  VALUES( 524042, 703, 'Vlkova');
INSERT INTO populacia  VALUES( 2012, 524042, 350, 364 );
INSERT INTO obec  VALUES( 524051, 703, 'Vlkovce');
INSERT INTO populacia  VALUES( 2012, 524051, 240, 236 );
INSERT INTO obec  VALUES( 524069, 703, 'Vojnany');
INSERT INTO populacia  VALUES( 2012, 524069, 139, 146 );
INSERT INTO obec  VALUES( 524077, 703, 'Vrbov');
INSERT INTO populacia  VALUES( 2012, 524077, 718, 691 );
INSERT INTO obec  VALUES( 524085, 703, 'Vyborna');
INSERT INTO populacia  VALUES( 2012, 524085, 558, 553 );
INSERT INTO obec  VALUES( 524115, 703, 'Zalesie');
INSERT INTO populacia  VALUES( 2012, 524115, 47, 41 );
INSERT INTO obec  VALUES( 524123, 703, 'Zakovce');
INSERT INTO populacia  VALUES( 2012, 524123, 443, 413 );
INSERT INTO obec  VALUES( 559938, 703, 'Mala Frankova');
INSERT INTO populacia  VALUES( 2012, 559938, 92, 95 );
INSERT INTO obec  VALUES( 581241, 703, 'Maly Slavkov');
INSERT INTO populacia  VALUES( 2012, 581241, 477, 482 );
INSERT INTO obec  VALUES( 526371, 704, 'Baldovce');
INSERT INTO populacia  VALUES( 2012, 526371, 84, 98 );
INSERT INTO obec  VALUES( 526380, 704, 'Beharovce');
INSERT INTO populacia  VALUES( 2012, 526380, 85, 91 );
INSERT INTO obec  VALUES( 526401, 704, 'Bijacovce');
INSERT INTO populacia  VALUES( 2012, 526401, 461, 472 );
INSERT INTO obec  VALUES( 526410, 704, 'Brutovce');
INSERT INTO populacia  VALUES( 2012, 526410, 105, 91 );
INSERT INTO obec  VALUES( 526428, 704, 'Buglovce');
INSERT INTO populacia  VALUES( 2012, 526428, 138, 136 );
INSERT INTO obec  VALUES( 526452, 704, 'Dlhe Straze');
INSERT INTO populacia  VALUES( 2012, 526452, 274, 276 );
INSERT INTO obec  VALUES( 526461, 704, 'Dolany');
INSERT INTO populacia  VALUES( 2012, 526461, 301, 304 );
INSERT INTO obec  VALUES( 526479, 704, 'Domanovce');
INSERT INTO populacia  VALUES( 2012, 526479, 468, 463 );
INSERT INTO obec  VALUES( 526487, 704, 'Dravce');
INSERT INTO populacia  VALUES( 2012, 526487, 431, 363 );
INSERT INTO obec  VALUES( 526495, 704, 'Dubrava');
INSERT INTO populacia  VALUES( 2012, 526495, 167, 171 );
INSERT INTO obec  VALUES( 526517, 704, 'Granc - Petrovce');
INSERT INTO populacia  VALUES( 2012, 526517, 296, 293 );
INSERT INTO obec  VALUES( 526525, 704, 'Harakovce');
INSERT INTO populacia  VALUES( 2012, 526525, 34, 33 );
INSERT INTO obec  VALUES( 526606, 704, 'Vysne Repase');
INSERT INTO populacia  VALUES( 2012, 526606, 52, 60 );
INSERT INTO obec  VALUES( 526614, 704, 'Vysny Slavkov');
INSERT INTO populacia  VALUES( 2012, 526614, 152, 144 );
INSERT INTO obec  VALUES( 543179, 704, 'Jablonov');
INSERT INTO populacia  VALUES( 2012, 543179, 488, 508 );
INSERT INTO obec  VALUES( 543225, 704, 'Klcov');
INSERT INTO populacia  VALUES( 2012, 543225, 312, 298 );
INSERT INTO obec  VALUES( 543276, 704, 'Kurimany');
INSERT INTO populacia  VALUES( 2012, 543276, 206, 168 );
INSERT INTO obec  VALUES( 543292, 704, 'Levoca');
INSERT INTO populacia  VALUES( 2012, 543292, 7305, 7494 );
INSERT INTO obec  VALUES( 543314, 704, 'Lucka');
INSERT INTO populacia  VALUES( 2012, 543314, 64, 55 );
INSERT INTO obec  VALUES( 543381, 704, 'Nemesany');
INSERT INTO populacia  VALUES( 2012, 543381, 203, 200 );
INSERT INTO obec  VALUES( 543390, 704, 'Nizne Repase');
INSERT INTO populacia  VALUES( 2012, 543390, 90, 94 );
INSERT INTO obec  VALUES( 543420, 704, 'Olsavica');
INSERT INTO populacia  VALUES( 2012, 543420, 146, 140 );
INSERT INTO obec  VALUES( 543446, 704, 'Ordzovany');
INSERT INTO populacia  VALUES( 2012, 543446, 88, 82 );
INSERT INTO obec  VALUES( 543454, 704, 'Pavlany');
INSERT INTO populacia  VALUES( 2012, 543454, 26, 29 );
INSERT INTO obec  VALUES( 543462, 704, 'Polanovce');
INSERT INTO populacia  VALUES( 2012, 543462, 84, 97 );
INSERT INTO obec  VALUES( 543471, 704, 'Pongracovce');
INSERT INTO populacia  VALUES( 2012, 543471, 47, 52 );
INSERT INTO obec  VALUES( 543578, 704, 'Spisske Podhradie');
INSERT INTO populacia  VALUES( 2012, 543578, 2025, 2045 );
INSERT INTO obec  VALUES( 543608, 704, 'Spissky Hrhov');
INSERT INTO populacia  VALUES( 2012, 543608, 699, 691 );
INSERT INTO obec  VALUES( 543624, 704, 'Spissky Stvrtok');
INSERT INTO populacia  VALUES( 2012, 543624, 1218, 1239 );
INSERT INTO obec  VALUES( 543641, 704, 'Studenec');
INSERT INTO populacia  VALUES( 2012, 543641, 247, 242 );
INSERT INTO obec  VALUES( 543675, 704, 'Torysky');
INSERT INTO populacia  VALUES( 2012, 543675, 194, 162 );
INSERT INTO obec  VALUES( 543691, 704, 'Uloza');
INSERT INTO populacia  VALUES( 2012, 543691, 95, 102 );
INSERT INTO obec  VALUES( 581640, 704, 'Korytne');
INSERT INTO populacia  VALUES( 2012, 581640, 46, 48 );
INSERT INTO obec  VALUES( 520071, 705, 'Brestov nad Laborcom');
INSERT INTO populacia  VALUES( 2012, 520071, 61, 46 );
INSERT INTO obec  VALUES( 520098, 705, 'Cabalovce');
INSERT INTO populacia  VALUES( 2012, 520098, 188, 171 );
INSERT INTO obec  VALUES( 520101, 705, 'Cabiny');
INSERT INTO populacia  VALUES( 2012, 520101, 188, 193 );
INSERT INTO obec  VALUES( 520128, 705, 'Certizne');
INSERT INTO populacia  VALUES( 2012, 520128, 178, 189 );
INSERT INTO obec  VALUES( 520187, 705, 'Habura');
INSERT INTO populacia  VALUES( 2012, 520187, 230, 224 );
INSERT INTO obec  VALUES( 520314, 705, 'Kalinov');
INSERT INTO populacia  VALUES( 2012, 520314, 115, 171 );
INSERT INTO obec  VALUES( 520411, 705, 'Krasny Brod');
INSERT INTO populacia  VALUES( 2012, 520411, 237, 236 );
INSERT INTO obec  VALUES( 520471, 705, 'Medzilaborce');
INSERT INTO populacia  VALUES( 2012, 520471, 3328, 3419 );
INSERT INTO obec  VALUES( 520519, 705, 'Nagov');
INSERT INTO populacia  VALUES( 2012, 520519, 224, 216 );
INSERT INTO obec  VALUES( 520578, 705, 'Olka');
INSERT INTO populacia  VALUES( 2012, 520578, 155, 149 );
INSERT INTO obec  VALUES( 520586, 705, 'Olsinkov');
INSERT INTO populacia  VALUES( 2012, 520586, 15, 16 );
INSERT INTO obec  VALUES( 520616, 705, 'Palota');
INSERT INTO populacia  VALUES( 2012, 520616, 91, 96 );
INSERT INTO obec  VALUES( 520691, 705, 'Radvan nad Laborcom');
INSERT INTO populacia  VALUES( 2012, 520691, 286, 284 );
INSERT INTO obec  VALUES( 520705, 705, 'Repejov');
INSERT INTO populacia  VALUES( 2012, 520705, 72, 75 );
INSERT INTO obec  VALUES( 520713, 705, 'Roskovce');
INSERT INTO populacia  VALUES( 2012, 520713, 85, 102 );
INSERT INTO obec  VALUES( 520853, 705, 'Sukov');
INSERT INTO populacia  VALUES( 2012, 520853, 65, 64 );
INSERT INTO obec  VALUES( 520861, 705, 'Svetlice');
INSERT INTO populacia  VALUES( 2012, 520861, 55, 59 );
INSERT INTO obec  VALUES( 520951, 705, 'Valentovce');
INSERT INTO populacia  VALUES( 2012, 520951, 21, 20 );
INSERT INTO obec  VALUES( 520993, 705, 'Volica');
INSERT INTO populacia  VALUES( 2012, 520993, 140, 170 );
INSERT INTO obec  VALUES( 521001, 705, 'Vyrava');
INSERT INTO populacia  VALUES( 2012, 521001, 88, 87 );
INSERT INTO obec  VALUES( 521060, 705, 'Zbojne');
INSERT INTO populacia  VALUES( 2012, 521060, 87, 88 );
INSERT INTO obec  VALUES( 521078, 705, 'Zbudska Bela');
INSERT INTO populacia  VALUES( 2012, 521078, 68, 66 );
INSERT INTO obec  VALUES( 559610, 705, 'Rokytovce');
INSERT INTO populacia  VALUES( 2012, 559610, 105, 96 );
INSERT INTO obec  VALUES( 523381, 706, 'Poprad');
INSERT INTO populacia  VALUES( 2012, 523381, 25377, 27388 );
INSERT INTO obec  VALUES( 523402, 706, 'Batizovce');
INSERT INTO populacia  VALUES( 2012, 523402, 1103, 1211 );
INSERT INTO obec  VALUES( 523437, 706, 'Ganovce');
INSERT INTO populacia  VALUES( 2012, 523437, 660, 632 );
INSERT INTO obec  VALUES( 523445, 706, 'Gerlachov');
INSERT INTO populacia  VALUES( 2012, 523445, 413, 407 );
INSERT INTO obec  VALUES( 523488, 706, 'Horka');
INSERT INTO populacia  VALUES( 2012, 523488, 922, 902 );
INSERT INTO obec  VALUES( 523496, 706, 'Hozelec');
INSERT INTO populacia  VALUES( 2012, 523496, 399, 401 );
INSERT INTO obec  VALUES( 523518, 706, 'Hranovnica');
INSERT INTO populacia  VALUES( 2012, 523518, 1514, 1429 );
INSERT INTO obec  VALUES( 523542, 706, 'Janovce');
INSERT INTO populacia  VALUES( 2012, 523542, 763, 751 );
INSERT INTO obec  VALUES( 523593, 706, 'Kravany');
INSERT INTO populacia  VALUES( 2012, 523593, 455, 429 );
INSERT INTO obec  VALUES( 523631, 706, 'Liptovska Teplicka');
INSERT INTO populacia  VALUES( 2012, 523631, 1186, 1242 );
INSERT INTO obec  VALUES( 523658, 706, 'Lucivna');
INSERT INTO populacia  VALUES( 2012, 523658, 477, 510 );
INSERT INTO obec  VALUES( 523721, 706, 'Mengusovce');
INSERT INTO populacia  VALUES( 2012, 523721, 316, 333 );
INSERT INTO obec  VALUES( 523747, 706, 'Mlynica');
INSERT INTO populacia  VALUES( 2012, 523747, 219, 230 );
INSERT INTO obec  VALUES( 523763, 706, 'Nova Lesna');
INSERT INTO populacia  VALUES( 2012, 523763, 791, 757 );
INSERT INTO obec  VALUES( 523844, 706, 'Spisska Teplica');
INSERT INTO populacia  VALUES( 2012, 523844, 1099, 1110 );
INSERT INTO obec  VALUES( 523852, 706, 'Spisske Bystre');
INSERT INTO populacia  VALUES( 2012, 523852, 1265, 1185 );
INSERT INTO obec  VALUES( 523879, 706, 'Spissky Stiavnik');
INSERT INTO populacia  VALUES( 2012, 523879, 1339, 1370 );
INSERT INTO obec  VALUES( 523925, 706, 'Svit');
INSERT INTO populacia  VALUES( 2012, 523925, 3625, 3995 );
INSERT INTO obec  VALUES( 523933, 706, 'Strba');
INSERT INTO populacia  VALUES( 2012, 523933, 1772, 1822 );
INSERT INTO obec  VALUES( 523950, 706, 'Svabovce');
INSERT INTO populacia  VALUES( 2012, 523950, 673, 706 );
INSERT INTO obec  VALUES( 524018, 706, 'Velky Slavkov');
INSERT INTO populacia  VALUES( 2012, 524018, 613, 645 );
INSERT INTO obec  VALUES( 524026, 706, 'Vernar');
INSERT INTO populacia  VALUES( 2012, 524026, 293, 298 );
INSERT INTO obec  VALUES( 524034, 706, 'Vikartovce');
INSERT INTO populacia  VALUES( 2012, 524034, 924, 936 );
INSERT INTO obec  VALUES( 524093, 706, 'Vydrnik');
INSERT INTO populacia  VALUES( 2012, 524093, 591, 537 );
INSERT INTO obec  VALUES( 524107, 706, 'Sunava');
INSERT INTO populacia  VALUES( 2012, 524107, 973, 977 );
INSERT INTO obec  VALUES( 524131, 706, 'Zdiar');
INSERT INTO populacia  VALUES( 2012, 524131, 679, 689 );
INSERT INTO obec  VALUES( 559890, 706, 'Stola');
INSERT INTO populacia  VALUES( 2012, 559890, 270, 264 );
INSERT INTO obec  VALUES( 560103, 706, 'Vysoke Tatry');
INSERT INTO populacia  VALUES( 2012, 560103, 1962, 2241 );
INSERT INTO obec  VALUES( 580368, 706, 'Tatranska Javorina');
INSERT INTO populacia  VALUES( 2012, 580368, 117, 110 );
INSERT INTO obec  VALUES( 518522, 707, 'Haniska');
INSERT INTO populacia  VALUES( 2012, 518522, 338, 323 );
INSERT INTO obec  VALUES( 518590, 707, 'Lubotice');
INSERT INTO populacia  VALUES( 2012, 518590, 1550, 1608 );
INSERT INTO obec  VALUES( 524140, 707, 'Presov');
INSERT INTO populacia  VALUES( 2012, 524140, 43969, 47383 );
INSERT INTO obec  VALUES( 524158, 707, 'Abranovce');
INSERT INTO populacia  VALUES( 2012, 524158, 298, 335 );
INSERT INTO obec  VALUES( 524174, 707, 'Bajerov');
INSERT INTO populacia  VALUES( 2012, 524174, 232, 222 );
INSERT INTO obec  VALUES( 524191, 707, 'Bertotovce');
INSERT INTO populacia  VALUES( 2012, 524191, 251, 235 );
INSERT INTO obec  VALUES( 524212, 707, 'Brestov');
INSERT INTO populacia  VALUES( 2012, 524212, 213, 229 );
INSERT INTO obec  VALUES( 524221, 707, 'Bretejovce');
INSERT INTO populacia  VALUES( 2012, 524221, 185, 201 );
INSERT INTO obec  VALUES( 524255, 707, 'Brezany');
INSERT INTO populacia  VALUES( 2012, 524255, 84, 73 );
INSERT INTO obec  VALUES( 524263, 707, 'Bzenov');
INSERT INTO populacia  VALUES( 2012, 524263, 384, 370 );
INSERT INTO obec  VALUES( 524271, 707, 'Celovce');
INSERT INTO populacia  VALUES( 2012, 524271, 169, 146 );
INSERT INTO obec  VALUES( 524301, 707, 'Cervenica');
INSERT INTO populacia  VALUES( 2012, 524301, 440, 455 );
INSERT INTO obec  VALUES( 524336, 707, 'Demjata');
INSERT INTO populacia  VALUES( 2012, 524336, 542, 538 );
INSERT INTO obec  VALUES( 524352, 707, 'Drienov');
INSERT INTO populacia  VALUES( 2012, 524352, 1046, 1093 );
INSERT INTO obec  VALUES( 524361, 707, 'Drienovska Nova Ves');
INSERT INTO populacia  VALUES( 2012, 524361, 391, 384 );
INSERT INTO obec  VALUES( 524387, 707, 'Dulova Ves');
INSERT INTO populacia  VALUES( 2012, 524387, 416, 390 );
INSERT INTO obec  VALUES( 524395, 707, 'Fintice');
INSERT INTO populacia  VALUES( 2012, 524395, 970, 928 );
INSERT INTO obec  VALUES( 524409, 707, 'Fricovce');
INSERT INTO populacia  VALUES( 2012, 524409, 576, 520 );
INSERT INTO obec  VALUES( 524417, 707, 'Fulianka');
INSERT INTO populacia  VALUES( 2012, 524417, 200, 185 );
INSERT INTO obec  VALUES( 524425, 707, 'Geraltov');
INSERT INTO populacia  VALUES( 2012, 524425, 70, 68 );
INSERT INTO obec  VALUES( 524433, 707, 'Gregorovce');
INSERT INTO populacia  VALUES( 2012, 524433, 393, 421 );
INSERT INTO obec  VALUES( 524450, 707, 'Hendrichovce');
INSERT INTO populacia  VALUES( 2012, 524450, 126, 120 );
INSERT INTO obec  VALUES( 524468, 707, 'Hermanovce');
INSERT INTO populacia  VALUES( 2012, 524468, 948, 918 );
INSERT INTO obec  VALUES( 524476, 707, 'Hrabkov');
INSERT INTO populacia  VALUES( 2012, 524476, 356, 332 );
INSERT INTO obec  VALUES( 524506, 707, 'Chmelov');
INSERT INTO populacia  VALUES( 2012, 524506, 511, 464 );
INSERT INTO obec  VALUES( 524514, 707, 'Chmelovec');
INSERT INTO populacia  VALUES( 2012, 524514, 206, 235 );
INSERT INTO obec  VALUES( 524522, 707, 'Chminianska Nova Ves');
INSERT INTO populacia  VALUES( 2012, 524522, 632, 628 );
INSERT INTO obec  VALUES( 524531, 707, 'Chminianske Jakubovany');
INSERT INTO populacia  VALUES( 2012, 524531, 1028, 980 );
INSERT INTO obec  VALUES( 524549, 707, 'Chminany');
INSERT INTO populacia  VALUES( 2012, 524549, 443, 449 );
INSERT INTO obec  VALUES( 524581, 707, 'Janov');
INSERT INTO populacia  VALUES( 2012, 524581, 152, 156 );
INSERT INTO obec  VALUES( 524590, 707, 'Janovik');
INSERT INTO populacia  VALUES( 2012, 524590, 121, 145 );
INSERT INTO obec  VALUES( 524620, 707, 'Kapusany');
INSERT INTO populacia  VALUES( 2012, 524620, 1046, 1118 );
INSERT INTO obec  VALUES( 524638, 707, 'Kendice');
INSERT INTO populacia  VALUES( 2012, 524638, 939, 921 );
INSERT INTO obec  VALUES( 524646, 707, 'Klenov');
INSERT INTO populacia  VALUES( 2012, 524646, 115, 106 );
INSERT INTO obec  VALUES( 524654, 707, 'Kojatice');
INSERT INTO populacia  VALUES( 2012, 524654, 541, 521 );
INSERT INTO obec  VALUES( 524662, 707, 'Kokosovce');
INSERT INTO populacia  VALUES( 2012, 524662, 376, 378 );
INSERT INTO obec  VALUES( 524697, 707, 'Krizovany');
INSERT INTO populacia  VALUES( 2012, 524697, 191, 181 );
INSERT INTO obec  VALUES( 524701, 707, 'Kvacany');
INSERT INTO populacia  VALUES( 2012, 524701, 145, 139 );
INSERT INTO obec  VALUES( 524727, 707, 'Lada');
INSERT INTO populacia  VALUES( 2012, 524727, 418, 416 );
INSERT INTO obec  VALUES( 524735, 707, 'Lazany');
INSERT INTO populacia  VALUES( 2012, 524735, 88, 90 );
INSERT INTO obec  VALUES( 524743, 707, 'Lemesany');
INSERT INTO populacia  VALUES( 2012, 524743, 863, 961 );
INSERT INTO obec  VALUES( 524751, 707, 'Lesicek');
INSERT INTO populacia  VALUES( 2012, 524751, 176, 189 );
INSERT INTO obec  VALUES( 524760, 707, 'Licartovce');
INSERT INTO populacia  VALUES( 2012, 524760, 542, 431 );
INSERT INTO obec  VALUES( 524786, 707, 'Lipovce');
INSERT INTO populacia  VALUES( 2012, 524786, 261, 249 );
INSERT INTO obec  VALUES( 524794, 707, 'Lubovec');
INSERT INTO populacia  VALUES( 2012, 524794, 250, 244 );
INSERT INTO obec  VALUES( 524808, 707, 'Lucina');
INSERT INTO populacia  VALUES( 2012, 524808, 75, 88 );
INSERT INTO obec  VALUES( 524832, 707, 'Maly Slivnik');
INSERT INTO populacia  VALUES( 2012, 524832, 426, 421 );
INSERT INTO obec  VALUES( 524841, 707, 'Maly Saris');
INSERT INTO populacia  VALUES( 2012, 524841, 745, 788 );
INSERT INTO obec  VALUES( 524867, 707, 'Miklusovce');
INSERT INTO populacia  VALUES( 2012, 524867, 156, 164 );
INSERT INTO obec  VALUES( 524883, 707, 'Mirkovce');
INSERT INTO populacia  VALUES( 2012, 524883, 609, 618 );
INSERT INTO obec  VALUES( 524905, 707, 'Mosurov');
INSERT INTO populacia  VALUES( 2012, 524905, 81, 99 );
INSERT INTO obec  VALUES( 524913, 707, 'Nemcovce');
INSERT INTO populacia  VALUES( 2012, 524913, 252, 217 );
INSERT INTO obec  VALUES( 524930, 707, 'Okruzna');
INSERT INTO populacia  VALUES( 2012, 524930, 220, 236 );
INSERT INTO obec  VALUES( 524964, 707, 'Ondrasovce');
INSERT INTO populacia  VALUES( 2012, 524964, 27, 32 );
INSERT INTO obec  VALUES( 524999, 707, 'Ovcie');
INSERT INTO populacia  VALUES( 2012, 524999, 331, 335 );
INSERT INTO obec  VALUES( 525014, 707, 'Petrovany');
INSERT INTO populacia  VALUES( 2012, 525014, 911, 941 );
INSERT INTO obec  VALUES( 525022, 707, 'Podhorany');
INSERT INTO populacia  VALUES( 2012, 525022, 382, 382 );
INSERT INTO obec  VALUES( 525031, 707, 'Podhradik');
INSERT INTO populacia  VALUES( 2012, 525031, 170, 196 );
INSERT INTO obec  VALUES( 525057, 707, 'Proc');
INSERT INTO populacia  VALUES( 2012, 525057, 222, 224 );
INSERT INTO obec  VALUES( 525065, 707, 'Pusovce');
INSERT INTO populacia  VALUES( 2012, 525065, 272, 260 );
INSERT INTO obec  VALUES( 525073, 707, 'Radatice');
INSERT INTO populacia  VALUES( 2012, 525073, 374, 383 );
INSERT INTO obec  VALUES( 525111, 707, 'Rokycany');
INSERT INTO populacia  VALUES( 2012, 525111, 473, 512 );
INSERT INTO obec  VALUES( 525138, 707, 'Ruska Nova Ves');
INSERT INTO populacia  VALUES( 2012, 525138, 574, 559 );
INSERT INTO obec  VALUES( 525154, 707, 'Sedlice');
INSERT INTO populacia  VALUES( 2012, 525154, 517, 531 );
INSERT INTO obec  VALUES( 525162, 707, 'Seniakovce');
INSERT INTO populacia  VALUES( 2012, 525162, 66, 66 );
INSERT INTO obec  VALUES( 525171, 707, 'Svinia');
INSERT INTO populacia  VALUES( 2012, 525171, 944, 905 );
INSERT INTO obec  VALUES( 525189, 707, 'Sarisska Poruba');
INSERT INTO populacia  VALUES( 2012, 525189, 260, 284 );
INSERT INTO obec  VALUES( 525197, 707, 'Sarisska Trstena');
INSERT INTO populacia  VALUES( 2012, 525197, 147, 163 );
INSERT INTO obec  VALUES( 525201, 707, 'Sarisske Bohdanovce');
INSERT INTO populacia  VALUES( 2012, 525201, 339, 372 );
INSERT INTO obec  VALUES( 525251, 707, 'Sindliar');
INSERT INTO populacia  VALUES( 2012, 525251, 283, 263 );
INSERT INTO obec  VALUES( 525260, 707, 'Siroke');
INSERT INTO populacia  VALUES( 2012, 525260, 1215, 1200 );
INSERT INTO obec  VALUES( 525278, 707, 'Stefanovce');
INSERT INTO populacia  VALUES( 2012, 525278, 116, 92 );
INSERT INTO obec  VALUES( 525286, 707, 'Teriakovce');
INSERT INTO populacia  VALUES( 2012, 525286, 292, 292 );
INSERT INTO obec  VALUES( 525294, 707, 'Terna');
INSERT INTO populacia  VALUES( 2012, 525294, 563, 620 );
INSERT INTO obec  VALUES( 525324, 707, 'Trnkov');
INSERT INTO populacia  VALUES( 2012, 525324, 116, 125 );
INSERT INTO obec  VALUES( 525332, 707, 'Tuhrina');
INSERT INTO populacia  VALUES( 2012, 525332, 248, 223 );
INSERT INTO obec  VALUES( 525341, 707, 'Tulcik');
INSERT INTO populacia  VALUES( 2012, 525341, 665, 654 );
INSERT INTO obec  VALUES( 525383, 707, 'Varhanovce');
INSERT INTO populacia  VALUES( 2012, 525383, 692, 685 );
INSERT INTO obec  VALUES( 525391, 707, 'Velky Slivnik');
INSERT INTO populacia  VALUES( 2012, 525391, 163, 171 );
INSERT INTO obec  VALUES( 525405, 707, 'Velky Saris');
INSERT INTO populacia  VALUES( 2012, 525405, 2669, 2814 );
INSERT INTO obec  VALUES( 525413, 707, 'Vitaz');
INSERT INTO populacia  VALUES( 2012, 525413, 1006, 1024 );
INSERT INTO obec  VALUES( 525430, 707, 'Vysna Sebastova');
INSERT INTO populacia  VALUES( 2012, 525430, 565, 593 );
INSERT INTO obec  VALUES( 525448, 707, 'Zaborske');
INSERT INTO populacia  VALUES( 2012, 525448, 311, 317 );
INSERT INTO obec  VALUES( 525456, 707, 'Zahradne');
INSERT INTO populacia  VALUES( 2012, 525456, 477, 487 );
INSERT INTO obec  VALUES( 525472, 707, 'Zlata Bana');
INSERT INTO populacia  VALUES( 2012, 525472, 215, 214 );
INSERT INTO obec  VALUES( 525499, 707, 'Zehna');
INSERT INTO populacia  VALUES( 2012, 525499, 539, 508 );
INSERT INTO obec  VALUES( 525502, 707, 'Zipov');
INSERT INTO populacia  VALUES( 2012, 525502, 149, 137 );
INSERT INTO obec  VALUES( 525511, 707, 'Zupcany');
INSERT INTO populacia  VALUES( 2012, 525511, 718, 670 );
INSERT INTO obec  VALUES( 556823, 707, 'Medzany');
INSERT INTO populacia  VALUES( 2012, 556823, 377, 377 );
INSERT INTO obec  VALUES( 559971, 707, 'Lipniky');
INSERT INTO populacia  VALUES( 2012, 559971, 231, 245 );
INSERT INTO obec  VALUES( 559989, 707, 'Sucha Dolina');
INSERT INTO populacia  VALUES( 2012, 559989, 93, 100 );
INSERT INTO obec  VALUES( 524182, 708, 'Bajerovce');
INSERT INTO populacia  VALUES( 2012, 524182, 154, 149 );
INSERT INTO obec  VALUES( 524204, 708, 'Bodovce');
INSERT INTO populacia  VALUES( 2012, 524204, 157, 173 );
INSERT INTO obec  VALUES( 524239, 708, 'Brezovica');
INSERT INTO populacia  VALUES( 2012, 524239, 879, 830 );
INSERT INTO obec  VALUES( 524247, 708, 'Brezovicka');
INSERT INTO populacia  VALUES( 2012, 524247, 216, 214 );
INSERT INTO obec  VALUES( 524280, 708, 'Cervena Voda');
INSERT INTO populacia  VALUES( 2012, 524280, 251, 235 );
INSERT INTO obec  VALUES( 524298, 708, 'Cervenica pri Sabinove');
INSERT INTO populacia  VALUES( 2012, 524298, 411, 438 );
INSERT INTO obec  VALUES( 524310, 708, 'Dacov');
INSERT INTO populacia  VALUES( 2012, 524310, 374, 378 );
INSERT INTO obec  VALUES( 524328, 708, 'Daletice');
INSERT INTO populacia  VALUES( 2012, 524328, 56, 44 );
INSERT INTO obec  VALUES( 524344, 708, 'Drienica');
INSERT INTO populacia  VALUES( 2012, 524344, 373, 359 );
INSERT INTO obec  VALUES( 524379, 708, 'Dubovica');
INSERT INTO populacia  VALUES( 2012, 524379, 754, 741 );
INSERT INTO obec  VALUES( 524441, 708, 'Hanigovce');
INSERT INTO populacia  VALUES( 2012, 524441, 71, 61 );
INSERT INTO obec  VALUES( 524492, 708, 'Hubosovce');
INSERT INTO populacia  VALUES( 2012, 524492, 243, 247 );
INSERT INTO obec  VALUES( 524557, 708, 'Jakovany');
INSERT INTO populacia  VALUES( 2012, 524557, 178, 165 );
INSERT INTO obec  VALUES( 524565, 708, 'Jakubova Vola');
INSERT INTO populacia  VALUES( 2012, 524565, 212, 201 );
INSERT INTO obec  VALUES( 524573, 708, 'Jakubovany');
INSERT INTO populacia  VALUES( 2012, 524573, 480, 458 );
INSERT INTO obec  VALUES( 524603, 708, 'Jarovnice');
INSERT INTO populacia  VALUES( 2012, 524603, 2852, 2911 );
INSERT INTO obec  VALUES( 524611, 708, 'Kamenica');
INSERT INTO populacia  VALUES( 2012, 524611, 935, 898 );
INSERT INTO obec  VALUES( 524671, 708, 'Krasna Luka');
INSERT INTO populacia  VALUES( 2012, 524671, 359, 357 );
INSERT INTO obec  VALUES( 524689, 708, 'Krivany');
INSERT INTO populacia  VALUES( 2012, 524689, 623, 609 );
INSERT INTO obec  VALUES( 524778, 708, 'Lipany');
INSERT INTO populacia  VALUES( 2012, 524778, 3243, 3227 );
INSERT INTO obec  VALUES( 524816, 708, 'Lucka');
INSERT INTO populacia  VALUES( 2012, 524816, 360, 328 );
INSERT INTO obec  VALUES( 524824, 708, 'Lutina');
INSERT INTO populacia  VALUES( 2012, 524824, 226, 234 );
INSERT INTO obec  VALUES( 524875, 708, 'Milpos');
INSERT INTO populacia  VALUES( 2012, 524875, 345, 349 );
INSERT INTO obec  VALUES( 524921, 708, 'Nizny Slavkov');
INSERT INTO populacia  VALUES( 2012, 524921, 402, 409 );
INSERT INTO obec  VALUES( 524948, 708, 'Olejnikov');
INSERT INTO populacia  VALUES( 2012, 524948, 218, 209 );
INSERT INTO obec  VALUES( 524956, 708, 'Olsov');
INSERT INTO populacia  VALUES( 2012, 524956, 202, 191 );
INSERT INTO obec  VALUES( 524981, 708, 'Ostrovany');
INSERT INTO populacia  VALUES( 2012, 524981, 937, 927 );
INSERT INTO obec  VALUES( 525006, 708, 'Pecovska Nova Ves');
INSERT INTO populacia  VALUES( 2012, 525006, 1277, 1334 );
INSERT INTO obec  VALUES( 525049, 708, 'Poloma');
INSERT INTO populacia  VALUES( 2012, 525049, 480, 465 );
INSERT INTO obec  VALUES( 525081, 708, 'Ratvaj');
INSERT INTO populacia  VALUES( 2012, 525081, 71, 77 );
INSERT INTO obec  VALUES( 525090, 708, 'Raznany');
INSERT INTO populacia  VALUES( 2012, 525090, 732, 741 );
INSERT INTO obec  VALUES( 525103, 708, 'Rencisov');
INSERT INTO populacia  VALUES( 2012, 525103, 83, 98 );
INSERT INTO obec  VALUES( 525120, 708, 'Rozkovany');
INSERT INTO populacia  VALUES( 2012, 525120, 686, 644 );
INSERT INTO obec  VALUES( 525146, 708, 'Sabinov');
INSERT INTO populacia  VALUES( 2012, 525146, 6307, 6399 );
INSERT INTO obec  VALUES( 525219, 708, 'Sarisske Dravce');
INSERT INTO populacia  VALUES( 2012, 525219, 652, 606 );
INSERT INTO obec  VALUES( 525235, 708, 'Sarisske Michalany');
INSERT INTO populacia  VALUES( 2012, 525235, 1423, 1441 );
INSERT INTO obec  VALUES( 525243, 708, 'Sarisske Sokolovce');
INSERT INTO populacia  VALUES( 2012, 525243, 259, 275 );
INSERT INTO obec  VALUES( 525308, 708, 'Tichy Potok');
INSERT INTO populacia  VALUES( 2012, 525308, 177, 172 );
INSERT INTO obec  VALUES( 525316, 708, 'Torysa');
INSERT INTO populacia  VALUES( 2012, 525316, 760, 756 );
INSERT INTO obec  VALUES( 525359, 708, 'Uzovce');
INSERT INTO populacia  VALUES( 2012, 525359, 262, 264 );
INSERT INTO obec  VALUES( 525367, 708, 'Uzovske Peklany');
INSERT INTO populacia  VALUES( 2012, 525367, 211, 211 );
INSERT INTO obec  VALUES( 525375, 708, 'Uzovsky Salgov');
INSERT INTO populacia  VALUES( 2012, 525375, 296, 306 );
INSERT INTO obec  VALUES( 525421, 708, 'Vysoka');
INSERT INTO populacia  VALUES( 2012, 525421, 68, 64 );
INSERT INTO obec  VALUES( 520039, 709, 'Bela nad Cirochou');
INSERT INTO populacia  VALUES( 2012, 520039, 1668, 1699 );
INSERT INTO obec  VALUES( 520080, 709, 'Brezovec');
INSERT INTO populacia  VALUES( 2012, 520080, 17, 32 );
INSERT INTO obec  VALUES( 520136, 709, 'Cukalovce');
INSERT INTO populacia  VALUES( 2012, 520136, 81, 87 );
INSERT INTO obec  VALUES( 520161, 709, 'Dlhe nad Cirochou');
INSERT INTO populacia  VALUES( 2012, 520161, 1029, 1001 );
INSERT INTO obec  VALUES( 520179, 709, 'Dubrava');
INSERT INTO populacia  VALUES( 2012, 520179, 86, 152 );
INSERT INTO obec  VALUES( 520209, 709, 'Hostovice');
INSERT INTO populacia  VALUES( 2012, 520209, 167, 133 );
INSERT INTO obec  VALUES( 520217, 709, 'Hrabova Roztoka');
INSERT INTO populacia  VALUES( 2012, 520217, 27, 33 );
INSERT INTO obec  VALUES( 520284, 709, 'Jalova');
INSERT INTO populacia  VALUES( 2012, 520284, 44, 33 );
INSERT INTO obec  VALUES( 520322, 709, 'Kalna Roztoka');
INSERT INTO populacia  VALUES( 2012, 520322, 276, 292 );
INSERT INTO obec  VALUES( 520365, 709, 'Klenova');
INSERT INTO populacia  VALUES( 2012, 520365, 262, 276 );
INSERT INTO obec  VALUES( 520381, 709, 'Kolbasov');
INSERT INTO populacia  VALUES( 2012, 520381, 46, 45 );
INSERT INTO obec  VALUES( 520390, 709, 'Kolonica');
INSERT INTO populacia  VALUES( 2012, 520390, 296, 295 );
INSERT INTO obec  VALUES( 520438, 709, 'Ladomirov');
INSERT INTO populacia  VALUES( 2012, 520438, 162, 147 );
INSERT INTO obec  VALUES( 520489, 709, 'Michajlov');
INSERT INTO populacia  VALUES( 2012, 520489, 44, 51 );
INSERT INTO obec  VALUES( 520551, 709, 'Nova Sedlica');
INSERT INTO populacia  VALUES( 2012, 520551, 148, 136 );
INSERT INTO obec  VALUES( 520594, 709, 'Osadne');
INSERT INTO populacia  VALUES( 2012, 520594, 99, 82 );
INSERT INTO obec  VALUES( 520632, 709, 'Parihuzovce');
INSERT INTO populacia  VALUES( 2012, 520632, 17, 13 );
INSERT INTO obec  VALUES( 520641, 709, 'Pcoline');
INSERT INTO populacia  VALUES( 2012, 520641, 285, 302 );
INSERT INTO obec  VALUES( 520659, 709, 'Pichne');
INSERT INTO populacia  VALUES( 2012, 520659, 266, 308 );
INSERT INTO obec  VALUES( 520675, 709, 'Prislop');
INSERT INTO populacia  VALUES( 2012, 520675, 33, 32 );
INSERT INTO obec  VALUES( 520730, 709, 'Runina');
INSERT INTO populacia  VALUES( 2012, 520730, 41, 36 );
INSERT INTO obec  VALUES( 520748, 709, 'Ruska Volova');
INSERT INTO populacia  VALUES( 2012, 520748, 51, 59 );
INSERT INTO obec  VALUES( 520764, 709, 'Rusky Potok');
INSERT INTO populacia  VALUES( 2012, 520764, 62, 73 );
INSERT INTO obec  VALUES( 520802, 709, 'Snina');
INSERT INTO populacia  VALUES( 2012, 520802, 10093, 10503 );
INSERT INTO obec  VALUES( 520811, 709, 'Stakcinska Roztoka');
INSERT INTO populacia  VALUES( 2012, 520811, 174, 162 );
INSERT INTO obec  VALUES( 520829, 709, 'Stakcin');
INSERT INTO populacia  VALUES( 2012, 520829, 1202, 1255 );
INSERT INTO obec  VALUES( 520845, 709, 'Strihovce');
INSERT INTO populacia  VALUES( 2012, 520845, 74, 79 );
INSERT INTO obec  VALUES( 520870, 709, 'Smigovec');
INSERT INTO populacia  VALUES( 2012, 520870, 47, 43 );
INSERT INTO obec  VALUES( 520888, 709, 'Topola');
INSERT INTO populacia  VALUES( 2012, 520888, 72, 87 );
INSERT INTO obec  VALUES( 520918, 709, 'Ubla');
INSERT INTO populacia  VALUES( 2012, 520918, 367, 436 );
INSERT INTO obec  VALUES( 520934, 709, 'Ulic');
INSERT INTO populacia  VALUES( 2012, 520934, 463, 456 );
INSERT INTO obec  VALUES( 520942, 709, 'Ulicske Krive');
INSERT INTO populacia  VALUES( 2012, 520942, 127, 131 );
INSERT INTO obec  VALUES( 521051, 709, 'Zboj');
INSERT INTO populacia  VALUES( 2012, 521051, 165, 194 );
INSERT INTO obec  VALUES( 521108, 709, 'Zemplinske Hamre');
INSERT INTO populacia  VALUES( 2012, 521108, 634, 632 );
INSERT INTO obec  VALUES( 526665, 710, 'Stara Lubovna');
INSERT INTO populacia  VALUES( 2012, 526665, 8163, 8188 );
INSERT INTO obec  VALUES( 526673, 710, 'Circ');
INSERT INTO populacia  VALUES( 2012, 526673, 621, 623 );
INSERT INTO obec  VALUES( 526681, 710, 'Durkova');
INSERT INTO populacia  VALUES( 2012, 526681, 114, 132 );
INSERT INTO obec  VALUES( 526690, 710, 'Forbasy');
INSERT INTO populacia  VALUES( 2012, 526690, 206, 212 );
INSERT INTO obec  VALUES( 526703, 710, 'Hajtovka');
INSERT INTO populacia  VALUES( 2012, 526703, 41, 36 );
INSERT INTO obec  VALUES( 526711, 710, 'Haligovce');
INSERT INTO populacia  VALUES( 2012, 526711, 349, 321 );
INSERT INTO obec  VALUES( 526720, 710, 'Hniezdne');
INSERT INTO populacia  VALUES( 2012, 526720, 719, 731 );
INSERT INTO obec  VALUES( 526738, 710, 'Hranicne');
INSERT INTO populacia  VALUES( 2012, 526738, 100, 92 );
INSERT INTO obec  VALUES( 526746, 710, 'Hromos');
INSERT INTO populacia  VALUES( 2012, 526746, 262, 248 );
INSERT INTO obec  VALUES( 526754, 710, 'Chmelnica');
INSERT INTO populacia  VALUES( 2012, 526754, 470, 487 );
INSERT INTO obec  VALUES( 526762, 710, 'Jakubany');
INSERT INTO populacia  VALUES( 2012, 526762, 1350, 1329 );
INSERT INTO obec  VALUES( 526771, 710, 'Jarabina');
INSERT INTO populacia  VALUES( 2012, 526771, 447, 462 );
INSERT INTO obec  VALUES( 526789, 710, 'Kamienka');
INSERT INTO populacia  VALUES( 2012, 526789, 702, 677 );
INSERT INTO obec  VALUES( 526797, 710, 'Kolackov');
INSERT INTO populacia  VALUES( 2012, 526797, 662, 599 );
INSERT INTO obec  VALUES( 526801, 710, 'Kremna');
INSERT INTO populacia  VALUES( 2012, 526801, 55, 52 );
INSERT INTO obec  VALUES( 526819, 710, 'Kyjov');
INSERT INTO populacia  VALUES( 2012, 526819, 356, 388 );
INSERT INTO obec  VALUES( 526827, 710, 'Lackova');
INSERT INTO populacia  VALUES( 2012, 526827, 83, 83 );
INSERT INTO obec  VALUES( 526835, 710, 'Legnava');
INSERT INTO populacia  VALUES( 2012, 526835, 77, 40 );
INSERT INTO obec  VALUES( 526843, 710, 'Lesnica');
INSERT INTO populacia  VALUES( 2012, 526843, 263, 249 );
INSERT INTO obec  VALUES( 526851, 710, 'Litmanova');
INSERT INTO populacia  VALUES( 2012, 526851, 309, 330 );
INSERT INTO obec  VALUES( 526860, 710, 'Lomnicka');
INSERT INTO populacia  VALUES( 2012, 526860, 1436, 1391 );
INSERT INTO obec  VALUES( 526878, 710, 'Lubotin');
INSERT INTO populacia  VALUES( 2012, 526878, 678, 691 );
INSERT INTO obec  VALUES( 526886, 710, 'Maly Lipnik');
INSERT INTO populacia  VALUES( 2012, 526886, 238, 224 );
INSERT INTO obec  VALUES( 526894, 710, 'Matysova');
INSERT INTO populacia  VALUES( 2012, 526894, 34, 39 );
INSERT INTO obec  VALUES( 526908, 710, 'Mnisek nad Popradom');
INSERT INTO populacia  VALUES( 2012, 526908, 341, 320 );
INSERT INTO obec  VALUES( 526916, 710, 'Nizne Ruzbachy');
INSERT INTO populacia  VALUES( 2012, 526916, 309, 318 );
INSERT INTO obec  VALUES( 526924, 710, 'Nova Lubovna');
INSERT INTO populacia  VALUES( 2012, 526924, 1461, 1474 );
INSERT INTO obec  VALUES( 526932, 710, 'Obrucne');
INSERT INTO populacia  VALUES( 2012, 526932, 22, 13 );
INSERT INTO obec  VALUES( 526941, 710, 'Orlov');
INSERT INTO populacia  VALUES( 2012, 526941, 321, 355 );
INSERT INTO obec  VALUES( 526959, 710, 'Plavec');
INSERT INTO populacia  VALUES( 2012, 526959, 939, 897 );
INSERT INTO obec  VALUES( 526967, 710, 'Plavnica');
INSERT INTO populacia  VALUES( 2012, 526967, 807, 813 );
INSERT INTO obec  VALUES( 526975, 710, 'Podolinec');
INSERT INTO populacia  VALUES( 2012, 526975, 1653, 1615 );
INSERT INTO obec  VALUES( 526983, 710, 'Puste Pole');
INSERT INTO populacia  VALUES( 2012, 526983, 104, 120 );
INSERT INTO obec  VALUES( 526991, 710, 'Ruska Vola nad Popradom');
INSERT INTO populacia  VALUES( 2012, 526991, 40, 57 );
INSERT INTO obec  VALUES( 527009, 710, 'Starina');
INSERT INTO populacia  VALUES( 2012, 527009, 23, 20 );
INSERT INTO obec  VALUES( 527017, 710, 'Stranany');
INSERT INTO populacia  VALUES( 2012, 527017, 94, 99 );
INSERT INTO obec  VALUES( 527025, 710, 'Sulin');
INSERT INTO populacia  VALUES( 2012, 527025, 193, 167 );
INSERT INTO obec  VALUES( 527033, 710, 'Sambron');
INSERT INTO populacia  VALUES( 2012, 527033, 193, 208 );
INSERT INTO obec  VALUES( 527041, 710, 'Sarisske Jastrabie');
INSERT INTO populacia  VALUES( 2012, 527041, 647, 655 );
INSERT INTO obec  VALUES( 527050, 710, 'Udol');
INSERT INTO populacia  VALUES( 2012, 527050, 196, 216 );
INSERT INTO obec  VALUES( 527068, 710, 'Velka Lesna');
INSERT INTO populacia  VALUES( 2012, 527068, 235, 229 );
INSERT INTO obec  VALUES( 527076, 710, 'Velky Lipnik');
INSERT INTO populacia  VALUES( 2012, 527076, 493, 484 );
INSERT INTO obec  VALUES( 527084, 710, 'Vislanka');
INSERT INTO populacia  VALUES( 2012, 527084, 126, 130 );
INSERT INTO obec  VALUES( 527092, 710, 'Vysne Ruzbachy');
INSERT INTO populacia  VALUES( 2012, 527092, 675, 719 );
INSERT INTO obec  VALUES( 527114, 711, 'Bana');
INSERT INTO populacia  VALUES( 2012, 527114, 92, 80 );
INSERT INTO obec  VALUES( 527157, 711, 'Breznica');
INSERT INTO populacia  VALUES( 2012, 527157, 376, 404 );
INSERT INTO obec  VALUES( 527165, 711, 'Breznicka');
INSERT INTO populacia  VALUES( 2012, 527165, 68, 64 );
INSERT INTO obec  VALUES( 527173, 711, 'Brusnica');
INSERT INTO populacia  VALUES( 2012, 527173, 198, 206 );
INSERT INTO obec  VALUES( 527181, 711, 'Bukovce');
INSERT INTO populacia  VALUES( 2012, 527181, 269, 264 );
INSERT INTO obec  VALUES( 527190, 711, 'Bystra');
INSERT INTO populacia  VALUES( 2012, 527190, 11, 21 );
INSERT INTO obec  VALUES( 527203, 711, 'Bzany');
INSERT INTO populacia  VALUES( 2012, 527203, 72, 92 );
INSERT INTO obec  VALUES( 527262, 711, 'Duplin');
INSERT INTO populacia  VALUES( 2012, 527262, 228, 253 );
INSERT INTO obec  VALUES( 527289, 711, 'Gribov');
INSERT INTO populacia  VALUES( 2012, 527289, 102, 103 );
INSERT INTO obec  VALUES( 527297, 711, 'Havaj');
INSERT INTO populacia  VALUES( 2012, 527297, 211, 196 );
INSERT INTO obec  VALUES( 527335, 711, 'Chotca');
INSERT INTO populacia  VALUES( 2012, 527335, 271, 277 );
INSERT INTO obec  VALUES( 527343, 711, 'Jakusovce');
INSERT INTO populacia  VALUES( 2012, 527343, 20, 26 );
INSERT INTO obec  VALUES( 527386, 711, 'Kolbovce');
INSERT INTO populacia  VALUES( 2012, 527386, 102, 94 );
INSERT INTO obec  VALUES( 527408, 711, 'Korunkova');
INSERT INTO populacia  VALUES( 2012, 527408, 37, 44 );
INSERT INTO obec  VALUES( 527416, 711, 'Kozuchovce');
INSERT INTO populacia  VALUES( 2012, 527416, 35, 33 );
INSERT INTO obec  VALUES( 527467, 711, 'Krislovce');
INSERT INTO populacia  VALUES( 2012, 527467, 19, 17 );
INSERT INTO obec  VALUES( 527475, 711, 'Krusinec');
INSERT INTO populacia  VALUES( 2012, 527475, 131, 144 );
INSERT INTO obec  VALUES( 527513, 711, 'Lomne');
INSERT INTO populacia  VALUES( 2012, 527513, 131, 137 );
INSERT INTO obec  VALUES( 527521, 711, 'Makovce');
INSERT INTO populacia  VALUES( 2012, 527521, 93, 88 );
INSERT INTO obec  VALUES( 527530, 711, 'Mala Polana');
INSERT INTO populacia  VALUES( 2012, 527530, 58, 54 );
INSERT INTO obec  VALUES( 527572, 711, 'Mikova');
INSERT INTO populacia  VALUES( 2012, 527572, 70, 82 );
INSERT INTO obec  VALUES( 527581, 711, 'Minovce');
INSERT INTO populacia  VALUES( 2012, 527581, 181, 167 );
INSERT INTO obec  VALUES( 527611, 711, 'Mrazovce');
INSERT INTO populacia  VALUES( 2012, 527611, 44, 44 );
INSERT INTO obec  VALUES( 527637, 711, 'Nizna Olsava');
INSERT INTO populacia  VALUES( 2012, 527637, 201, 203 );
INSERT INTO obec  VALUES( 527700, 711, 'Olsavka');
INSERT INTO populacia  VALUES( 2012, 527700, 111, 116 );
INSERT INTO obec  VALUES( 527718, 711, 'Potocky');
INSERT INTO populacia  VALUES( 2012, 527718, 31, 30 );
INSERT INTO obec  VALUES( 527726, 711, 'Potoky');
INSERT INTO populacia  VALUES( 2012, 527726, 46, 44 );
INSERT INTO obec  VALUES( 527793, 711, 'Krucov');
INSERT INTO populacia  VALUES( 2012, 527793, 110, 113 );
INSERT INTO obec  VALUES( 527815, 711, 'Solnik');
INSERT INTO populacia  VALUES( 2012, 527815, 18, 18 );
INSERT INTO obec  VALUES( 527823, 711, 'Staskovce');
INSERT INTO populacia  VALUES( 2012, 527823, 112, 141 );
INSERT INTO obec  VALUES( 527840, 711, 'Stropkov');
INSERT INTO populacia  VALUES( 2012, 527840, 5449, 5417 );
INSERT INTO obec  VALUES( 527866, 711, 'Sandal');
INSERT INTO populacia  VALUES( 2012, 527866, 169, 161 );
INSERT INTO obec  VALUES( 527912, 711, 'Tisinec');
INSERT INTO populacia  VALUES( 2012, 527912, 198, 183 );
INSERT INTO obec  VALUES( 527921, 711, 'Tokajik');
INSERT INTO populacia  VALUES( 2012, 527921, 58, 55 );
INSERT INTO obec  VALUES( 527939, 711, 'Turany nad Ondavou');
INSERT INTO populacia  VALUES( 2012, 527939, 194, 203 );
INSERT INTO obec  VALUES( 527971, 711, 'Varechovce');
INSERT INTO populacia  VALUES( 2012, 527971, 82, 91 );
INSERT INTO obec  VALUES( 527980, 711, 'Velkrop');
INSERT INTO populacia  VALUES( 2012, 527980, 90, 129 );
INSERT INTO obec  VALUES( 527998, 711, 'Vislava');
INSERT INTO populacia  VALUES( 2012, 527998, 113, 105 );
INSERT INTO obec  VALUES( 528005, 711, 'Vladica');
INSERT INTO populacia  VALUES( 2012, 528005, 35, 25 );
INSERT INTO obec  VALUES( 528013, 711, 'Vojtovce');
INSERT INTO populacia  VALUES( 2012, 528013, 57, 52 );
INSERT INTO obec  VALUES( 528021, 711, 'Vyskovce');
INSERT INTO populacia  VALUES( 2012, 528021, 64, 73 );
INSERT INTO obec  VALUES( 528048, 711, 'Vysna Olsava');
INSERT INTO populacia  VALUES( 2012, 528048, 303, 322 );
INSERT INTO obec  VALUES( 560073, 711, 'Vysny Hrabovec');
INSERT INTO populacia  VALUES( 2012, 560073, 103, 90 );
INSERT INTO obec  VALUES( 519197, 712, 'Giraltovce');
INSERT INTO populacia  VALUES( 2012, 519197, 2080, 2092 );
INSERT INTO obec  VALUES( 519316, 712, 'Kalniste');
INSERT INTO populacia  VALUES( 2012, 519316, 274, 273 );
INSERT INTO obec  VALUES( 519332, 712, 'Kobylnice');
INSERT INTO populacia  VALUES( 2012, 519332, 52, 45 );
INSERT INTO obec  VALUES( 519391, 712, 'Kracunovce');
INSERT INTO populacia  VALUES( 2012, 519391, 616, 595 );
INSERT INTO obec  VALUES( 519448, 712, 'Kukova');
INSERT INTO populacia  VALUES( 2012, 519448, 359, 353 );
INSERT INTO obec  VALUES( 519537, 712, 'Lucka');
INSERT INTO populacia  VALUES( 2012, 519537, 264, 269 );
INSERT INTO obec  VALUES( 519561, 712, 'Luzany pri Topli');
INSERT INTO populacia  VALUES( 2012, 519561, 134, 131 );
INSERT INTO obec  VALUES( 519596, 712, 'Micakovce');
INSERT INTO populacia  VALUES( 2012, 519596, 72, 73 );
INSERT INTO obec  VALUES( 519987, 712, 'Zeleznik');
INSERT INTO populacia  VALUES( 2012, 519987, 248, 216 );
INSERT INTO obec  VALUES( 519995, 712, 'Zelmanovce');
INSERT INTO populacia  VALUES( 2012, 519995, 169, 165 );
INSERT INTO obec  VALUES( 527106, 712, 'Svidnik');
INSERT INTO populacia  VALUES( 2012, 527106, 5609, 5883 );
INSERT INTO obec  VALUES( 527122, 712, 'Belejovce');
INSERT INTO populacia  VALUES( 2012, 527122, 11, 11 );
INSERT INTO obec  VALUES( 527131, 712, 'Benadikovce');
INSERT INTO populacia  VALUES( 2012, 527131, 115, 112 );
INSERT INTO obec  VALUES( 527149, 712, 'Bodruzal');
INSERT INTO populacia  VALUES( 2012, 527149, 34, 28 );
INSERT INTO obec  VALUES( 527211, 712, 'Cernina');
INSERT INTO populacia  VALUES( 2012, 527211, 267, 319 );
INSERT INTO obec  VALUES( 527220, 712, 'Cigla');
INSERT INTO populacia  VALUES( 2012, 527220, 50, 57 );
INSERT INTO obec  VALUES( 527238, 712, 'Dlhona');
INSERT INTO populacia  VALUES( 2012, 527238, 36, 38 );
INSERT INTO obec  VALUES( 527246, 712, 'Dobroslava');
INSERT INTO populacia  VALUES( 2012, 527246, 16, 16 );
INSERT INTO obec  VALUES( 527254, 712, 'Dubova');
INSERT INTO populacia  VALUES( 2012, 527254, 117, 115 );
INSERT INTO obec  VALUES( 527271, 712, 'Fijas');
INSERT INTO populacia  VALUES( 2012, 527271, 64, 82 );
INSERT INTO obec  VALUES( 527301, 712, 'Havranec');
INSERT INTO populacia  VALUES( 2012, 527301, 6, 7 );
INSERT INTO obec  VALUES( 527319, 712, 'Hrabovcik');
INSERT INTO populacia  VALUES( 2012, 527319, 177, 160 );
INSERT INTO obec  VALUES( 527327, 712, 'Hunkovce');
INSERT INTO populacia  VALUES( 2012, 527327, 165, 171 );
INSERT INTO obec  VALUES( 527351, 712, 'Jurkova Vola');
INSERT INTO populacia  VALUES( 2012, 527351, 36, 46 );
INSERT INTO obec  VALUES( 527360, 712, 'Kapisova');
INSERT INTO populacia  VALUES( 2012, 527360, 217, 193 );
INSERT INTO obec  VALUES( 527378, 712, 'Keckovce');
INSERT INTO populacia  VALUES( 2012, 527378, 113, 127 );
INSERT INTO obec  VALUES( 527394, 712, 'Korejovce');
INSERT INTO populacia  VALUES( 2012, 527394, 34, 38 );
INSERT INTO obec  VALUES( 527424, 712, 'Krajna Bystra');
INSERT INTO populacia  VALUES( 2012, 527424, 191, 196 );
INSERT INTO obec  VALUES( 527432, 712, 'Krajna Polana');
INSERT INTO populacia  VALUES( 2012, 527432, 95, 113 );
INSERT INTO obec  VALUES( 527441, 712, 'Krajna Porubka');
INSERT INTO populacia  VALUES( 2012, 527441, 23, 30 );
INSERT INTO obec  VALUES( 527459, 712, 'Krajne Cierno');
INSERT INTO populacia  VALUES( 2012, 527459, 39, 39 );
INSERT INTO obec  VALUES( 527483, 712, 'Kruzlova');
INSERT INTO populacia  VALUES( 2012, 527483, 319, 355 );
INSERT INTO obec  VALUES( 527491, 712, 'Kurimka');
INSERT INTO populacia  VALUES( 2012, 527491, 175, 194 );
INSERT INTO obec  VALUES( 527505, 712, 'Ladomirova');
INSERT INTO populacia  VALUES( 2012, 527505, 513, 505 );
INSERT INTO obec  VALUES( 527548, 712, 'Matovce');
INSERT INTO populacia  VALUES( 2012, 527548, 62, 66 );
INSERT INTO obec  VALUES( 527556, 712, 'Medvedie');
INSERT INTO populacia  VALUES( 2012, 527556, 20, 31 );
INSERT INTO obec  VALUES( 527564, 712, 'Mestisko');
INSERT INTO populacia  VALUES( 2012, 527564, 224, 243 );
INSERT INTO obec  VALUES( 527599, 712, 'Mirola');
INSERT INTO populacia  VALUES( 2012, 527599, 35, 35 );
INSERT INTO obec  VALUES( 527602, 712, 'Mlynarovce');
INSERT INTO populacia  VALUES( 2012, 527602, 90, 124 );
INSERT INTO obec  VALUES( 527629, 712, 'Nizna Jedlova');
INSERT INTO populacia  VALUES( 2012, 527629, 40, 44 );
INSERT INTO obec  VALUES( 527645, 712, 'Nizna Pisana');
INSERT INTO populacia  VALUES( 2012, 527645, 44, 41 );
INSERT INTO obec  VALUES( 527653, 712, 'Nizny Komarnik');
INSERT INTO populacia  VALUES( 2012, 527653, 86, 98 );
INSERT INTO obec  VALUES( 527661, 712, 'Nizny Mirosov');
INSERT INTO populacia  VALUES( 2012, 527661, 124, 128 );
INSERT INTO obec  VALUES( 527670, 712, 'Nizny Orlik');
INSERT INTO populacia  VALUES( 2012, 527670, 141, 159 );
INSERT INTO obec  VALUES( 527688, 712, 'Nova Polianka');
INSERT INTO populacia  VALUES( 2012, 527688, 38, 36 );
INSERT INTO obec  VALUES( 527696, 712, 'Okruhle');
INSERT INTO populacia  VALUES( 2012, 527696, 306, 334 );
INSERT INTO obec  VALUES( 527734, 712, 'Prikra');
INSERT INTO populacia  VALUES( 2012, 527734, 6, 2 );
INSERT INTO obec  VALUES( 527742, 712, 'Pstrina');
INSERT INTO populacia  VALUES( 2012, 527742, 27, 33 );
INSERT INTO obec  VALUES( 527751, 712, 'Radoma');
INSERT INTO populacia  VALUES( 2012, 527751, 230, 220 );
INSERT INTO obec  VALUES( 527769, 712, 'Rakovcik');
INSERT INTO populacia  VALUES( 2012, 527769, 102, 74 );
INSERT INTO obec  VALUES( 527777, 712, 'Rovne');
INSERT INTO populacia  VALUES( 2012, 527777, 239, 255 );
INSERT INTO obec  VALUES( 527785, 712, 'Roztoky');
INSERT INTO populacia  VALUES( 2012, 527785, 187, 180 );
INSERT INTO obec  VALUES( 527807, 712, 'Sobos');
INSERT INTO populacia  VALUES( 2012, 527807, 69, 78 );
INSERT INTO obec  VALUES( 527831, 712, 'Strocin');
INSERT INTO populacia  VALUES( 2012, 527831, 278, 272 );
INSERT INTO obec  VALUES( 527858, 712, 'Svidnicka');
INSERT INTO populacia  VALUES( 2012, 527858, 71, 71 );
INSERT INTO obec  VALUES( 527874, 712, 'Sarbov');
INSERT INTO populacia  VALUES( 2012, 527874, 6, 8 );
INSERT INTO obec  VALUES( 527882, 712, 'Sarissky Stiavnik');
INSERT INTO populacia  VALUES( 2012, 527882, 152, 143 );
INSERT INTO obec  VALUES( 527891, 712, 'Semetkovce');
INSERT INTO populacia  VALUES( 2012, 527891, 45, 46 );
INSERT INTO obec  VALUES( 527904, 712, 'Stefurov');
INSERT INTO populacia  VALUES( 2012, 527904, 62, 53 );
INSERT INTO obec  VALUES( 527947, 712, 'Vagrinec');
INSERT INTO populacia  VALUES( 2012, 527947, 52, 72 );
INSERT INTO obec  VALUES( 527955, 712, 'Valkovce');
INSERT INTO populacia  VALUES( 2012, 527955, 120, 106 );
INSERT INTO obec  VALUES( 527963, 712, 'Vapenik');
INSERT INTO populacia  VALUES( 2012, 527963, 25, 15 );
INSERT INTO obec  VALUES( 528030, 712, 'Vysna Jedlova');
INSERT INTO populacia  VALUES( 2012, 528030, 96, 102 );
INSERT INTO obec  VALUES( 528056, 712, 'Vysna Pisana');
INSERT INTO populacia  VALUES( 2012, 528056, 35, 41 );
INSERT INTO obec  VALUES( 528064, 712, 'Vysny Komarnik');
INSERT INTO populacia  VALUES( 2012, 528064, 43, 28 );
INSERT INTO obec  VALUES( 528072, 712, 'Vysny Mirosov');
INSERT INTO populacia  VALUES( 2012, 528072, 277, 291 );
INSERT INTO obec  VALUES( 528081, 712, 'Vysny Orlik');
INSERT INTO populacia  VALUES( 2012, 528081, 197, 189 );
INSERT INTO obec  VALUES( 580601, 712, 'Dukovce');
INSERT INTO populacia  VALUES( 2012, 580601, 122, 137 );
INSERT INTO obec  VALUES( 528731, 713, 'Holcikovce');
INSERT INTO populacia  VALUES( 2012, 528731, 210, 227 );
INSERT INTO obec  VALUES( 528749, 713, 'Jasenovce');
INSERT INTO populacia  VALUES( 2012, 528749, 115, 105 );
INSERT INTO obec  VALUES( 528757, 713, 'Jastrabie nad Toplou');
INSERT INTO populacia  VALUES( 2012, 528757, 237, 224 );
INSERT INTO obec  VALUES( 528765, 713, 'Juskova Vola');
INSERT INTO populacia  VALUES( 2012, 528765, 165, 168 );
INSERT INTO obec  VALUES( 528773, 713, 'Kamenna Poruba');
INSERT INTO populacia  VALUES( 2012, 528773, 644, 644 );
INSERT INTO obec  VALUES( 528781, 713, 'Kladzany');
INSERT INTO populacia  VALUES( 2012, 528781, 262, 267 );
INSERT INTO obec  VALUES( 528790, 713, 'Komarany');
INSERT INTO populacia  VALUES( 2012, 528790, 225, 250 );
INSERT INTO obec  VALUES( 528811, 713, 'Kucin');
INSERT INTO populacia  VALUES( 2012, 528811, 268, 263 );
INSERT INTO obec  VALUES( 528820, 713, 'Kvakovce');
INSERT INTO populacia  VALUES( 2012, 528820, 213, 198 );
INSERT INTO obec  VALUES( 528838, 713, 'Majerovce');
INSERT INTO populacia  VALUES( 2012, 528838, 220, 226 );
INSERT INTO obec  VALUES( 528846, 713, 'Mala Domasa');
INSERT INTO populacia  VALUES( 2012, 528846, 229, 236 );
INSERT INTO obec  VALUES( 528854, 713, 'Matiaska');
INSERT INTO populacia  VALUES( 2012, 528854, 133, 133 );
INSERT INTO obec  VALUES( 528862, 713, 'Medzianky');
INSERT INTO populacia  VALUES( 2012, 528862, 148, 145 );
INSERT INTO obec  VALUES( 528871, 713, 'Mernik');
INSERT INTO populacia  VALUES( 2012, 528871, 299, 296 );
INSERT INTO obec  VALUES( 528889, 713, 'Michalok');
INSERT INTO populacia  VALUES( 2012, 528889, 175, 131 );
INSERT INTO obec  VALUES( 528901, 713, 'Nizny Hrabovec');
INSERT INTO populacia  VALUES( 2012, 528901, 818, 818 );
INSERT INTO obec  VALUES( 528919, 713, 'Nizny Hrusov');
INSERT INTO populacia  VALUES( 2012, 528919, 769, 840 );
INSERT INTO obec  VALUES( 528927, 713, 'Nizny Krucov');
INSERT INTO populacia  VALUES( 2012, 528927, 197, 224 );
INSERT INTO obec  VALUES( 528935, 713, 'Nova Kelca');
INSERT INTO populacia  VALUES( 2012, 528935, 215, 156 );
INSERT INTO obec  VALUES( 528943, 713, 'Ondavske Matiasovce');
INSERT INTO populacia  VALUES( 2012, 528943, 412, 411 );
INSERT INTO obec  VALUES( 528960, 713, 'Pavlovce');
INSERT INTO populacia  VALUES( 2012, 528960, 373, 387 );
INSERT INTO obec  VALUES( 528978, 713, 'Petkovce');
INSERT INTO populacia  VALUES( 2012, 528978, 74, 74 );
INSERT INTO obec  VALUES( 528986, 713, 'Petrovce');
INSERT INTO populacia  VALUES( 2012, 528986, 208, 226 );
INSERT INTO obec  VALUES( 528994, 713, 'Piskorovce');
INSERT INTO populacia  VALUES( 2012, 528994, 76, 69 );
INSERT INTO obec  VALUES( 529001, 713, 'Posa');
INSERT INTO populacia  VALUES( 2012, 529001, 461, 454 );
INSERT INTO obec  VALUES( 529028, 713, 'Prosacov');
INSERT INTO populacia  VALUES( 2012, 529028, 121, 105 );
INSERT INTO obec  VALUES( 529036, 713, 'Radvanovce');
INSERT INTO populacia  VALUES( 2012, 529036, 94, 117 );
INSERT INTO obec  VALUES( 529044, 713, 'Rafajovce');
INSERT INTO populacia  VALUES( 2012, 529044, 88, 102 );
INSERT INTO obec  VALUES( 529052, 713, 'Remeniny');
INSERT INTO populacia  VALUES( 2012, 529052, 159, 139 );
INSERT INTO obec  VALUES( 529079, 713, 'Rudlov');
INSERT INTO populacia  VALUES( 2012, 529079, 319, 338 );
INSERT INTO obec  VALUES( 529109, 713, 'Ruska Vola');
INSERT INTO populacia  VALUES( 2012, 529109, 42, 40 );
INSERT INTO obec  VALUES( 529117, 713, 'Vysny Kazimir');
INSERT INTO populacia  VALUES( 2012, 529117, 94, 104 );
INSERT INTO obec  VALUES( 529125, 713, 'Sacurov');
INSERT INTO populacia  VALUES( 2012, 529125, 1110, 1151 );
INSERT INTO obec  VALUES( 529133, 713, 'Secovska Polianka');
INSERT INTO populacia  VALUES( 2012, 529133, 1356, 1380 );
INSERT INTO obec  VALUES( 529141, 713, 'Sedliska');
INSERT INTO populacia  VALUES( 2012, 529141, 684, 677 );
INSERT INTO obec  VALUES( 529150, 713, 'Skrabske');
INSERT INTO populacia  VALUES( 2012, 529150, 386, 402 );
INSERT INTO obec  VALUES( 529168, 713, 'Slovenska Kajna');
INSERT INTO populacia  VALUES( 2012, 529168, 375, 408 );
INSERT INTO obec  VALUES( 529176, 713, 'Sol');
INSERT INTO populacia  VALUES( 2012, 529176, 1250, 1218 );
INSERT INTO obec  VALUES( 529184, 713, 'Stefanovce');
INSERT INTO populacia  VALUES( 2012, 529184, 53, 61 );
INSERT INTO obec  VALUES( 529192, 713, 'Tovarne');
INSERT INTO populacia  VALUES( 2012, 529192, 517, 499 );
INSERT INTO obec  VALUES( 529206, 713, 'Tovarnianska Polianka');
INSERT INTO populacia  VALUES( 2012, 529206, 51, 57 );
INSERT INTO obec  VALUES( 529214, 713, 'Vavrinec');
INSERT INTO populacia  VALUES( 2012, 529214, 33, 26 );
INSERT INTO obec  VALUES( 529222, 713, 'Vechec');
INSERT INTO populacia  VALUES( 2012, 529222, 1376, 1389 );
INSERT INTO obec  VALUES( 529231, 713, 'Vlaca');
INSERT INTO populacia  VALUES( 2012, 529231, 114, 115 );
INSERT INTO obec  VALUES( 529257, 713, 'Vysny Zipov');
INSERT INTO populacia  VALUES( 2012, 529257, 606, 597 );
INSERT INTO obec  VALUES( 529265, 713, 'Zamutov');
INSERT INTO populacia  VALUES( 2012, 529265, 1502, 1530 );
INSERT INTO obec  VALUES( 529281, 713, 'Zlatnik');
INSERT INTO populacia  VALUES( 2012, 529281, 38, 38 );
INSERT INTO obec  VALUES( 529290, 713, 'Zalobin');
INSERT INTO populacia  VALUES( 2012, 529290, 402, 411 );
INSERT INTO obec  VALUES( 544051, 713, 'Vranov nad Toplou');
INSERT INTO populacia  VALUES( 2012, 544051, 11410, 11747 );
INSERT INTO obec  VALUES( 544060, 713, 'Babie');
INSERT INTO populacia  VALUES( 2012, 544060, 109, 135 );
INSERT INTO obec  VALUES( 544078, 713, 'Banske');
INSERT INTO populacia  VALUES( 2012, 544078, 894, 856 );
INSERT INTO obec  VALUES( 544086, 713, 'Benkovce');
INSERT INTO populacia  VALUES( 2012, 544086, 249, 289 );
INSERT INTO obec  VALUES( 544094, 713, 'Bystre');
INSERT INTO populacia  VALUES( 2012, 544094, 1361, 1327 );
INSERT INTO obec  VALUES( 544108, 713, 'Cabov');
INSERT INTO populacia  VALUES( 2012, 544108, 193, 207 );
INSERT INTO obec  VALUES( 544116, 713, 'Caklov');
INSERT INTO populacia  VALUES( 2012, 544116, 1244, 1270 );
INSERT INTO obec  VALUES( 544124, 713, 'Cicava');
INSERT INTO populacia  VALUES( 2012, 544124, 603, 609 );
INSERT INTO obec  VALUES( 544132, 713, 'Cierne nad Toplou');
INSERT INTO populacia  VALUES( 2012, 544132, 376, 385 );
INSERT INTO obec  VALUES( 544141, 713, 'Dapalovce');
INSERT INTO populacia  VALUES( 2012, 544141, 230, 243 );
INSERT INTO obec  VALUES( 544159, 713, 'Davidov');
INSERT INTO populacia  VALUES( 2012, 544159, 379, 425 );
INSERT INTO obec  VALUES( 544167, 713, 'Detrik');
INSERT INTO populacia  VALUES( 2012, 544167, 22, 33 );
INSERT INTO obec  VALUES( 544175, 713, 'Dlhe Klcovo');
INSERT INTO populacia  VALUES( 2012, 544175, 685, 718 );
INSERT INTO obec  VALUES( 544183, 713, 'Durdos');
INSERT INTO populacia  VALUES( 2012, 544183, 128, 124 );
INSERT INTO obec  VALUES( 544191, 713, 'Giglovce');
INSERT INTO populacia  VALUES( 2012, 544191, 75, 68 );
INSERT INTO obec  VALUES( 544205, 713, 'Girovce');
INSERT INTO populacia  VALUES( 2012, 544205, 36, 29 );
INSERT INTO obec  VALUES( 544213, 713, 'Hanusovce nad Toplou');
INSERT INTO populacia  VALUES( 2012, 544213, 1825, 1943 );
INSERT INTO obec  VALUES( 544221, 713, 'Hermanovce nad Toplou');
INSERT INTO populacia  VALUES( 2012, 544221, 350, 366 );
INSERT INTO obec  VALUES( 544230, 713, 'Hlinne');
INSERT INTO populacia  VALUES( 2012, 544230, 907, 885 );
INSERT INTO obec  VALUES( 581674, 713, 'Hencovce');
INSERT INTO populacia  VALUES( 2012, 581674, 660, 659 );
INSERT INTO obec  VALUES( 526509, 801, 'Gelnica');
INSERT INTO populacia  VALUES( 2012, 526509, 3061, 3145 );
INSERT INTO obec  VALUES( 526541, 801, 'Helcmanovce');
INSERT INTO populacia  VALUES( 2012, 526541, 705, 755 );
INSERT INTO obec  VALUES( 526550, 801, 'Henclova');
INSERT INTO populacia  VALUES( 2012, 526550, 44, 57 );
INSERT INTO obec  VALUES( 526631, 801, 'Zavadka');
INSERT INTO populacia  VALUES( 2012, 526631, 300, 311 );
INSERT INTO obec  VALUES( 526649, 801, 'Zakarovce');
INSERT INTO populacia  VALUES( 2012, 526649, 377, 384 );
INSERT INTO obec  VALUES( 543144, 801, 'Hrisovce');
INSERT INTO populacia  VALUES( 2012, 543144, 143, 165 );
INSERT INTO obec  VALUES( 543187, 801, 'Jaklovce');
INSERT INTO populacia  VALUES( 2012, 543187, 976, 922 );
INSERT INTO obec  VALUES( 543233, 801, 'Kluknava');
INSERT INTO populacia  VALUES( 2012, 543233, 803, 806 );
INSERT INTO obec  VALUES( 543241, 801, 'Kojsov');
INSERT INTO populacia  VALUES( 2012, 543241, 376, 356 );
INSERT INTO obec  VALUES( 543322, 801, 'Margecany');
INSERT INTO populacia  VALUES( 2012, 543322, 971, 987 );
INSERT INTO obec  VALUES( 543365, 801, 'Mnisek nad Hnilcom');
INSERT INTO populacia  VALUES( 2012, 543365, 849, 877 );
INSERT INTO obec  VALUES( 543373, 801, 'Nalepkovo');
INSERT INTO populacia  VALUES( 2012, 543373, 1560, 1550 );
INSERT INTO obec  VALUES( 543497, 801, 'Prakovce');
INSERT INTO populacia  VALUES( 2012, 543497, 1631, 1745 );
INSERT INTO obec  VALUES( 543501, 801, 'Richnava');
INSERT INTO populacia  VALUES( 2012, 543501, 1281, 1293 );
INSERT INTO obec  VALUES( 543551, 801, 'Smolnicka Huta');
INSERT INTO populacia  VALUES( 2012, 543551, 224, 241 );
INSERT INTO obec  VALUES( 543560, 801, 'Smolnik');
INSERT INTO populacia  VALUES( 2012, 543560, 560, 545 );
INSERT INTO obec  VALUES( 543632, 801, 'Stara Voda');
INSERT INTO populacia  VALUES( 2012, 543632, 109, 110 );
INSERT INTO obec  VALUES( 543659, 801, 'Svedlar');
INSERT INTO populacia  VALUES( 2012, 543659, 1027, 1053 );
INSERT INTO obec  VALUES( 543683, 801, 'Uhorna');
INSERT INTO populacia  VALUES( 2012, 543683, 79, 65 );
INSERT INTO obec  VALUES( 543705, 801, 'Velky Folkmar');
INSERT INTO populacia  VALUES( 2012, 543705, 453, 472 );
INSERT INTO obec  VALUES( 598119, 802, 'Kosice - Kavecany');
INSERT INTO populacia  VALUES( 2012, 598119, 607, 610 );
INSERT INTO obec  VALUES( 598127, 802, 'Kosice - Tahanovce');
INSERT INTO populacia  VALUES( 2012, 598127, 1168, 1279 );
INSERT INTO obec  VALUES( 598151, 802, 'Kosice - Sever');
INSERT INTO populacia  VALUES( 2012, 598151, 9495, 10770 );
INSERT INTO obec  VALUES( 598186, 802, 'Kosice - Stare Mesto');
INSERT INTO populacia  VALUES( 2012, 598186, 9555, 10928 );
INSERT INTO obec  VALUES( 599875, 802, 'Kosice - Sidlisko Tahanovce');
INSERT INTO populacia  VALUES( 2012, 599875, 11222, 11927 );
INSERT INTO obec  VALUES( 599891, 802, 'Kosice - Dzungla');
INSERT INTO populacia  VALUES( 2012, 599891, 340, 319 );
INSERT INTO obec  VALUES( 598194, 803, 'Kosice - Lorincik');
INSERT INTO populacia  VALUES( 2012, 598194, 252, 248 );
INSERT INTO obec  VALUES( 598208, 803, 'Kosice - Peres');
INSERT INTO populacia  VALUES( 2012, 598208, 782, 812 );
INSERT INTO obec  VALUES( 598216, 803, 'Kosice - Myslava');
INSERT INTO populacia  VALUES( 2012, 598216, 986, 1037 );
INSERT INTO obec  VALUES( 598224, 803, 'Kosice - Zapad');
INSERT INTO populacia  VALUES( 2012, 598224, 19162, 21453 );
INSERT INTO obec  VALUES( 599841, 803, 'Kosice - Saca');
INSERT INTO populacia  VALUES( 2012, 599841, 2803, 2895 );
INSERT INTO obec  VALUES( 599859, 803, 'Kosice - Polov');
INSERT INTO populacia  VALUES( 2012, 599859, 547, 569 );
INSERT INTO obec  VALUES( 599883, 803, 'Kosice - Sidlisko KVP');
INSERT INTO populacia  VALUES( 2012, 599883, 12283, 12769 );
INSERT INTO obec  VALUES( 599972, 803, 'Kosice - Lunik IX');
INSERT INTO populacia  VALUES( 2012, 599972, 3117, 3046 );
INSERT INTO obec  VALUES( 598682, 804, 'Kosice - Dargovskych hrdinov');
INSERT INTO populacia  VALUES( 2012, 598682, 13226, 13940 );
INSERT INTO obec  VALUES( 599018, 804, 'Kosice - Kosicka Nova Ves');
INSERT INTO populacia  VALUES( 2012, 599018, 1294, 1318 );
INSERT INTO obec  VALUES( 599093, 805, 'Kosice - Barca');
INSERT INTO populacia  VALUES( 2012, 599093, 1645, 1764 );
INSERT INTO obec  VALUES( 599786, 805, 'Kosice - Sebastovce');
INSERT INTO populacia  VALUES( 2012, 599786, 313, 355 );
INSERT INTO obec  VALUES( 599794, 805, 'Kosice - Krasna');
INSERT INTO populacia  VALUES( 2012, 599794, 2338, 2287 );
INSERT INTO obec  VALUES( 599816, 805, 'Kosice - Nad jazerom');
INSERT INTO populacia  VALUES( 2012, 599816, 12446, 13173 );
INSERT INTO obec  VALUES( 599824, 805, 'Kosice - Juh');
INSERT INTO populacia  VALUES( 2012, 599824, 10769, 12524 );
INSERT INTO obec  VALUES( 599913, 805, 'Kosice - Vysne Opatske');
INSERT INTO populacia  VALUES( 2012, 599913, 882, 909 );
INSERT INTO obec  VALUES( 518107, 806, 'Hostovce');
INSERT INTO populacia  VALUES( 2012, 518107, 92, 110 );
INSERT INTO obec  VALUES( 518115, 806, 'Slancik');
INSERT INTO populacia  VALUES( 2012, 518115, 102, 114 );
INSERT INTO obec  VALUES( 518123, 806, 'Haj');
INSERT INTO populacia  VALUES( 2012, 518123, 148, 145 );
INSERT INTO obec  VALUES( 518140, 806, 'Nizna Hutka');
INSERT INTO populacia  VALUES( 2012, 518140, 298, 266 );
INSERT INTO obec  VALUES( 521141, 806, 'Backovik');
INSERT INTO populacia  VALUES( 2012, 521141, 233, 254 );
INSERT INTO obec  VALUES( 521159, 806, 'Baska');
INSERT INTO populacia  VALUES( 2012, 521159, 257, 248 );
INSERT INTO obec  VALUES( 521167, 806, 'Belza');
INSERT INTO populacia  VALUES( 2012, 521167, 193, 193 );
INSERT INTO obec  VALUES( 521175, 806, 'Beniakovce');
INSERT INTO populacia  VALUES( 2012, 521175, 316, 325 );
INSERT INTO obec  VALUES( 521183, 806, 'Bidovce');
INSERT INTO populacia  VALUES( 2012, 521183, 693, 697 );
INSERT INTO obec  VALUES( 521191, 806, 'Blazice');
INSERT INTO populacia  VALUES( 2012, 521191, 295, 292 );
INSERT INTO obec  VALUES( 521205, 806, 'Bohdanovce');
INSERT INTO populacia  VALUES( 2012, 521205, 522, 540 );
INSERT INTO obec  VALUES( 521213, 806, 'Boliarov');
INSERT INTO populacia  VALUES( 2012, 521213, 415, 401 );
INSERT INTO obec  VALUES( 521221, 806, 'Budimir');
INSERT INTO populacia  VALUES( 2012, 521221, 509, 565 );
INSERT INTO obec  VALUES( 521248, 806, 'Bukovec');
INSERT INTO populacia  VALUES( 2012, 521248, 404, 401 );
INSERT INTO obec  VALUES( 521256, 806, 'Bunetice');
INSERT INTO populacia  VALUES( 2012, 521256, 42, 45 );
INSERT INTO obec  VALUES( 521264, 806, 'Buzica');
INSERT INTO populacia  VALUES( 2012, 521264, 590, 622 );
INSERT INTO obec  VALUES( 521272, 806, 'Cestice');
INSERT INTO populacia  VALUES( 2012, 521272, 411, 415 );
INSERT INTO obec  VALUES( 521281, 806, 'Cakanovce');
INSERT INTO populacia  VALUES( 2012, 521281, 318, 326 );
INSERT INTO obec  VALUES( 521299, 806, 'Cana');
INSERT INTO populacia  VALUES( 2012, 521299, 2846, 2731 );
INSERT INTO obec  VALUES( 521302, 806, 'Cecejovce');
INSERT INTO populacia  VALUES( 2012, 521302, 1023, 1047 );
INSERT INTO obec  VALUES( 521311, 806, 'Cizatice');
INSERT INTO populacia  VALUES( 2012, 521311, 191, 196 );
INSERT INTO obec  VALUES( 521329, 806, 'Debrad');
INSERT INTO populacia  VALUES( 2012, 521329, 187, 194 );
INSERT INTO obec  VALUES( 521337, 806, 'Drienovec');
INSERT INTO populacia  VALUES( 2012, 521337, 1064, 1093 );
INSERT INTO obec  VALUES( 521345, 806, 'Druzstevna pri Hornade');
INSERT INTO populacia  VALUES( 2012, 521345, 1268, 1317 );
INSERT INTO obec  VALUES( 521353, 806, 'Durdosik');
INSERT INTO populacia  VALUES( 2012, 521353, 203, 208 );
INSERT INTO obec  VALUES( 521361, 806, 'Durkov');
INSERT INTO populacia  VALUES( 2012, 521361, 872, 845 );
INSERT INTO obec  VALUES( 521370, 806, 'Geca');
INSERT INTO populacia  VALUES( 2012, 521370, 832, 817 );
INSERT INTO obec  VALUES( 521388, 806, 'Gynov');
INSERT INTO populacia  VALUES( 2012, 521388, 310, 309 );
INSERT INTO obec  VALUES( 521396, 806, 'Hacava');
INSERT INTO populacia  VALUES( 2012, 521396, 116, 112 );
INSERT INTO obec  VALUES( 521400, 806, 'Haniska');
INSERT INTO populacia  VALUES( 2012, 521400, 691, 747 );
INSERT INTO obec  VALUES( 521418, 806, 'Herlany');
INSERT INTO populacia  VALUES( 2012, 521418, 130, 162 );
INSERT INTO obec  VALUES( 521426, 806, 'Hodkovce');
INSERT INTO populacia  VALUES( 2012, 521426, 155, 140 );
INSERT INTO obec  VALUES( 521442, 806, 'Hrasovik');
INSERT INTO populacia  VALUES( 2012, 521442, 153, 178 );
INSERT INTO obec  VALUES( 521469, 806, 'Hylov');
INSERT INTO populacia  VALUES( 2012, 521469, 256, 246 );
INSERT INTO obec  VALUES( 521477, 806, 'Chrastne');
INSERT INTO populacia  VALUES( 2012, 521477, 230, 230 );
INSERT INTO obec  VALUES( 521485, 806, 'Janik');
INSERT INTO populacia  VALUES( 2012, 521485, 286, 301 );
INSERT INTO obec  VALUES( 521493, 806, 'Jasov');
INSERT INTO populacia  VALUES( 2012, 521493, 1689, 1741 );
INSERT INTO obec  VALUES( 521507, 806, 'Kalsa');
INSERT INTO populacia  VALUES( 2012, 521507, 365, 347 );
INSERT INTO obec  VALUES( 521523, 806, 'Kecerovce');
INSERT INTO populacia  VALUES( 2012, 521523, 1596, 1557 );
INSERT INTO obec  VALUES( 521540, 806, 'Kecerovsky Lipovec');
INSERT INTO populacia  VALUES( 2012, 521540, 61, 61 );
INSERT INTO obec  VALUES( 521558, 806, 'Koksov  - Baksa');
INSERT INTO populacia  VALUES( 2012, 521558, 562, 580 );
INSERT INTO obec  VALUES( 521566, 806, 'Komarovce');
INSERT INTO populacia  VALUES( 2012, 521566, 179, 200 );
INSERT INTO obec  VALUES( 521574, 806, 'Kosicka Bela');
INSERT INTO populacia  VALUES( 2012, 521574, 503, 480 );
INSERT INTO obec  VALUES( 521582, 806, 'Kosicka Polianka');
INSERT INTO populacia  VALUES( 2012, 521582, 476, 528 );
INSERT INTO obec  VALUES( 521591, 806, 'Kosicke Olsany');
INSERT INTO populacia  VALUES( 2012, 521591, 596, 625 );
INSERT INTO obec  VALUES( 521604, 806, 'Kosicky Klecenov');
INSERT INTO populacia  VALUES( 2012, 521604, 138, 134 );
INSERT INTO obec  VALUES( 521612, 806, 'Kralovce');
INSERT INTO populacia  VALUES( 2012, 521612, 557, 552 );
INSERT INTO obec  VALUES( 521639, 806, 'Kysak');
INSERT INTO populacia  VALUES( 2012, 521639, 730, 695 );
INSERT INTO obec  VALUES( 521655, 806, 'Mala Ida');
INSERT INTO populacia  VALUES( 2012, 521655, 722, 724 );
INSERT INTO obec  VALUES( 521663, 806, 'Mala Lodina');
INSERT INTO populacia  VALUES( 2012, 521663, 102, 79 );
INSERT INTO obec  VALUES( 521671, 806, 'Medzev');
INSERT INTO populacia  VALUES( 2012, 521671, 2153, 2156 );
INSERT INTO obec  VALUES( 521680, 806, 'Mokrance');
INSERT INTO populacia  VALUES( 2012, 521680, 668, 692 );
INSERT INTO obec  VALUES( 521698, 806, 'Moldava nad Bodvou');
INSERT INTO populacia  VALUES( 2012, 521698, 5483, 5669 );
INSERT INTO obec  VALUES( 521701, 806, 'Mudrovce');
INSERT INTO populacia  VALUES( 2012, 521701, 32, 40 );
INSERT INTO obec  VALUES( 521728, 806, 'Nizna Kamenica');
INSERT INTO populacia  VALUES( 2012, 521728, 273, 271 );
INSERT INTO obec  VALUES( 521736, 806, 'Nizna Mysla');
INSERT INTO populacia  VALUES( 2012, 521736, 832, 818 );
INSERT INTO obec  VALUES( 521744, 806, 'Nizny Caj');
INSERT INTO populacia  VALUES( 2012, 521744, 137, 142 );
INSERT INTO obec  VALUES( 521752, 806, 'Nizny Klatov');
INSERT INTO populacia  VALUES( 2012, 521752, 372, 377 );
INSERT INTO obec  VALUES( 521761, 806, 'Nizny Lanec');
INSERT INTO populacia  VALUES( 2012, 521761, 205, 233 );
INSERT INTO obec  VALUES( 521779, 806, 'Turnianska Nova Ves');
INSERT INTO populacia  VALUES( 2012, 521779, 170, 169 );
INSERT INTO obec  VALUES( 521787, 806, 'Novacany');
INSERT INTO populacia  VALUES( 2012, 521787, 359, 366 );
INSERT INTO obec  VALUES( 521795, 806, 'Nova Polhora');
INSERT INTO populacia  VALUES( 2012, 521795, 223, 209 );
INSERT INTO obec  VALUES( 521809, 806, 'Novy Salas');
INSERT INTO populacia  VALUES( 2012, 521809, 95, 110 );
INSERT INTO obec  VALUES( 521817, 806, 'Obisovce');
INSERT INTO populacia  VALUES( 2012, 521817, 217, 215 );
INSERT INTO obec  VALUES( 521825, 806, 'Olsovany');
INSERT INTO populacia  VALUES( 2012, 521825, 278, 318 );
INSERT INTO obec  VALUES( 521833, 806, 'Opatka');
INSERT INTO populacia  VALUES( 2012, 521833, 49, 48 );
INSERT INTO obec  VALUES( 521841, 806, 'Opina');
INSERT INTO populacia  VALUES( 2012, 521841, 97, 100 );
INSERT INTO obec  VALUES( 521850, 806, 'Panovce');
INSERT INTO populacia  VALUES( 2012, 521850, 276, 307 );
INSERT INTO obec  VALUES( 521868, 806, 'Peder');
INSERT INTO populacia  VALUES( 2012, 521868, 206, 194 );
INSERT INTO obec  VALUES( 521876, 806, 'Perin - Chym');
INSERT INTO populacia  VALUES( 2012, 521876, 673, 740 );
INSERT INTO obec  VALUES( 521884, 806, 'Ploske');
INSERT INTO populacia  VALUES( 2012, 521884, 429, 426 );
INSERT INTO obec  VALUES( 521892, 806, 'Poproc');
INSERT INTO populacia  VALUES( 2012, 521892, 1352, 1407 );
INSERT INTO obec  VALUES( 521906, 806, 'Rakos');
INSERT INTO populacia  VALUES( 2012, 521906, 185, 164 );
INSERT INTO obec  VALUES( 521914, 806, 'Rankovce');
INSERT INTO populacia  VALUES( 2012, 521914, 375, 370 );
INSERT INTO obec  VALUES( 521922, 806, 'Resica');
INSERT INTO populacia  VALUES( 2012, 521922, 171, 167 );
INSERT INTO obec  VALUES( 521931, 806, 'Rozhanovce');
INSERT INTO populacia  VALUES( 2012, 521931, 1154, 1186 );
INSERT INTO obec  VALUES( 521949, 806, 'Rudnik');
INSERT INTO populacia  VALUES( 2012, 521949, 308, 317 );
INSERT INTO obec  VALUES( 521957, 806, 'Ruskov');
INSERT INTO populacia  VALUES( 2012, 521957, 716, 700 );
INSERT INTO obec  VALUES( 521965, 806, 'Sady nad Torysou');
INSERT INTO populacia  VALUES( 2012, 521965, 896, 964 );
INSERT INTO obec  VALUES( 521973, 806, 'Sena');
INSERT INTO populacia  VALUES( 2012, 521973, 1093, 1017 );
INSERT INTO obec  VALUES( 521981, 806, 'Skaros');
INSERT INTO populacia  VALUES( 2012, 521981, 537, 561 );
INSERT INTO obec  VALUES( 522007, 806, 'Slanec');
INSERT INTO populacia  VALUES( 2012, 522007, 694, 727 );
INSERT INTO obec  VALUES( 522015, 806, 'Slanska Huta');
INSERT INTO populacia  VALUES( 2012, 522015, 99, 116 );
INSERT INTO obec  VALUES( 522023, 806, 'Slanske Nove Mesto');
INSERT INTO populacia  VALUES( 2012, 522023, 258, 245 );
INSERT INTO obec  VALUES( 522031, 806, 'Sokol');
INSERT INTO populacia  VALUES( 2012, 522031, 497, 559 );
INSERT INTO obec  VALUES( 522040, 806, 'Svinica');
INSERT INTO populacia  VALUES( 2012, 522040, 404, 438 );
INSERT INTO obec  VALUES( 522066, 806, 'Semsa');
INSERT INTO populacia  VALUES( 2012, 522066, 432, 352 );
INSERT INTO obec  VALUES( 522074, 806, 'Stos');
INSERT INTO populacia  VALUES( 2012, 522074, 367, 364 );
INSERT INTO obec  VALUES( 522082, 806, 'Trebejov');
INSERT INTO populacia  VALUES( 2012, 522082, 110, 101 );
INSERT INTO obec  VALUES( 522091, 806, 'Trstany');
INSERT INTO populacia  VALUES( 2012, 522091, 134, 132 );
INSERT INTO obec  VALUES( 522104, 806, 'Trstene pri Hornade');
INSERT INTO populacia  VALUES( 2012, 522104, 740, 772 );
INSERT INTO obec  VALUES( 522121, 806, 'Vajkovce');
INSERT INTO populacia  VALUES( 2012, 522121, 330, 322 );
INSERT INTO obec  VALUES( 522139, 806, 'Valaliky');
INSERT INTO populacia  VALUES( 2012, 522139, 2134, 2077 );
INSERT INTO obec  VALUES( 522147, 806, 'Velka Ida');
INSERT INTO populacia  VALUES( 2012, 522147, 1694, 1674 );
INSERT INTO obec  VALUES( 522155, 806, 'Velka Lodina');
INSERT INTO populacia  VALUES( 2012, 522155, 131, 134 );
INSERT INTO obec  VALUES( 522163, 806, 'Vtackovce');
INSERT INTO populacia  VALUES( 2012, 522163, 490, 489 );
INSERT INTO obec  VALUES( 522171, 806, 'Vysna Hutka');
INSERT INTO populacia  VALUES( 2012, 522171, 218, 226 );
INSERT INTO obec  VALUES( 522180, 806, 'Vysna Kamenica');
INSERT INTO populacia  VALUES( 2012, 522180, 141, 124 );
INSERT INTO obec  VALUES( 522198, 806, 'Vysna Mysla');
INSERT INTO populacia  VALUES( 2012, 522198, 475, 493 );
INSERT INTO obec  VALUES( 522201, 806, 'Vysny Caj');
INSERT INTO populacia  VALUES( 2012, 522201, 154, 149 );
INSERT INTO obec  VALUES( 522210, 806, 'Vysny Klatov');
INSERT INTO populacia  VALUES( 2012, 522210, 222, 219 );
INSERT INTO obec  VALUES( 522244, 806, 'Zlata Idka');
INSERT INTO populacia  VALUES( 2012, 522244, 213, 196 );
INSERT INTO obec  VALUES( 522252, 806, 'Zarnov');
INSERT INTO populacia  VALUES( 2012, 522252, 208, 206 );
INSERT INTO obec  VALUES( 522261, 806, 'Zdana');
INSERT INTO populacia  VALUES( 2012, 522261, 692, 679 );
INSERT INTO obec  VALUES( 559687, 806, 'Kechnec');
INSERT INTO populacia  VALUES( 2012, 559687, 581, 574 );
INSERT INTO obec  VALUES( 559784, 806, 'Turna nad Bodvou');
INSERT INTO populacia  VALUES( 2012, 559784, 1724, 1798 );
INSERT INTO obec  VALUES( 559831, 806, 'Bociar');
INSERT INTO populacia  VALUES( 2012, 559831, 119, 116 );
INSERT INTO obec  VALUES( 559865, 806, 'Sokolany');
INSERT INTO populacia  VALUES( 2012, 559865, 641, 647 );
INSERT INTO obec  VALUES( 559873, 806, 'Dvorniky - Vcelare');
INSERT INTO populacia  VALUES( 2012, 559873, 214, 220 );
INSERT INTO obec  VALUES( 559881, 806, 'Zadiel');
INSERT INTO populacia  VALUES( 2012, 559881, 74, 95 );
INSERT INTO obec  VALUES( 580252, 806, 'Milhost');
INSERT INTO populacia  VALUES( 2012, 580252, 201, 184 );
INSERT INTO obec  VALUES( 582093, 806, 'Vysny Medzev');
INSERT INTO populacia  VALUES( 2012, 582093, 271, 266 );
INSERT INTO obec  VALUES( 582514, 806, 'Kostolany nad Hornadom');
INSERT INTO populacia  VALUES( 2012, 582514, 604, 600 );
INSERT INTO obec  VALUES( 599310, 806, 'Chorvaty');
INSERT INTO populacia  VALUES( 2012, 599310, 51, 47 );
INSERT INTO obec  VALUES( 513857, 807, 'Budince');
INSERT INTO populacia  VALUES( 2012, 513857, 108, 115 );
INSERT INTO obec  VALUES( 522279, 807, 'Michalovce');
INSERT INTO populacia  VALUES( 2012, 522279, 19331, 20502 );
INSERT INTO obec  VALUES( 522287, 807, 'Bajany');
INSERT INTO populacia  VALUES( 2012, 522287, 234, 250 );
INSERT INTO obec  VALUES( 522295, 807, 'Banovce nad Ondavou');
INSERT INTO populacia  VALUES( 2012, 522295, 364, 363 );
INSERT INTO obec  VALUES( 522368, 807, 'Bracovce');
INSERT INTO populacia  VALUES( 2012, 522368, 481, 474 );
INSERT INTO obec  VALUES( 522376, 807, 'Budkovce');
INSERT INTO populacia  VALUES( 2012, 522376, 759, 745 );
INSERT INTO obec  VALUES( 522392, 807, 'Cecehov');
INSERT INTO populacia  VALUES( 2012, 522392, 183, 186 );
INSERT INTO obec  VALUES( 522406, 807, 'Dubravka');
INSERT INTO populacia  VALUES( 2012, 522406, 333, 348 );
INSERT INTO obec  VALUES( 522414, 807, 'Falkusovce');
INSERT INTO populacia  VALUES( 2012, 522414, 321, 366 );
INSERT INTO obec  VALUES( 522431, 807, 'Hatalov');
INSERT INTO populacia  VALUES( 2012, 522431, 377, 377 );
INSERT INTO obec  VALUES( 522449, 807, 'Hazin');
INSERT INTO populacia  VALUES( 2012, 522449, 217, 236 );
INSERT INTO obec  VALUES( 522465, 807, 'Hnojne');
INSERT INTO populacia  VALUES( 2012, 522465, 124, 107 );
INSERT INTO obec  VALUES( 522481, 807, 'Horovce');
INSERT INTO populacia  VALUES( 2012, 522481, 390, 455 );
INSERT INTO obec  VALUES( 522511, 807, 'Inacovce');
INSERT INTO populacia  VALUES( 2012, 522511, 358, 381 );
INSERT INTO obec  VALUES( 522546, 807, 'Jastrabie pri Michalovciach');
INSERT INTO populacia  VALUES( 2012, 522546, 146, 140 );
INSERT INTO obec  VALUES( 522562, 807, 'Jovsa');
INSERT INTO populacia  VALUES( 2012, 522562, 411, 407 );
INSERT INTO obec  VALUES( 522571, 807, 'Kacanov');
INSERT INTO populacia  VALUES( 2012, 522571, 220, 215 );
INSERT INTO obec  VALUES( 522589, 807, 'Kaluza');
INSERT INTO populacia  VALUES( 2012, 522589, 184, 180 );
INSERT INTO obec  VALUES( 522597, 807, 'Klokocov');
INSERT INTO populacia  VALUES( 2012, 522597, 180, 238 );
INSERT INTO obec  VALUES( 522635, 807, 'Zemplinske Kopcany');
INSERT INTO populacia  VALUES( 2012, 522635, 208, 194 );
INSERT INTO obec  VALUES( 522651, 807, 'Krasnovce');
INSERT INTO populacia  VALUES( 2012, 522651, 303, 316 );
INSERT INTO obec  VALUES( 522686, 807, 'Kusin');
INSERT INTO populacia  VALUES( 2012, 522686, 161, 179 );
INSERT INTO obec  VALUES( 522694, 807, 'Lastomir');
INSERT INTO populacia  VALUES( 2012, 522694, 545, 617 );
INSERT INTO obec  VALUES( 522708, 807, 'Laskovce');
INSERT INTO populacia  VALUES( 2012, 522708, 324, 319 );
INSERT INTO obec  VALUES( 522724, 807, 'Lesne');
INSERT INTO populacia  VALUES( 2012, 522724, 212, 231 );
INSERT INTO obec  VALUES( 522732, 807, 'Lozin');
INSERT INTO populacia  VALUES( 2012, 522732, 404, 411 );
INSERT INTO obec  VALUES( 522741, 807, 'Lucky');
INSERT INTO populacia  VALUES( 2012, 522741, 246, 319 );
INSERT INTO obec  VALUES( 522759, 807, 'Malcice');
INSERT INTO populacia  VALUES( 2012, 522759, 760, 738 );
INSERT INTO obec  VALUES( 522767, 807, 'Male Raskovce');
INSERT INTO populacia  VALUES( 2012, 522767, 118, 132 );
INSERT INTO obec  VALUES( 522783, 807, 'Markovce');
INSERT INTO populacia  VALUES( 2012, 522783, 455, 455 );
INSERT INTO obec  VALUES( 522791, 807, 'Moravany');
INSERT INTO populacia  VALUES( 2012, 522791, 497, 550 );
INSERT INTO obec  VALUES( 522805, 807, 'Nacina Ves');
INSERT INTO populacia  VALUES( 2012, 522805, 889, 865 );
INSERT INTO obec  VALUES( 522848, 807, 'Oreske');
INSERT INTO populacia  VALUES( 2012, 522848, 239, 253 );
INSERT INTO obec  VALUES( 522864, 807, 'Palin');
INSERT INTO populacia  VALUES( 2012, 522864, 444, 481 );
INSERT INTO obec  VALUES( 522872, 807, 'Pavlovce nad Uhom');
INSERT INTO populacia  VALUES( 2012, 522872, 2191, 2245 );
INSERT INTO obec  VALUES( 522881, 807, 'Petrikovce');
INSERT INTO populacia  VALUES( 2012, 522881, 86, 100 );
INSERT INTO obec  VALUES( 522902, 807, 'Petrovce nad Laborcom');
INSERT INTO populacia  VALUES( 2012, 522902, 508, 502 );
INSERT INTO obec  VALUES( 522945, 807, 'Poruba pod Vihorlatom');
INSERT INTO populacia  VALUES( 2012, 522945, 298, 329 );
INSERT INTO obec  VALUES( 522961, 807, 'Pozdisovce');
INSERT INTO populacia  VALUES( 2012, 522961, 624, 655 );
INSERT INTO obec  VALUES( 522988, 807, 'Puste Cemerne');
INSERT INTO populacia  VALUES( 2012, 522988, 178, 176 );
INSERT INTO obec  VALUES( 522996, 807, 'Rakovec nad Ondavou');
INSERT INTO populacia  VALUES( 2012, 522996, 487, 579 );
INSERT INTO obec  VALUES( 523054, 807, 'Senne');
INSERT INTO populacia  VALUES( 2012, 523054, 373, 359 );
INSERT INTO obec  VALUES( 523062, 807, 'Slavkovce');
INSERT INTO populacia  VALUES( 2012, 523062, 333, 337 );
INSERT INTO obec  VALUES( 523071, 807, 'Sliepkovce');
INSERT INTO populacia  VALUES( 2012, 523071, 364, 381 );
INSERT INTO obec  VALUES( 523097, 807, 'Stare');
INSERT INTO populacia  VALUES( 2012, 523097, 378, 408 );
INSERT INTO obec  VALUES( 523101, 807, 'Strazske');
INSERT INTO populacia  VALUES( 2012, 523101, 2199, 2222 );
INSERT INTO obec  VALUES( 523119, 807, 'Stretava');
INSERT INTO populacia  VALUES( 2012, 523119, 314, 331 );
INSERT INTO obec  VALUES( 523127, 807, 'Stretavka');
INSERT INTO populacia  VALUES( 2012, 523127, 98, 91 );
INSERT INTO obec  VALUES( 523135, 807, 'Suche');
INSERT INTO populacia  VALUES( 2012, 523135, 188, 211 );
INSERT INTO obec  VALUES( 523151, 807, 'Samudovce');
INSERT INTO populacia  VALUES( 2012, 523151, 326, 304 );
INSERT INTO obec  VALUES( 523186, 807, 'Trhoviste');
INSERT INTO populacia  VALUES( 2012, 523186, 912, 981 );
INSERT INTO obec  VALUES( 523194, 807, 'Trnava pri Laborci');
INSERT INTO populacia  VALUES( 2012, 523194, 283, 296 );
INSERT INTO obec  VALUES( 523208, 807, 'Tusice');
INSERT INTO populacia  VALUES( 2012, 523208, 322, 378 );
INSERT INTO obec  VALUES( 523216, 807, 'Tusicka Nova Ves');
INSERT INTO populacia  VALUES( 2012, 523216, 269, 287 );
INSERT INTO obec  VALUES( 523241, 807, 'Zaluzice');
INSERT INTO populacia  VALUES( 2012, 523241, 539, 598 );
INSERT INTO obec  VALUES( 523259, 807, 'Vinne');
INSERT INTO populacia  VALUES( 2012, 523259, 817, 903 );
INSERT INTO obec  VALUES( 523275, 807, 'Vola');
INSERT INTO populacia  VALUES( 2012, 523275, 131, 141 );
INSERT INTO obec  VALUES( 523283, 807, 'Vrbnica');
INSERT INTO populacia  VALUES( 2012, 523283, 490, 491 );
INSERT INTO obec  VALUES( 523291, 807, 'Vysoka nad Uhom');
INSERT INTO populacia  VALUES( 2012, 523291, 392, 413 );
INSERT INTO obec  VALUES( 523348, 807, 'Zavadka');
INSERT INTO populacia  VALUES( 2012, 523348, 220, 244 );
INSERT INTO obec  VALUES( 523356, 807, 'Zbudza');
INSERT INTO populacia  VALUES( 2012, 523356, 271, 263 );
INSERT INTO obec  VALUES( 523364, 807, 'Zemplinska Siroka');
INSERT INTO populacia  VALUES( 2012, 523364, 465, 489 );
INSERT INTO obec  VALUES( 523372, 807, 'Zbince');
INSERT INTO populacia  VALUES( 2012, 523372, 488, 487 );
INSERT INTO obec  VALUES( 528137, 807, 'Besa');
INSERT INTO populacia  VALUES( 2012, 528137, 181, 185 );
INSERT INTO obec  VALUES( 528277, 807, 'Cicarovce');
INSERT INTO populacia  VALUES( 2012, 528277, 448, 455 );
INSERT INTO obec  VALUES( 528307, 807, 'Cierne Pole');
INSERT INTO populacia  VALUES( 2012, 528307, 143, 157 );
INSERT INTO obec  VALUES( 528331, 807, 'Drahnov');
INSERT INTO populacia  VALUES( 2012, 528331, 691, 721 );
INSERT INTO obec  VALUES( 528391, 807, 'Izkovce');
INSERT INTO populacia  VALUES( 2012, 528391, 47, 58 );
INSERT INTO obec  VALUES( 528404, 807, 'Kapusianske Klacany');
INSERT INTO populacia  VALUES( 2012, 528404, 416, 470 );
INSERT INTO obec  VALUES( 528463, 807, 'Krisovska Lieskova');
INSERT INTO populacia  VALUES( 2012, 528463, 463, 456 );
INSERT INTO obec  VALUES( 528579, 807, 'Matovske Vojkovce');
INSERT INTO populacia  VALUES( 2012, 528579, 307, 307 );
INSERT INTO obec  VALUES( 528633, 807, 'Oborin');
INSERT INTO populacia  VALUES( 2012, 528633, 360, 371 );
INSERT INTO obec  VALUES( 528692, 807, 'Ptruksa');
INSERT INTO populacia  VALUES( 2012, 528692, 229, 267 );
INSERT INTO obec  VALUES( 528714, 807, 'Ruska');
INSERT INTO populacia  VALUES( 2012, 528714, 297, 312 );
INSERT INTO obec  VALUES( 543853, 807, 'Velke Kapusany');
INSERT INTO populacia  VALUES( 2012, 543853, 4527, 4826 );
INSERT INTO obec  VALUES( 543870, 807, 'Velke Raskovce');
INSERT INTO populacia  VALUES( 2012, 543870, 172, 148 );
INSERT INTO obec  VALUES( 543888, 807, 'Velke Slemence');
INSERT INTO populacia  VALUES( 2012, 543888, 282, 315 );
INSERT INTO obec  VALUES( 543942, 807, 'Vojany');
INSERT INTO populacia  VALUES( 2012, 543942, 438, 434 );
INSERT INTO obec  VALUES( 514578, 808, 'Bretka');
INSERT INTO populacia  VALUES( 2012, 514578, 184, 202 );
INSERT INTO obec  VALUES( 514748, 808, 'Gemerska Panica');
INSERT INTO populacia  VALUES( 2012, 514748, 314, 343 );
INSERT INTO obec  VALUES( 525529, 808, 'Roznava');
INSERT INTO populacia  VALUES( 2012, 525529, 9382, 10280 );
INSERT INTO obec  VALUES( 525537, 808, 'Ardovo');
INSERT INTO populacia  VALUES( 2012, 525537, 89, 76 );
INSERT INTO obec  VALUES( 525545, 808, 'Betliar');
INSERT INTO populacia  VALUES( 2012, 525545, 474, 466 );
INSERT INTO obec  VALUES( 525553, 808, 'Bohunovo');
INSERT INTO populacia  VALUES( 2012, 525553, 137, 148 );
INSERT INTO obec  VALUES( 525561, 808, 'Borka');
INSERT INTO populacia  VALUES( 2012, 525561, 254, 265 );
INSERT INTO obec  VALUES( 525570, 808, 'Brdarka');
INSERT INTO populacia  VALUES( 2012, 525570, 31, 41 );
INSERT INTO obec  VALUES( 525596, 808, 'Cierna Lehota');
INSERT INTO populacia  VALUES( 2012, 525596, 346, 321 );
INSERT INTO obec  VALUES( 525600, 808, 'Coltovo');
INSERT INTO populacia  VALUES( 2012, 525600, 236, 240 );
INSERT INTO obec  VALUES( 525618, 808, 'Dedinky');
INSERT INTO populacia  VALUES( 2012, 525618, 138, 145 );
INSERT INTO obec  VALUES( 525626, 808, 'Dlha Ves');
INSERT INTO populacia  VALUES( 2012, 525626, 273, 296 );
INSERT INTO obec  VALUES( 525634, 808, 'Dobsina');
INSERT INTO populacia  VALUES( 2012, 525634, 2844, 2840 );
INSERT INTO obec  VALUES( 525642, 808, 'Drnava');
INSERT INTO populacia  VALUES( 2012, 525642, 336, 352 );
INSERT INTO obec  VALUES( 525651, 808, 'Gemerska Horka');
INSERT INTO populacia  VALUES( 2012, 525651, 641, 698 );
INSERT INTO obec  VALUES( 525669, 808, 'Gemerska Poloma');
INSERT INTO populacia  VALUES( 2012, 525669, 1023, 1034 );
INSERT INTO obec  VALUES( 525693, 808, 'Gocaltovo');
INSERT INTO populacia  VALUES( 2012, 525693, 133, 114 );
INSERT INTO obec  VALUES( 525707, 808, 'Gocovo');
INSERT INTO populacia  VALUES( 2012, 525707, 188, 201 );
INSERT INTO obec  VALUES( 525715, 808, 'Hankova');
INSERT INTO populacia  VALUES( 2012, 525715, 33, 36 );
INSERT INTO obec  VALUES( 525723, 808, 'Henckovce');
INSERT INTO populacia  VALUES( 2012, 525723, 229, 216 );
INSERT INTO obec  VALUES( 525731, 808, 'Honce');
INSERT INTO populacia  VALUES( 2012, 525731, 189, 188 );
INSERT INTO obec  VALUES( 525740, 808, 'Hrhov');
INSERT INTO populacia  VALUES( 2012, 525740, 568, 567 );
INSERT INTO obec  VALUES( 525758, 808, 'Hrusov');
INSERT INTO populacia  VALUES( 2012, 525758, 168, 174 );
INSERT INTO obec  VALUES( 525782, 808, 'Jablonov nad Turnou');
INSERT INTO populacia  VALUES( 2012, 525782, 373, 414 );
INSERT INTO obec  VALUES( 525821, 808, 'Kecovo');
INSERT INTO populacia  VALUES( 2012, 525821, 178, 193 );
INSERT INTO obec  VALUES( 525839, 808, 'Kobeliarovo');
INSERT INTO populacia  VALUES( 2012, 525839, 221, 241 );
INSERT INTO obec  VALUES( 525847, 808, 'Kocelovce');
INSERT INTO populacia  VALUES( 2012, 525847, 123, 134 );
INSERT INTO obec  VALUES( 525855, 808, 'Kovacova');
INSERT INTO populacia  VALUES( 2012, 525855, 30, 37 );
INSERT INTO obec  VALUES( 525863, 808, 'Krasnohorska Dlha Luka');
INSERT INTO populacia  VALUES( 2012, 525863, 345, 381 );
INSERT INTO obec  VALUES( 525871, 808, 'Krasnohorske Podhradie');
INSERT INTO populacia  VALUES( 2012, 525871, 1273, 1330 );
INSERT INTO obec  VALUES( 525898, 808, 'Kunova Teplica');
INSERT INTO populacia  VALUES( 2012, 525898, 334, 341 );
INSERT INTO obec  VALUES( 525910, 808, 'Lipovnik');
INSERT INTO populacia  VALUES( 2012, 525910, 246, 246 );
INSERT INTO obec  VALUES( 525936, 808, 'Lucka');
INSERT INTO populacia  VALUES( 2012, 525936, 91, 99 );
INSERT INTO obec  VALUES( 525952, 808, 'Markuska');
INSERT INTO populacia  VALUES( 2012, 525952, 79, 91 );
INSERT INTO obec  VALUES( 525961, 808, 'Meliata');
INSERT INTO populacia  VALUES( 2012, 525961, 96, 111 );
INSERT INTO obec  VALUES( 526045, 808, 'Nizna Slana');
INSERT INTO populacia  VALUES( 2012, 526045, 620, 630 );
INSERT INTO obec  VALUES( 526053, 808, 'Ochtina');
INSERT INTO populacia  VALUES( 2012, 526053, 244, 289 );
INSERT INTO obec  VALUES( 526061, 808, 'Paca');
INSERT INTO populacia  VALUES( 2012, 526061, 290, 319 );
INSERT INTO obec  VALUES( 526070, 808, 'Paskova');
INSERT INTO populacia  VALUES( 2012, 526070, 150, 167 );
INSERT INTO obec  VALUES( 526088, 808, 'Petrovo');
INSERT INTO populacia  VALUES( 2012, 526088, 45, 60 );
INSERT INTO obec  VALUES( 526096, 808, 'Plesivec');
INSERT INTO populacia  VALUES( 2012, 526096, 1160, 1183 );
INSERT INTO obec  VALUES( 526126, 808, 'Rakovnica');
INSERT INTO populacia  VALUES( 2012, 526126, 291, 310 );
INSERT INTO obec  VALUES( 526134, 808, 'Rejdova');
INSERT INTO populacia  VALUES( 2012, 526134, 378, 392 );
INSERT INTO obec  VALUES( 526177, 808, 'Rochovce');
INSERT INTO populacia  VALUES( 2012, 526177, 163, 180 );
INSERT INTO obec  VALUES( 526185, 808, 'Rostar');
INSERT INTO populacia  VALUES( 2012, 526185, 275, 283 );
INSERT INTO obec  VALUES( 526193, 808, 'Rozlozna');
INSERT INTO populacia  VALUES( 2012, 526193, 99, 97 );
INSERT INTO obec  VALUES( 526207, 808, 'Roznavske Bystre');
INSERT INTO populacia  VALUES( 2012, 526207, 311, 322 );
INSERT INTO obec  VALUES( 526215, 808, 'Rudna');
INSERT INTO populacia  VALUES( 2012, 526215, 382, 370 );
INSERT INTO obec  VALUES( 526223, 808, 'Silica');
INSERT INTO populacia  VALUES( 2012, 526223, 281, 275 );
INSERT INTO obec  VALUES( 526231, 808, 'Silicka Brezova');
INSERT INTO populacia  VALUES( 2012, 526231, 80, 85 );
INSERT INTO obec  VALUES( 526240, 808, 'Silicka Jablonica');
INSERT INTO populacia  VALUES( 2012, 526240, 102, 102 );
INSERT INTO obec  VALUES( 526266, 808, 'Slavec');
INSERT INTO populacia  VALUES( 2012, 526266, 234, 239 );
INSERT INTO obec  VALUES( 526274, 808, 'Slavoska');
INSERT INTO populacia  VALUES( 2012, 526274, 66, 65 );
INSERT INTO obec  VALUES( 526282, 808, 'Slavosovce');
INSERT INTO populacia  VALUES( 2012, 526282, 945, 992 );
INSERT INTO obec  VALUES( 526291, 808, 'Stratena');
INSERT INTO populacia  VALUES( 2012, 526291, 64, 68 );
INSERT INTO obec  VALUES( 526312, 808, 'Stitnik');
INSERT INTO populacia  VALUES( 2012, 526312, 782, 760 );
INSERT INTO obec  VALUES( 526339, 808, 'Vlachovo');
INSERT INTO populacia  VALUES( 2012, 526339, 432, 428 );
INSERT INTO obec  VALUES( 526347, 808, 'Vysna Slana');
INSERT INTO populacia  VALUES( 2012, 526347, 255, 260 );
INSERT INTO obec  VALUES( 560022, 808, 'Brzotin');
INSERT INTO populacia  VALUES( 2012, 560022, 646, 684 );
INSERT INTO obec  VALUES( 560031, 808, 'Cucma');
INSERT INTO populacia  VALUES( 2012, 560031, 340, 309 );
INSERT INTO obec  VALUES( 560049, 808, 'Jovice');
INSERT INTO populacia  VALUES( 2012, 560049, 359, 375 );
INSERT INTO obec  VALUES( 560065, 808, 'Kruzna');
INSERT INTO populacia  VALUES( 2012, 560065, 244, 237 );
INSERT INTO obec  VALUES( 522309, 809, 'Baskovce');
INSERT INTO populacia  VALUES( 2012, 522309, 122, 127 );
INSERT INTO obec  VALUES( 522317, 809, 'Benatina');
INSERT INTO populacia  VALUES( 2012, 522317, 94, 110 );
INSERT INTO obec  VALUES( 522325, 809, 'Bezovce');
INSERT INTO populacia  VALUES( 2012, 522325, 485, 494 );
INSERT INTO obec  VALUES( 522333, 809, 'Blatna Polianka');
INSERT INTO populacia  VALUES( 2012, 522333, 76, 94 );
INSERT INTO obec  VALUES( 522341, 809, 'Blatne Remety');
INSERT INTO populacia  VALUES( 2012, 522341, 325, 324 );
INSERT INTO obec  VALUES( 522350, 809, 'Blatne Revistia');
INSERT INTO populacia  VALUES( 2012, 522350, 99, 118 );
INSERT INTO obec  VALUES( 522384, 809, 'Bunkovce');
INSERT INTO populacia  VALUES( 2012, 522384, 180, 179 );
INSERT INTO obec  VALUES( 522422, 809, 'Fekisovce');
INSERT INTO populacia  VALUES( 2012, 522422, 155, 151 );
INSERT INTO obec  VALUES( 522457, 809, 'Hlivistia');
INSERT INTO populacia  VALUES( 2012, 522457, 184, 196 );
INSERT INTO obec  VALUES( 522473, 809, 'Horna');
INSERT INTO populacia  VALUES( 2012, 522473, 179, 192 );
INSERT INTO obec  VALUES( 522490, 809, 'Husak');
INSERT INTO populacia  VALUES( 2012, 522490, 85, 77 );
INSERT INTO obec  VALUES( 522503, 809, 'Chonkovce');
INSERT INTO populacia  VALUES( 2012, 522503, 274, 291 );
INSERT INTO obec  VALUES( 522520, 809, 'Inovce');
INSERT INTO populacia  VALUES( 2012, 522520, 106, 112 );
INSERT INTO obec  VALUES( 522538, 809, 'Jasenov');
INSERT INTO populacia  VALUES( 2012, 522538, 160, 155 );
INSERT INTO obec  VALUES( 522554, 809, 'Jenkovce');
INSERT INTO populacia  VALUES( 2012, 522554, 251, 216 );
INSERT INTO obec  VALUES( 522601, 809, 'Kolibabovce');
INSERT INTO populacia  VALUES( 2012, 522601, 107, 88 );
INSERT INTO obec  VALUES( 522627, 809, 'Konus');
INSERT INTO populacia  VALUES( 2012, 522627, 177, 184 );
INSERT INTO obec  VALUES( 522643, 809, 'Koromla');
INSERT INTO populacia  VALUES( 2012, 522643, 251, 209 );
INSERT INTO obec  VALUES( 522660, 809, 'Krcava');
INSERT INTO populacia  VALUES( 2012, 522660, 193, 225 );
INSERT INTO obec  VALUES( 522678, 809, 'Kristy');
INSERT INTO populacia  VALUES( 2012, 522678, 155, 157 );
INSERT INTO obec  VALUES( 522716, 809, 'Lekarovce');
INSERT INTO populacia  VALUES( 2012, 522716, 473, 490 );
INSERT INTO obec  VALUES( 522813, 809, 'Nizna Rybnica');
INSERT INTO populacia  VALUES( 2012, 522813, 205, 218 );
INSERT INTO obec  VALUES( 522821, 809, 'Nizne Nemecke');
INSERT INTO populacia  VALUES( 2012, 522821, 161, 168 );
INSERT INTO obec  VALUES( 522830, 809, 'Orechova');
INSERT INTO populacia  VALUES( 2012, 522830, 129, 131 );
INSERT INTO obec  VALUES( 522856, 809, 'Ostrov');
INSERT INTO populacia  VALUES( 2012, 522856, 142, 153 );
INSERT INTO obec  VALUES( 522899, 809, 'Petrovce');
INSERT INTO populacia  VALUES( 2012, 522899, 97, 116 );
INSERT INTO obec  VALUES( 522911, 809, 'Pinkovce');
INSERT INTO populacia  VALUES( 2012, 522911, 83, 96 );
INSERT INTO obec  VALUES( 522929, 809, 'Podhorod');
INSERT INTO populacia  VALUES( 2012, 522929, 172, 208 );
INSERT INTO obec  VALUES( 522937, 809, 'Porostov');
INSERT INTO populacia  VALUES( 2012, 522937, 107, 108 );
INSERT INTO obec  VALUES( 522953, 809, 'Porubka');
INSERT INTO populacia  VALUES( 2012, 522953, 202, 229 );
INSERT INTO obec  VALUES( 522970, 809, 'Priekopa');
INSERT INTO populacia  VALUES( 2012, 522970, 149, 145 );
INSERT INTO obec  VALUES( 523003, 809, 'Remetske Hamre');
INSERT INTO populacia  VALUES( 2012, 523003, 318, 293 );
INSERT INTO obec  VALUES( 523011, 809, 'Ruska Bystra');
INSERT INTO populacia  VALUES( 2012, 523011, 57, 55 );
INSERT INTO obec  VALUES( 523020, 809, 'Ruskovce');
INSERT INTO populacia  VALUES( 2012, 523020, 144, 126 );
INSERT INTO obec  VALUES( 523038, 809, 'Rusky Hrabovec');
INSERT INTO populacia  VALUES( 2012, 523038, 156, 159 );
INSERT INTO obec  VALUES( 523046, 809, 'Sejkov');
INSERT INTO populacia  VALUES( 2012, 523046, 107, 95 );
INSERT INTO obec  VALUES( 523089, 809, 'Sobrance');
INSERT INTO populacia  VALUES( 2012, 523089, 2944, 3020 );
INSERT INTO obec  VALUES( 523143, 809, 'Svatus');
INSERT INTO populacia  VALUES( 2012, 523143, 54, 59 );
INSERT INTO obec  VALUES( 523160, 809, 'Tasula');
INSERT INTO populacia  VALUES( 2012, 523160, 96, 106 );
INSERT INTO obec  VALUES( 523178, 809, 'Tibava');
INSERT INTO populacia  VALUES( 2012, 523178, 273, 277 );
INSERT INTO obec  VALUES( 523224, 809, 'Ubrez');
INSERT INTO populacia  VALUES( 2012, 523224, 350, 359 );
INSERT INTO obec  VALUES( 523232, 809, 'Velke Revistia');
INSERT INTO populacia  VALUES( 2012, 523232, 266, 268 );
INSERT INTO obec  VALUES( 523267, 809, 'Vojnatina');
INSERT INTO populacia  VALUES( 2012, 523267, 127, 116 );
INSERT INTO obec  VALUES( 523305, 809, 'Vysna Rybnica');
INSERT INTO populacia  VALUES( 2012, 523305, 183, 175 );
INSERT INTO obec  VALUES( 523313, 809, 'Vysne Nemecke');
INSERT INTO populacia  VALUES( 2012, 523313, 119, 126 );
INSERT INTO obec  VALUES( 523321, 809, 'Vysne Remety');
INSERT INTO populacia  VALUES( 2012, 523321, 213, 208 );
INSERT INTO obec  VALUES( 523330, 809, 'Zahor');
INSERT INTO populacia  VALUES( 2012, 523330, 314, 337 );
INSERT INTO obec  VALUES( 526355, 810, 'Spisska Nova Ves');
INSERT INTO populacia  VALUES( 2012, 526355, 18483, 19284 );
INSERT INTO obec  VALUES( 526363, 810, 'Arnutovce');
INSERT INTO populacia  VALUES( 2012, 526363, 384, 341 );
INSERT INTO obec  VALUES( 526398, 810, 'Betlanovce');
INSERT INTO populacia  VALUES( 2012, 526398, 349, 338 );
INSERT INTO obec  VALUES( 526436, 810, 'Bystrany');
INSERT INTO populacia  VALUES( 2012, 526436, 1620, 1630 );
INSERT INTO obec  VALUES( 526444, 810, 'Danisovce');
INSERT INTO populacia  VALUES( 2012, 526444, 270, 261 );
INSERT INTO obec  VALUES( 526533, 810, 'Harichovce');
INSERT INTO populacia  VALUES( 2012, 526533, 908, 950 );
INSERT INTO obec  VALUES( 526568, 810, 'Hincovce');
INSERT INTO populacia  VALUES( 2012, 526568, 123, 114 );
INSERT INTO obec  VALUES( 526576, 810, 'Hnilcik');
INSERT INTO populacia  VALUES( 2012, 526576, 285, 260 );
INSERT INTO obec  VALUES( 526584, 810, 'Hnilec');
INSERT INTO populacia  VALUES( 2012, 526584, 217, 223 );
INSERT INTO obec  VALUES( 526592, 810, 'Hrabusice');
INSERT INTO populacia  VALUES( 2012, 526592, 1176, 1240 );
INSERT INTO obec  VALUES( 526657, 810, 'Zehra');
INSERT INTO populacia  VALUES( 2012, 526657, 1159, 1049 );
INSERT INTO obec  VALUES( 543152, 810, 'Chrast nad Hornadom');
INSERT INTO populacia  VALUES( 2012, 543152, 467, 395 );
INSERT INTO obec  VALUES( 543161, 810, 'Iliasovce');
INSERT INTO populacia  VALUES( 2012, 543161, 493, 484 );
INSERT INTO obec  VALUES( 543195, 810, 'Jamnik');
INSERT INTO populacia  VALUES( 2012, 543195, 573, 570 );
INSERT INTO obec  VALUES( 543209, 810, 'Kalava');
INSERT INTO populacia  VALUES( 2012, 543209, 214, 214 );
INSERT INTO obec  VALUES( 543250, 810, 'Kolinovce');
INSERT INTO populacia  VALUES( 2012, 543250, 286, 292 );
INSERT INTO obec  VALUES( 543268, 810, 'Krompachy');
INSERT INTO populacia  VALUES( 2012, 543268, 4275, 4545 );
INSERT INTO obec  VALUES( 543284, 810, 'Letanovce');
INSERT INTO populacia  VALUES( 2012, 543284, 1127, 1104 );
INSERT INTO obec  VALUES( 543306, 810, 'Lieskovany');
INSERT INTO populacia  VALUES( 2012, 543306, 150, 145 );
INSERT INTO obec  VALUES( 543331, 810, 'Markusovce');
INSERT INTO populacia  VALUES( 2012, 543331, 2040, 2058 );
INSERT INTO obec  VALUES( 543349, 810, 'Matejovce nad Hornadom');
INSERT INTO populacia  VALUES( 2012, 543349, 244, 261 );
INSERT INTO obec  VALUES( 543357, 810, 'Mlynky');
INSERT INTO populacia  VALUES( 2012, 543357, 270, 297 );
INSERT INTO obec  VALUES( 543403, 810, 'Odorin');
INSERT INTO populacia  VALUES( 2012, 543403, 482, 471 );
INSERT INTO obec  VALUES( 543411, 810, 'Olcnava');
INSERT INTO populacia  VALUES( 2012, 543411, 515, 525 );
INSERT INTO obec  VALUES( 543438, 810, 'Olsavka');
INSERT INTO populacia  VALUES( 2012, 543438, 96, 102 );
INSERT INTO obec  VALUES( 543489, 810, 'Porac');
INSERT INTO populacia  VALUES( 2012, 543489, 509, 509 );
INSERT INTO obec  VALUES( 543519, 810, 'Rudnany');
INSERT INTO populacia  VALUES( 2012, 543519, 2020, 2062 );
INSERT INTO obec  VALUES( 543527, 810, 'Slatvina');
INSERT INTO populacia  VALUES( 2012, 543527, 161, 162 );
INSERT INTO obec  VALUES( 543535, 810, 'Slovinky');
INSERT INTO populacia  VALUES( 2012, 543535, 936, 954 );
INSERT INTO obec  VALUES( 543586, 810, 'Spisske Tomasovce');
INSERT INTO populacia  VALUES( 2012, 543586, 899, 896 );
INSERT INTO obec  VALUES( 543594, 810, 'Spisske Vlachy');
INSERT INTO populacia  VALUES( 2012, 543594, 1791, 1819 );
INSERT INTO obec  VALUES( 543616, 810, 'Spissky Hrusov');
INSERT INTO populacia  VALUES( 2012, 543616, 596, 647 );
INSERT INTO obec  VALUES( 543667, 810, 'Teplicka');
INSERT INTO populacia  VALUES( 2012, 543667, 574, 593 );
INSERT INTO obec  VALUES( 543713, 810, 'Vitkovce');
INSERT INTO populacia  VALUES( 2012, 543713, 298, 300 );
INSERT INTO obec  VALUES( 543721, 810, 'Vojkovce');
INSERT INTO populacia  VALUES( 2012, 543721, 207, 217 );
INSERT INTO obec  VALUES( 560154, 810, 'Smizany');
INSERT INTO populacia  VALUES( 2012, 560154, 4370, 4365 );
INSERT INTO obec  VALUES( 513792, 811, 'Mala Trna');
INSERT INTO populacia  VALUES( 2012, 513792, 220, 214 );
INSERT INTO obec  VALUES( 513806, 811, 'Velka Trna');
INSERT INTO populacia  VALUES( 2012, 513806, 216, 237 );
INSERT INTO obec  VALUES( 513831, 811, 'Klin nad Bodrogom');
INSERT INTO populacia  VALUES( 2012, 513831, 108, 101 );
INSERT INTO obec  VALUES( 513849, 811, 'Stanca');
INSERT INTO populacia  VALUES( 2012, 513849, 201, 221 );
INSERT INTO obec  VALUES( 528099, 811, 'Trebisov');
INSERT INTO populacia  VALUES( 2012, 528099, 11952, 12565 );
INSERT INTO obec  VALUES( 528102, 811, 'Backa');
INSERT INTO populacia  VALUES( 2012, 528102, 301, 349 );
INSERT INTO obec  VALUES( 528111, 811, 'Backov');
INSERT INTO populacia  VALUES( 2012, 528111, 324, 331 );
INSERT INTO obec  VALUES( 528129, 811, 'Bara');
INSERT INTO populacia  VALUES( 2012, 528129, 150, 163 );
INSERT INTO obec  VALUES( 528145, 811, 'Biel');
INSERT INTO populacia  VALUES( 2012, 528145, 710, 745 );
INSERT INTO obec  VALUES( 528153, 811, 'Svata Maria');
INSERT INTO populacia  VALUES( 2012, 528153, 298, 278 );
INSERT INTO obec  VALUES( 528161, 811, 'Bol');
INSERT INTO populacia  VALUES( 2012, 528161, 369, 369 );
INSERT INTO obec  VALUES( 528170, 811, 'Borsa');
INSERT INTO populacia  VALUES( 2012, 528170, 583, 627 );
INSERT INTO obec  VALUES( 528188, 811, 'Botany');
INSERT INTO populacia  VALUES( 2012, 528188, 635, 619 );
INSERT INTO obec  VALUES( 528200, 811, 'Brehov');
INSERT INTO populacia  VALUES( 2012, 528200, 315, 299 );
INSERT INTO obec  VALUES( 528218, 811, 'Brezina');
INSERT INTO populacia  VALUES( 2012, 528218, 363, 342 );
INSERT INTO obec  VALUES( 528226, 811, 'Bysta');
INSERT INTO populacia  VALUES( 2012, 528226, 69, 89 );
INSERT INTO obec  VALUES( 528234, 811, 'Cejkov');
INSERT INTO populacia  VALUES( 2012, 528234, 563, 592 );
INSERT INTO obec  VALUES( 528242, 811, 'Celovce');
INSERT INTO populacia  VALUES( 2012, 528242, 271, 278 );
INSERT INTO obec  VALUES( 528251, 811, 'Cerhov');
INSERT INTO populacia  VALUES( 2012, 528251, 408, 397 );
INSERT INTO obec  VALUES( 528269, 811, 'Cernochov');
INSERT INTO populacia  VALUES( 2012, 528269, 86, 117 );
INSERT INTO obec  VALUES( 528285, 811, 'Cierna');
INSERT INTO populacia  VALUES( 2012, 528285, 226, 245 );
INSERT INTO obec  VALUES( 528293, 811, 'Cierna nad Tisou');
INSERT INTO populacia  VALUES( 2012, 528293, 1833, 1991 );
INSERT INTO obec  VALUES( 528315, 811, 'Dargov');
INSERT INTO populacia  VALUES( 2012, 528315, 286, 314 );
INSERT INTO obec  VALUES( 528323, 811, 'Dobra');
INSERT INTO populacia  VALUES( 2012, 528323, 236, 220 );
INSERT INTO obec  VALUES( 528340, 811, 'Dvorianky');
INSERT INTO populacia  VALUES( 2012, 528340, 282, 318 );
INSERT INTO obec  VALUES( 528358, 811, 'Egres');
INSERT INTO populacia  VALUES( 2012, 528358, 232, 243 );
INSERT INTO obec  VALUES( 528366, 811, 'Hran');
INSERT INTO populacia  VALUES( 2012, 528366, 758, 837 );
INSERT INTO obec  VALUES( 528374, 811, 'Hrcel');
INSERT INTO populacia  VALUES( 2012, 528374, 456, 498 );
INSERT INTO obec  VALUES( 528382, 811, 'Hriadky');
INSERT INTO populacia  VALUES( 2012, 528382, 227, 227 );
INSERT INTO obec  VALUES( 528412, 811, 'Kasov');
INSERT INTO populacia  VALUES( 2012, 528412, 138, 149 );
INSERT INTO obec  VALUES( 528421, 811, 'Kazimir');
INSERT INTO populacia  VALUES( 2012, 528421, 436, 433 );
INSERT INTO obec  VALUES( 528439, 811, 'Kozuchov');
INSERT INTO populacia  VALUES( 2012, 528439, 106, 104 );
INSERT INTO obec  VALUES( 528447, 811, 'Kralovsky Chlmec');
INSERT INTO populacia  VALUES( 2012, 528447, 3706, 3976 );
INSERT INTO obec  VALUES( 528455, 811, 'Kravany');
INSERT INTO populacia  VALUES( 2012, 528455, 167, 175 );
INSERT INTO obec  VALUES( 528471, 811, 'Kuzmice');
INSERT INTO populacia  VALUES( 2012, 528471, 853, 874 );
INSERT INTO obec  VALUES( 528480, 811, 'Kysta');
INSERT INTO populacia  VALUES( 2012, 528480, 193, 196 );
INSERT INTO obec  VALUES( 528498, 811, 'Ladmovce');
INSERT INTO populacia  VALUES( 2012, 528498, 154, 171 );
INSERT INTO obec  VALUES( 528501, 811, 'Lastovce');
INSERT INTO populacia  VALUES( 2012, 528501, 569, 555 );
INSERT INTO obec  VALUES( 528510, 811, 'Leles');
INSERT INTO populacia  VALUES( 2012, 528510, 862, 933 );
INSERT INTO obec  VALUES( 528528, 811, 'Luhyna');
INSERT INTO populacia  VALUES( 2012, 528528, 156, 163 );
INSERT INTO obec  VALUES( 528536, 811, 'Male Ozorovce');
INSERT INTO populacia  VALUES( 2012, 528536, 268, 271 );
INSERT INTO obec  VALUES( 528544, 811, 'Male Trakany');
INSERT INTO populacia  VALUES( 2012, 528544, 529, 591 );
INSERT INTO obec  VALUES( 528552, 811, 'Maly Hores');
INSERT INTO populacia  VALUES( 2012, 528552, 545, 565 );
INSERT INTO obec  VALUES( 528561, 811, 'Maly Kamenec');
INSERT INTO populacia  VALUES( 2012, 528561, 211, 242 );
INSERT INTO obec  VALUES( 528587, 811, 'Michalany');
INSERT INTO populacia  VALUES( 2012, 528587, 963, 985 );
INSERT INTO obec  VALUES( 528609, 811, 'Nizny Zipov');
INSERT INTO populacia  VALUES( 2012, 528609, 707, 750 );
INSERT INTO obec  VALUES( 528617, 811, 'Novosad');
INSERT INTO populacia  VALUES( 2012, 528617, 490, 518 );
INSERT INTO obec  VALUES( 528625, 811, 'Novy Ruskov');
INSERT INTO populacia  VALUES( 2012, 528625, 304, 317 );
INSERT INTO obec  VALUES( 528641, 811, 'Plechotice');
INSERT INTO populacia  VALUES( 2012, 528641, 387, 405 );
INSERT INTO obec  VALUES( 528650, 811, 'Svatuse');
INSERT INTO populacia  VALUES( 2012, 528650, 387, 439 );
INSERT INTO obec  VALUES( 528668, 811, 'Polany');
INSERT INTO populacia  VALUES( 2012, 528668, 253, 266 );
INSERT INTO obec  VALUES( 528676, 811, 'Parchovany');
INSERT INTO populacia  VALUES( 2012, 528676, 948, 978 );
INSERT INTO obec  VALUES( 528684, 811, 'Pribenik');
INSERT INTO populacia  VALUES( 2012, 528684, 498, 534 );
INSERT INTO obec  VALUES( 528706, 811, 'Rad');
INSERT INTO populacia  VALUES( 2012, 528706, 276, 278 );
INSERT INTO obec  VALUES( 528722, 811, 'Secovce');
INSERT INTO populacia  VALUES( 2012, 528722, 4054, 4205 );
INSERT INTO obec  VALUES( 543730, 811, 'Sirnik');
INSERT INTO populacia  VALUES( 2012, 543730, 299, 312 );
INSERT INTO obec  VALUES( 543748, 811, 'Slivnik');
INSERT INTO populacia  VALUES( 2012, 543748, 390, 392 );
INSERT INTO obec  VALUES( 543756, 811, 'Slovenske Nove Mesto');
INSERT INTO populacia  VALUES( 2012, 543756, 509, 563 );
INSERT INTO obec  VALUES( 543764, 811, 'Solnicka');
INSERT INTO populacia  VALUES( 2012, 543764, 110, 119 );
INSERT INTO obec  VALUES( 543772, 811, 'Somotor');
INSERT INTO populacia  VALUES( 2012, 543772, 744, 816 );
INSERT INTO obec  VALUES( 543781, 811, 'Stankovce');
INSERT INTO populacia  VALUES( 2012, 543781, 73, 88 );
INSERT INTO obec  VALUES( 543799, 811, 'Strazne');
INSERT INTO populacia  VALUES( 2012, 543799, 314, 319 );
INSERT INTO obec  VALUES( 543802, 811, 'Streda nad Bodrogom');
INSERT INTO populacia  VALUES( 2012, 543802, 1062, 1221 );
INSERT INTO obec  VALUES( 543811, 811, 'Svinice');
INSERT INTO populacia  VALUES( 2012, 543811, 128, 111 );
INSERT INTO obec  VALUES( 543829, 811, 'Trnavka');
INSERT INTO populacia  VALUES( 2012, 543829, 83, 86 );
INSERT INTO obec  VALUES( 543845, 811, 'Velaty');
INSERT INTO populacia  VALUES( 2012, 543845, 419, 441 );
INSERT INTO obec  VALUES( 543861, 811, 'Velke Ozorovce');
INSERT INTO populacia  VALUES( 2012, 543861, 369, 378 );
INSERT INTO obec  VALUES( 543896, 811, 'Velke Trakany');
INSERT INTO populacia  VALUES( 2012, 543896, 694, 720 );
INSERT INTO obec  VALUES( 543900, 811, 'Velky Hores');
INSERT INTO populacia  VALUES( 2012, 543900, 504, 528 );
INSERT INTO obec  VALUES( 543918, 811, 'Velky Kamenec');
INSERT INTO populacia  VALUES( 2012, 543918, 383, 425 );
INSERT INTO obec  VALUES( 543926, 811, 'Vinicky');
INSERT INTO populacia  VALUES( 2012, 543926, 238, 275 );
INSERT INTO obec  VALUES( 543934, 811, 'Visnov');
INSERT INTO populacia  VALUES( 2012, 543934, 118, 118 );
INSERT INTO obec  VALUES( 543951, 811, 'Vojcice');
INSERT INTO populacia  VALUES( 2012, 543951, 1074, 1097 );
INSERT INTO obec  VALUES( 543969, 811, 'Vojka');
INSERT INTO populacia  VALUES( 2012, 543969, 262, 243 );
INSERT INTO obec  VALUES( 543977, 811, 'Zatin');
INSERT INTO populacia  VALUES( 2012, 543977, 413, 427 );
INSERT INTO obec  VALUES( 543985, 811, 'Zbehnov');
INSERT INTO populacia  VALUES( 2012, 543985, 182, 162 );
INSERT INTO obec  VALUES( 543993, 811, 'Zemplin');
INSERT INTO populacia  VALUES( 2012, 543993, 195, 195 );
INSERT INTO obec  VALUES( 544001, 811, 'Zemplinska Nova Ves');
INSERT INTO populacia  VALUES( 2012, 544001, 419, 490 );
INSERT INTO obec  VALUES( 544019, 811, 'Zemplinska Teplica');
INSERT INTO populacia  VALUES( 2012, 544019, 769, 834 );
INSERT INTO obec  VALUES( 544027, 811, 'Zemplinske Hradiste');
INSERT INTO populacia  VALUES( 2012, 544027, 529, 618 );
INSERT INTO obec  VALUES( 544035, 811, 'Zemplinske Jastrabie');
INSERT INTO populacia  VALUES( 2012, 544035, 326, 338 );
INSERT INTO obec  VALUES( 544043, 811, 'Zemplinsky Branc');
INSERT INTO populacia  VALUES( 2012, 544043, 236, 250 );
INSERT INTO populacia  VALUES( 2011, 528595, 18254, 20534 );
INSERT INTO populacia  VALUES( 2011, 529311, 9822, 11022 );
INSERT INTO populacia  VALUES( 2011, 529320, 31174, 37843 );
INSERT INTO populacia  VALUES( 2011, 529338, 9124, 10151 );
INSERT INTO populacia  VALUES( 2011, 529346, 16676, 19850 );
INSERT INTO populacia  VALUES( 2011, 529354, 9290, 10524 );
INSERT INTO populacia  VALUES( 2011, 529362, 2567, 2563 );
INSERT INTO populacia  VALUES( 2011, 529371, 7626, 8029 );
INSERT INTO populacia  VALUES( 2011, 529389, 15141, 17610 );
INSERT INTO populacia  VALUES( 2011, 529397, 15311, 17568 );
INSERT INTO populacia  VALUES( 2011, 529401, 568, 550 );
INSERT INTO populacia  VALUES( 2011, 529419, 3084, 3661 );
INSERT INTO populacia  VALUES( 2011, 529427, 1718, 1785 );
INSERT INTO populacia  VALUES( 2011, 529435, 508, 506 );
INSERT INTO populacia  VALUES( 2011, 529443, 737, 742 );
INSERT INTO populacia  VALUES( 2011, 529460, 50199, 55564 );
INSERT INTO populacia  VALUES( 2011, 529494, 1399, 1492 );
INSERT INTO populacia  VALUES( 2011, 500267, 95, 81 );
INSERT INTO populacia  VALUES( 2011, 504556, 572, 583 );
INSERT INTO populacia  VALUES( 2011, 504629, 338, 348 );
INSERT INTO populacia  VALUES( 2011, 504637, 352, 351 );
INSERT INTO populacia  VALUES( 2011, 504769, 1730, 1751 );
INSERT INTO populacia  VALUES( 2011, 504858, 763, 786 );
INSERT INTO populacia  VALUES( 2011, 504874, 794, 806 );
INSERT INTO populacia  VALUES( 2011, 504947, 1734, 1811 );
INSERT INTO populacia  VALUES( 2011, 504980, 1358, 1352 );
INSERT INTO populacia  VALUES( 2011, 507831, 328, 327 );
INSERT INTO populacia  VALUES( 2011, 507890, 1431, 1490 );
INSERT INTO populacia  VALUES( 2011, 507954, 553, 590 );
INSERT INTO populacia  VALUES( 2011, 507962, 748, 748 );
INSERT INTO populacia  VALUES( 2011, 508012, 594, 609 );
INSERT INTO populacia  VALUES( 2011, 508021, 839, 833 );
INSERT INTO populacia  VALUES( 2011, 508039, 731, 740 );
INSERT INTO populacia  VALUES( 2011, 508055, 1466, 1447 );
INSERT INTO populacia  VALUES( 2011, 508063, 8284, 8782 );
INSERT INTO populacia  VALUES( 2011, 508080, 663, 692 );
INSERT INTO populacia  VALUES( 2011, 508161, 397, 412 );
INSERT INTO populacia  VALUES( 2011, 508195, 1137, 1186 );
INSERT INTO populacia  VALUES( 2011, 508233, 4452, 4893 );
INSERT INTO populacia  VALUES( 2011, 508241, 313, 310 );
INSERT INTO populacia  VALUES( 2011, 508349, 1107, 1076 );
INSERT INTO populacia  VALUES( 2011, 508365, 873, 922 );
INSERT INTO populacia  VALUES( 2011, 508381, 1564, 1643 );
INSERT INTO populacia  VALUES( 2011, 507806, 843, 857 );
INSERT INTO populacia  VALUES( 2011, 507849, 1095, 1133 );
INSERT INTO populacia  VALUES( 2011, 507857, 1042, 1121 );
INSERT INTO populacia  VALUES( 2011, 507873, 513, 532 );
INSERT INTO populacia  VALUES( 2011, 507881, 452, 468 );
INSERT INTO populacia  VALUES( 2011, 507946, 451, 468 );
INSERT INTO populacia  VALUES( 2011, 507989, 2495, 2734 );
INSERT INTO populacia  VALUES( 2011, 508047, 835, 895 );
INSERT INTO populacia  VALUES( 2011, 508101, 4276, 4519 );
INSERT INTO populacia  VALUES( 2011, 508179, 10112, 11151 );
INSERT INTO populacia  VALUES( 2011, 508187, 158, 155 );
INSERT INTO populacia  VALUES( 2011, 508225, 1071, 1121 );
INSERT INTO populacia  VALUES( 2011, 508250, 2224, 2298 );
INSERT INTO populacia  VALUES( 2011, 508268, 162, 161 );
INSERT INTO populacia  VALUES( 2011, 508306, 1015, 1064 );
INSERT INTO populacia  VALUES( 2011, 508314, 596, 620 );
INSERT INTO populacia  VALUES( 2011, 508322, 666, 672 );
INSERT INTO populacia  VALUES( 2011, 503681, 218, 208 );
INSERT INTO populacia  VALUES( 2011, 503797, 219, 227 );
INSERT INTO populacia  VALUES( 2011, 503801, 382, 392 );
INSERT INTO populacia  VALUES( 2011, 503819, 133, 151 );
INSERT INTO populacia  VALUES( 2011, 503851, 256, 260 );
INSERT INTO populacia  VALUES( 2011, 503894, 791, 836 );
INSERT INTO populacia  VALUES( 2011, 503983, 703, 698 );
INSERT INTO populacia  VALUES( 2011, 507814, 2641, 2835 );
INSERT INTO populacia  VALUES( 2011, 507822, 777, 855 );
INSERT INTO populacia  VALUES( 2011, 507865, 542, 563 );
INSERT INTO populacia  VALUES( 2011, 507903, 710, 745 );
INSERT INTO populacia  VALUES( 2011, 507911, 1938, 1994 );
INSERT INTO populacia  VALUES( 2011, 507938, 2851, 3083 );
INSERT INTO populacia  VALUES( 2011, 507997, 589, 588 );
INSERT INTO populacia  VALUES( 2011, 508071, 958, 998 );
INSERT INTO populacia  VALUES( 2011, 508098, 893, 963 );
INSERT INTO populacia  VALUES( 2011, 508110, 1099, 1157 );
INSERT INTO populacia  VALUES( 2011, 508136, 1006, 1039 );
INSERT INTO populacia  VALUES( 2011, 508209, 1157, 1225 );
INSERT INTO populacia  VALUES( 2011, 508217, 8399, 8890 );
INSERT INTO populacia  VALUES( 2011, 508276, 1138, 1217 );
INSERT INTO populacia  VALUES( 2011, 508284, 492, 505 );
INSERT INTO populacia  VALUES( 2011, 508292, 1135, 1203 );
INSERT INTO populacia  VALUES( 2011, 508331, 207, 221 );
INSERT INTO populacia  VALUES( 2011, 545333, 2249, 2387 );
INSERT INTO populacia  VALUES( 2011, 555487, 272, 283 );
INSERT INTO populacia  VALUES( 2011, 555495, 345, 353 );
INSERT INTO populacia  VALUES( 2011, 555509, 738, 800 );
INSERT INTO populacia  VALUES( 2011, 582549, 38, 33 );
INSERT INTO populacia  VALUES( 2011, 501433, 10650, 11836 );
INSERT INTO populacia  VALUES( 2011, 501441, 247, 315 );
INSERT INTO populacia  VALUES( 2011, 501450, 547, 571 );
INSERT INTO populacia  VALUES( 2011, 501468, 354, 403 );
INSERT INTO populacia  VALUES( 2011, 501484, 192, 173 );
INSERT INTO populacia  VALUES( 2011, 501492, 427, 451 );
INSERT INTO populacia  VALUES( 2011, 501506, 176, 174 );
INSERT INTO populacia  VALUES( 2011, 501514, 270, 299 );
INSERT INTO populacia  VALUES( 2011, 501522, 4273, 4596 );
INSERT INTO populacia  VALUES( 2011, 501531, 598, 608 );
INSERT INTO populacia  VALUES( 2011, 501549, 214, 214 );
INSERT INTO populacia  VALUES( 2011, 501557, 296, 307 );
INSERT INTO populacia  VALUES( 2011, 501573, 2664, 2679 );
INSERT INTO populacia  VALUES( 2011, 501581, 904, 1001 );
INSERT INTO populacia  VALUES( 2011, 501590, 995, 1000 );
INSERT INTO populacia  VALUES( 2011, 501603, 664, 586 );
INSERT INTO populacia  VALUES( 2011, 501611, 961, 937 );
INSERT INTO populacia  VALUES( 2011, 501620, 280, 287 );
INSERT INTO populacia  VALUES( 2011, 501638, 329, 314 );
INSERT INTO populacia  VALUES( 2011, 501654, 742, 739 );
INSERT INTO populacia  VALUES( 2011, 501662, 421, 445 );
INSERT INTO populacia  VALUES( 2011, 501671, 250, 251 );
INSERT INTO populacia  VALUES( 2011, 501689, 187, 184 );
INSERT INTO populacia  VALUES( 2011, 501697, 636, 636 );
INSERT INTO populacia  VALUES( 2011, 501701, 503, 535 );
INSERT INTO populacia  VALUES( 2011, 501719, 653, 635 );
INSERT INTO populacia  VALUES( 2011, 501727, 478, 476 );
INSERT INTO populacia  VALUES( 2011, 501735, 1242, 1309 );
INSERT INTO populacia  VALUES( 2011, 501743, 369, 380 );
INSERT INTO populacia  VALUES( 2011, 501760, 230, 333 );
INSERT INTO populacia  VALUES( 2011, 501778, 223, 231 );
INSERT INTO populacia  VALUES( 2011, 501786, 475, 445 );
INSERT INTO populacia  VALUES( 2011, 501808, 1082, 1121 );
INSERT INTO populacia  VALUES( 2011, 501816, 596, 577 );
INSERT INTO populacia  VALUES( 2011, 501824, 1829, 1843 );
INSERT INTO populacia  VALUES( 2011, 501832, 197, 225 );
INSERT INTO populacia  VALUES( 2011, 501859, 803, 867 );
INSERT INTO populacia  VALUES( 2011, 501867, 435, 428 );
INSERT INTO populacia  VALUES( 2011, 501875, 262, 269 );
INSERT INTO populacia  VALUES( 2011, 501883, 420, 404 );
INSERT INTO populacia  VALUES( 2011, 501891, 589, 604 );
INSERT INTO populacia  VALUES( 2011, 501905, 6114, 6687 );
INSERT INTO populacia  VALUES( 2011, 501913, 856, 915 );
INSERT INTO populacia  VALUES( 2011, 501921, 1517, 1537 );
INSERT INTO populacia  VALUES( 2011, 501930, 327, 324 );
INSERT INTO populacia  VALUES( 2011, 501956, 217, 247 );
INSERT INTO populacia  VALUES( 2011, 501964, 258, 282 );
INSERT INTO populacia  VALUES( 2011, 501972, 420, 474 );
INSERT INTO populacia  VALUES( 2011, 501981, 747, 704 );
INSERT INTO populacia  VALUES( 2011, 501999, 231, 227 );
INSERT INTO populacia  VALUES( 2011, 502006, 1283, 1288 );
INSERT INTO populacia  VALUES( 2011, 502014, 719, 755 );
INSERT INTO populacia  VALUES( 2011, 502022, 1725, 1847 );
INSERT INTO populacia  VALUES( 2011, 503461, 138, 145 );
INSERT INTO populacia  VALUES( 2011, 555517, 125, 116 );
INSERT INTO populacia  VALUES( 2011, 555541, 252, 264 );
INSERT INTO populacia  VALUES( 2011, 555568, 466, 485 );
INSERT INTO populacia  VALUES( 2011, 555576, 1023, 1117 );
INSERT INTO populacia  VALUES( 2011, 555606, 122, 125 );
INSERT INTO populacia  VALUES( 2011, 555649, 269, 262 );
INSERT INTO populacia  VALUES( 2011, 555665, 507, 541 );
INSERT INTO populacia  VALUES( 2011, 555673, 516, 523 );
INSERT INTO populacia  VALUES( 2011, 555720, 433, 457 );
INSERT INTO populacia  VALUES( 2011, 555746, 214, 212 );
INSERT INTO populacia  VALUES( 2011, 580554, 541, 553 );
INSERT INTO populacia  VALUES( 2011, 580597, 77, 69 );
INSERT INTO populacia  VALUES( 2011, 582522, 141, 120 );
INSERT INTO populacia  VALUES( 2011, 503665, 7369, 7778 );
INSERT INTO populacia  VALUES( 2011, 503673, 521, 540 );
INSERT INTO populacia  VALUES( 2011, 503690, 698, 703 );
INSERT INTO populacia  VALUES( 2011, 503703, 807, 786 );
INSERT INTO populacia  VALUES( 2011, 503746, 952, 970 );
INSERT INTO populacia  VALUES( 2011, 503754, 199, 221 );
INSERT INTO populacia  VALUES( 2011, 503762, 372, 344 );
INSERT INTO populacia  VALUES( 2011, 503771, 1588, 1637 );
INSERT INTO populacia  VALUES( 2011, 503789, 240, 250 );
INSERT INTO populacia  VALUES( 2011, 503827, 222, 246 );
INSERT INTO populacia  VALUES( 2011, 503835, 1955, 1962 );
INSERT INTO populacia  VALUES( 2011, 503843, 741, 771 );
INSERT INTO populacia  VALUES( 2011, 503860, 768, 802 );
INSERT INTO populacia  VALUES( 2011, 503878, 560, 593 );
INSERT INTO populacia  VALUES( 2011, 503924, 790, 815 );
INSERT INTO populacia  VALUES( 2011, 503959, 1452, 1568 );
INSERT INTO populacia  VALUES( 2011, 503967, 309, 290 );
INSERT INTO populacia  VALUES( 2011, 503975, 792, 891 );
INSERT INTO populacia  VALUES( 2011, 504009, 7872, 8342 );
INSERT INTO populacia  VALUES( 2011, 504017, 2592, 2873 );
INSERT INTO populacia  VALUES( 2011, 504033, 212, 229 );
INSERT INTO populacia  VALUES( 2011, 504041, 856, 918 );
INSERT INTO populacia  VALUES( 2011, 504050, 2084, 2055 );
INSERT INTO populacia  VALUES( 2011, 504076, 802, 809 );
INSERT INTO populacia  VALUES( 2011, 504084, 413, 402 );
INSERT INTO populacia  VALUES( 2011, 504106, 1867, 1927 );
INSERT INTO populacia  VALUES( 2011, 504114, 1001, 1079 );
INSERT INTO populacia  VALUES( 2011, 504122, 1270, 1347 );
INSERT INTO populacia  VALUES( 2011, 504131, 2101, 2251 );
INSERT INTO populacia  VALUES( 2011, 504149, 608, 651 );
INSERT INTO populacia  VALUES( 2011, 504157, 776, 798 );
INSERT INTO populacia  VALUES( 2011, 504173, 576, 585 );
INSERT INTO populacia  VALUES( 2011, 504181, 426, 421 );
INSERT INTO populacia  VALUES( 2011, 555754, 1002, 1025 );
INSERT INTO populacia  VALUES( 2011, 555789, 709, 720 );
INSERT INTO populacia  VALUES( 2011, 582638, 284, 297 );
INSERT INTO populacia  VALUES( 2011, 506800, 664, 681 );
INSERT INTO populacia  VALUES( 2011, 506885, 796, 810 );
INSERT INTO populacia  VALUES( 2011, 506958, 179, 188 );
INSERT INTO populacia  VALUES( 2011, 506966, 345, 307 );
INSERT INTO populacia  VALUES( 2011, 507024, 1027, 1054 );
INSERT INTO populacia  VALUES( 2011, 507032, 11046, 11615 );
INSERT INTO populacia  VALUES( 2011, 507075, 438, 419 );
INSERT INTO populacia  VALUES( 2011, 507130, 247, 239 );
INSERT INTO populacia  VALUES( 2011, 507172, 518, 503 );
INSERT INTO populacia  VALUES( 2011, 507202, 329, 359 );
INSERT INTO populacia  VALUES( 2011, 507253, 2058, 2106 );
INSERT INTO populacia  VALUES( 2011, 507288, 1050, 1110 );
INSERT INTO populacia  VALUES( 2011, 507326, 214, 209 );
INSERT INTO populacia  VALUES( 2011, 507415, 518, 481 );
INSERT INTO populacia  VALUES( 2011, 507521, 446, 431 );
INSERT INTO populacia  VALUES( 2011, 507539, 315, 353 );
INSERT INTO populacia  VALUES( 2011, 507661, 735, 744 );
INSERT INTO populacia  VALUES( 2011, 507792, 325, 313 );
INSERT INTO populacia  VALUES( 2011, 518620, 175, 154 );
INSERT INTO populacia  VALUES( 2011, 556521, 266, 295 );
INSERT INTO populacia  VALUES( 2011, 556530, 343, 329 );
INSERT INTO populacia  VALUES( 2011, 556602, 291, 311 );
INSERT INTO populacia  VALUES( 2011, 556611, 74, 74 );
INSERT INTO populacia  VALUES( 2011, 556645, 139, 144 );
INSERT INTO populacia  VALUES( 2011, 506834, 483, 508 );
INSERT INTO populacia  VALUES( 2011, 506982, 474, 481 );
INSERT INTO populacia  VALUES( 2011, 506991, 1303, 1270 );
INSERT INTO populacia  VALUES( 2011, 507008, 488, 487 );
INSERT INTO populacia  VALUES( 2011, 507121, 1305, 1280 );
INSERT INTO populacia  VALUES( 2011, 507199, 262, 262 );
INSERT INTO populacia  VALUES( 2011, 507229, 695, 720 );
INSERT INTO populacia  VALUES( 2011, 507342, 1100, 1165 );
INSERT INTO populacia  VALUES( 2011, 507369, 258, 271 );
INSERT INTO populacia  VALUES( 2011, 507385, 582, 586 );
INSERT INTO populacia  VALUES( 2011, 507431, 254, 257 );
INSERT INTO populacia  VALUES( 2011, 507440, 13276, 14991 );
INSERT INTO populacia  VALUES( 2011, 507466, 420, 429 );
INSERT INTO populacia  VALUES( 2011, 507482, 278, 277 );
INSERT INTO populacia  VALUES( 2011, 507491, 510, 510 );
INSERT INTO populacia  VALUES( 2011, 507563, 625, 647 );
INSERT INTO populacia  VALUES( 2011, 507679, 656, 662 );
INSERT INTO populacia  VALUES( 2011, 507709, 1369, 1339 );
INSERT INTO populacia  VALUES( 2011, 507725, 580, 609 );
INSERT INTO populacia  VALUES( 2011, 507750, 2951, 3261 );
INSERT INTO populacia  VALUES( 2011, 556548, 244, 270 );
INSERT INTO populacia  VALUES( 2011, 556572, 540, 542 );
INSERT INTO populacia  VALUES( 2011, 556581, 238, 255 );
INSERT INTO populacia  VALUES( 2011, 558338, 188, 188 );
INSERT INTO populacia  VALUES( 2011, 558354, 177, 166 );
INSERT INTO populacia  VALUES( 2011, 558397, 148, 168 );
INSERT INTO populacia  VALUES( 2011, 581399, 1085, 1039 );
INSERT INTO populacia  VALUES( 2011, 504203, 9884, 10436 );
INSERT INTO populacia  VALUES( 2011, 504211, 111, 111 );
INSERT INTO populacia  VALUES( 2011, 504220, 751, 887 );
INSERT INTO populacia  VALUES( 2011, 504238, 1929, 2007 );
INSERT INTO populacia  VALUES( 2011, 504297, 560, 637 );
INSERT INTO populacia  VALUES( 2011, 504319, 648, 622 );
INSERT INTO populacia  VALUES( 2011, 504327, 299, 315 );
INSERT INTO populacia  VALUES( 2011, 504335, 639, 633 );
INSERT INTO populacia  VALUES( 2011, 504360, 450, 464 );
INSERT INTO populacia  VALUES( 2011, 504386, 339, 336 );
INSERT INTO populacia  VALUES( 2011, 504416, 1094, 1162 );
INSERT INTO populacia  VALUES( 2011, 504475, 363, 349 );
INSERT INTO populacia  VALUES( 2011, 504491, 392, 412 );
INSERT INTO populacia  VALUES( 2011, 504513, 2046, 2044 );
INSERT INTO populacia  VALUES( 2011, 504521, 540, 520 );
INSERT INTO populacia  VALUES( 2011, 504572, 1080, 1051 );
INSERT INTO populacia  VALUES( 2011, 504602, 284, 311 );
INSERT INTO populacia  VALUES( 2011, 504645, 319, 313 );
INSERT INTO populacia  VALUES( 2011, 504653, 301, 313 );
INSERT INTO populacia  VALUES( 2011, 504700, 346, 362 );
INSERT INTO populacia  VALUES( 2011, 504726, 488, 471 );
INSERT INTO populacia  VALUES( 2011, 504777, 206, 208 );
INSERT INTO populacia  VALUES( 2011, 504823, 448, 510 );
INSERT INTO populacia  VALUES( 2011, 504831, 348, 353 );
INSERT INTO populacia  VALUES( 2011, 504840, 740, 758 );
INSERT INTO populacia  VALUES( 2011, 504882, 522, 553 );
INSERT INTO populacia  VALUES( 2011, 504891, 2527, 2575 );
INSERT INTO populacia  VALUES( 2011, 504904, 834, 831 );
INSERT INTO populacia  VALUES( 2011, 556114, 852, 859 );
INSERT INTO populacia  VALUES( 2011, 556122, 149, 244 );
INSERT INTO populacia  VALUES( 2011, 556131, 230, 215 );
INSERT INTO populacia  VALUES( 2011, 504271, 1151, 1209 );
INSERT INTO populacia  VALUES( 2011, 504343, 325, 324 );
INSERT INTO populacia  VALUES( 2011, 504351, 2582, 2636 );
INSERT INTO populacia  VALUES( 2011, 504378, 5471, 5747 );
INSERT INTO populacia  VALUES( 2011, 504394, 187, 193 );
INSERT INTO populacia  VALUES( 2011, 504432, 313, 288 );
INSERT INTO populacia  VALUES( 2011, 504459, 1315, 1276 );
INSERT INTO populacia  VALUES( 2011, 504483, 78, 64 );
INSERT INTO populacia  VALUES( 2011, 504530, 265, 248 );
INSERT INTO populacia  VALUES( 2011, 504548, 160, 162 );
INSERT INTO populacia  VALUES( 2011, 504564, 330, 337 );
INSERT INTO populacia  VALUES( 2011, 504599, 176, 185 );
INSERT INTO populacia  VALUES( 2011, 504611, 558, 549 );
INSERT INTO populacia  VALUES( 2011, 504670, 447, 464 );
INSERT INTO populacia  VALUES( 2011, 504718, 245, 244 );
INSERT INTO populacia  VALUES( 2011, 504734, 297, 286 );
INSERT INTO populacia  VALUES( 2011, 504742, 890, 914 );
INSERT INTO populacia  VALUES( 2011, 504815, 7033, 7433 );
INSERT INTO populacia  VALUES( 2011, 504912, 156, 158 );
INSERT INTO populacia  VALUES( 2011, 504939, 609, 612 );
INSERT INTO populacia  VALUES( 2011, 504963, 384, 367 );
INSERT INTO populacia  VALUES( 2011, 506745, 32056, 34163 );
INSERT INTO populacia  VALUES( 2011, 506788, 338, 338 );
INSERT INTO populacia  VALUES( 2011, 506796, 576, 625 );
INSERT INTO populacia  VALUES( 2011, 506818, 1111, 1125 );
INSERT INTO populacia  VALUES( 2011, 506826, 192, 199 );
INSERT INTO populacia  VALUES( 2011, 506842, 1161, 1219 );
INSERT INTO populacia  VALUES( 2011, 506851, 1098, 1181 );
INSERT INTO populacia  VALUES( 2011, 506869, 328, 337 );
INSERT INTO populacia  VALUES( 2011, 506877, 1959, 2093 );
INSERT INTO populacia  VALUES( 2011, 506893, 907, 962 );
INSERT INTO populacia  VALUES( 2011, 506915, 400, 424 );
INSERT INTO populacia  VALUES( 2011, 506923, 1135, 1162 );
INSERT INTO populacia  VALUES( 2011, 506931, 322, 327 );
INSERT INTO populacia  VALUES( 2011, 506940, 618, 645 );
INSERT INTO populacia  VALUES( 2011, 507041, 250, 244 );
INSERT INTO populacia  VALUES( 2011, 507059, 180, 202 );
INSERT INTO populacia  VALUES( 2011, 507067, 935, 969 );
INSERT INTO populacia  VALUES( 2011, 507156, 1019, 996 );
INSERT INTO populacia  VALUES( 2011, 507164, 599, 547 );
INSERT INTO populacia  VALUES( 2011, 507211, 391, 364 );
INSERT INTO populacia  VALUES( 2011, 507296, 893, 959 );
INSERT INTO populacia  VALUES( 2011, 507318, 670, 709 );
INSERT INTO populacia  VALUES( 2011, 507351, 236, 221 );
INSERT INTO populacia  VALUES( 2011, 507512, 753, 787 );
INSERT INTO populacia  VALUES( 2011, 507555, 1651, 1723 );
INSERT INTO populacia  VALUES( 2011, 507571, 922, 1021 );
INSERT INTO populacia  VALUES( 2011, 507601, 1162, 1190 );
INSERT INTO populacia  VALUES( 2011, 507636, 1104, 1176 );
INSERT INTO populacia  VALUES( 2011, 507687, 657, 712 );
INSERT INTO populacia  VALUES( 2011, 507741, 686, 694 );
INSERT INTO populacia  VALUES( 2011, 507768, 1250, 995 );
INSERT INTO populacia  VALUES( 2011, 507776, 1220, 1300 );
INSERT INTO populacia  VALUES( 2011, 556483, 899, 934 );
INSERT INTO populacia  VALUES( 2011, 556491, 494, 466 );
INSERT INTO populacia  VALUES( 2011, 556513, 627, 636 );
INSERT INTO populacia  VALUES( 2011, 556556, 254, 271 );
INSERT INTO populacia  VALUES( 2011, 556564, 245, 210 );
INSERT INTO populacia  VALUES( 2011, 556599, 208, 233 );
INSERT INTO populacia  VALUES( 2011, 556653, 205, 221 );
INSERT INTO populacia  VALUES( 2011, 556661, 371, 381 );
INSERT INTO populacia  VALUES( 2011, 556670, 397, 410 );
INSERT INTO populacia  VALUES( 2011, 556688, 259, 268 );
INSERT INTO populacia  VALUES( 2011, 580473, 728, 732 );
INSERT INTO populacia  VALUES( 2011, 581020, 1063, 1124 );
INSERT INTO populacia  VALUES( 2011, 581488, 397, 396 );
INSERT INTO populacia  VALUES( 2011, 505056, 72, 70 );
INSERT INTO populacia  VALUES( 2011, 505072, 176, 191 );
INSERT INTO populacia  VALUES( 2011, 505102, 218, 216 );
INSERT INTO populacia  VALUES( 2011, 505153, 138, 126 );
INSERT INTO populacia  VALUES( 2011, 505200, 211, 222 );
INSERT INTO populacia  VALUES( 2011, 505277, 25, 15 );
INSERT INTO populacia  VALUES( 2011, 505331, 208, 235 );
INSERT INTO populacia  VALUES( 2011, 505358, 427, 421 );
INSERT INTO populacia  VALUES( 2011, 505382, 151, 156 );
INSERT INTO populacia  VALUES( 2011, 505412, 261, 293 );
INSERT INTO populacia  VALUES( 2011, 505447, 236, 270 );
INSERT INTO populacia  VALUES( 2011, 505455, 719, 728 );
INSERT INTO populacia  VALUES( 2011, 505471, 223, 227 );
INSERT INTO populacia  VALUES( 2011, 505480, 99, 104 );
INSERT INTO populacia  VALUES( 2011, 505544, 74, 71 );
INSERT INTO populacia  VALUES( 2011, 505552, 248, 236 );
INSERT INTO populacia  VALUES( 2011, 505579, 249, 269 );
INSERT INTO populacia  VALUES( 2011, 505595, 24, 19 );
INSERT INTO populacia  VALUES( 2011, 505625, 742, 779 );
INSERT INTO populacia  VALUES( 2011, 505633, 19, 18 );
INSERT INTO populacia  VALUES( 2011, 505684, 291, 282 );
INSERT INTO populacia  VALUES( 2011, 505692, 234, 253 );
INSERT INTO populacia  VALUES( 2011, 505765, 66, 59 );
INSERT INTO populacia  VALUES( 2011, 505790, 331, 340 );
INSERT INTO populacia  VALUES( 2011, 505811, 231, 231 );
INSERT INTO populacia  VALUES( 2011, 542652, 9486, 10017 );
INSERT INTO populacia  VALUES( 2011, 542741, 240, 269 );
INSERT INTO populacia  VALUES( 2011, 542776, 45, 47 );
INSERT INTO populacia  VALUES( 2011, 542806, 60, 71 );
INSERT INTO populacia  VALUES( 2011, 542822, 335, 323 );
INSERT INTO populacia  VALUES( 2011, 542849, 228, 242 );
INSERT INTO populacia  VALUES( 2011, 542857, 62, 52 );
INSERT INTO populacia  VALUES( 2011, 542873, 218, 207 );
INSERT INTO populacia  VALUES( 2011, 542890, 178, 175 );
INSERT INTO populacia  VALUES( 2011, 542920, 187, 221 );
INSERT INTO populacia  VALUES( 2011, 543080, 255, 279 );
INSERT INTO populacia  VALUES( 2011, 543136, 255, 251 );
INSERT INTO populacia  VALUES( 2011, 545651, 319, 323 );
INSERT INTO populacia  VALUES( 2011, 556289, 202, 201 );
INSERT INTO populacia  VALUES( 2011, 556360, 69, 78 );
INSERT INTO populacia  VALUES( 2011, 556408, 103, 100 );
INSERT INTO populacia  VALUES( 2011, 556742, 131, 116 );
INSERT INTO populacia  VALUES( 2011, 556793, 115, 120 );
INSERT INTO populacia  VALUES( 2011, 512885, 776, 769 );
INSERT INTO populacia  VALUES( 2011, 512931, 348, 363 );
INSERT INTO populacia  VALUES( 2011, 513016, 12393, 12836 );
INSERT INTO populacia  VALUES( 2011, 513024, 487, 446 );
INSERT INTO populacia  VALUES( 2011, 513091, 552, 517 );
INSERT INTO populacia  VALUES( 2011, 513156, 2654, 2764 );
INSERT INTO populacia  VALUES( 2011, 513253, 1236, 1283 );
INSERT INTO populacia  VALUES( 2011, 513296, 1275, 1342 );
INSERT INTO populacia  VALUES( 2011, 513351, 499, 543 );
INSERT INTO populacia  VALUES( 2011, 513385, 507, 503 );
INSERT INTO populacia  VALUES( 2011, 513440, 5565, 5904 );
INSERT INTO populacia  VALUES( 2011, 513598, 1107, 1078 );
INSERT INTO populacia  VALUES( 2011, 513725, 395, 385 );
INSERT INTO populacia  VALUES( 2011, 513865, 288, 294 );
INSERT INTO populacia  VALUES( 2011, 557391, 217, 215 );
INSERT INTO populacia  VALUES( 2011, 557404, 257, 265 );
INSERT INTO populacia  VALUES( 2011, 557412, 209, 217 );
INSERT INTO populacia  VALUES( 2011, 557421, 316, 532 );
INSERT INTO populacia  VALUES( 2011, 557617, 127, 128 );
INSERT INTO populacia  VALUES( 2011, 557625, 122, 124 );
INSERT INTO populacia  VALUES( 2011, 582301, 369, 382 );
INSERT INTO populacia  VALUES( 2011, 504254, 484, 451 );
INSERT INTO populacia  VALUES( 2011, 504262, 2485, 2624 );
INSERT INTO populacia  VALUES( 2011, 504289, 196, 218 );
INSERT INTO populacia  VALUES( 2011, 504408, 175, 198 );
INSERT INTO populacia  VALUES( 2011, 504424, 240, 235 );
INSERT INTO populacia  VALUES( 2011, 504467, 224, 220 );
INSERT INTO populacia  VALUES( 2011, 504581, 5929, 6338 );
INSERT INTO populacia  VALUES( 2011, 504661, 185, 195 );
INSERT INTO populacia  VALUES( 2011, 504688, 348, 363 );
INSERT INTO populacia  VALUES( 2011, 504696, 194, 177 );
INSERT INTO populacia  VALUES( 2011, 504793, 403, 391 );
INSERT INTO populacia  VALUES( 2011, 504866, 371, 372 );
INSERT INTO populacia  VALUES( 2011, 504971, 752, 793 );
INSERT INTO populacia  VALUES( 2011, 506079, 229, 229 );
INSERT INTO populacia  VALUES( 2011, 506141, 315, 309 );
INSERT INTO populacia  VALUES( 2011, 506150, 772, 810 );
INSERT INTO populacia  VALUES( 2011, 506419, 108, 127 );
INSERT INTO populacia  VALUES( 2011, 505846, 630, 723 );
INSERT INTO populacia  VALUES( 2011, 505871, 687, 710 );
INSERT INTO populacia  VALUES( 2011, 505889, 260, 299 );
INSERT INTO populacia  VALUES( 2011, 505897, 1025, 1047 );
INSERT INTO populacia  VALUES( 2011, 505901, 1969, 2041 );
INSERT INTO populacia  VALUES( 2011, 505919, 554, 605 );
INSERT INTO populacia  VALUES( 2011, 505951, 455, 525 );
INSERT INTO populacia  VALUES( 2011, 505994, 352, 353 );
INSERT INTO populacia  VALUES( 2011, 506001, 622, 677 );
INSERT INTO populacia  VALUES( 2011, 506052, 334, 327 );
INSERT INTO populacia  VALUES( 2011, 506061, 372, 362 );
INSERT INTO populacia  VALUES( 2011, 506109, 540, 506 );
INSERT INTO populacia  VALUES( 2011, 506125, 730, 727 );
INSERT INTO populacia  VALUES( 2011, 506184, 691, 715 );
INSERT INTO populacia  VALUES( 2011, 506206, 304, 318 );
INSERT INTO populacia  VALUES( 2011, 506249, 248, 274 );
INSERT INTO populacia  VALUES( 2011, 506257, 97, 109 );
INSERT INTO populacia  VALUES( 2011, 506265, 1244, 1280 );
INSERT INTO populacia  VALUES( 2011, 506303, 578, 548 );
INSERT INTO populacia  VALUES( 2011, 506311, 98, 109 );
INSERT INTO populacia  VALUES( 2011, 506338, 9871, 10489 );
INSERT INTO populacia  VALUES( 2011, 506346, 246, 225 );
INSERT INTO populacia  VALUES( 2011, 506401, 594, 605 );
INSERT INTO populacia  VALUES( 2011, 506427, 948, 1009 );
INSERT INTO populacia  VALUES( 2011, 506435, 286, 300 );
INSERT INTO populacia  VALUES( 2011, 506443, 646, 645 );
INSERT INTO populacia  VALUES( 2011, 506516, 116, 117 );
INSERT INTO populacia  VALUES( 2011, 506524, 4510, 4828 );
INSERT INTO populacia  VALUES( 2011, 506583, 450, 447 );
INSERT INTO populacia  VALUES( 2011, 506630, 393, 388 );
INSERT INTO populacia  VALUES( 2011, 506672, 87, 91 );
INSERT INTO populacia  VALUES( 2011, 556424, 35, 31 );
INSERT INTO populacia  VALUES( 2011, 556441, 347, 414 );
INSERT INTO populacia  VALUES( 2011, 556459, 267, 289 );
INSERT INTO populacia  VALUES( 2011, 505129, 258, 267 );
INSERT INTO populacia  VALUES( 2011, 505170, 317, 316 );
INSERT INTO populacia  VALUES( 2011, 505196, 325, 319 );
INSERT INTO populacia  VALUES( 2011, 505307, 423, 432 );
INSERT INTO populacia  VALUES( 2011, 505315, 11625, 12381 );
INSERT INTO populacia  VALUES( 2011, 505323, 203, 201 );
INSERT INTO populacia  VALUES( 2011, 505463, 648, 658 );
INSERT INTO populacia  VALUES( 2011, 505706, 323, 310 );
INSERT INTO populacia  VALUES( 2011, 505722, 1001, 1009 );
INSERT INTO populacia  VALUES( 2011, 505731, 450, 468 );
INSERT INTO populacia  VALUES( 2011, 505803, 840, 814 );
INSERT INTO populacia  VALUES( 2011, 542733, 2012, 2134 );
INSERT INTO populacia  VALUES( 2011, 542962, 527, 500 );
INSERT INTO populacia  VALUES( 2011, 543004, 1361, 1382 );
INSERT INTO populacia  VALUES( 2011, 543047, 827, 779 );
INSERT INTO populacia  VALUES( 2011, 543055, 436, 450 );
INSERT INTO populacia  VALUES( 2011, 556173, 52, 58 );
INSERT INTO populacia  VALUES( 2011, 556190, 122, 120 );
INSERT INTO populacia  VALUES( 2011, 556246, 248, 268 );
INSERT INTO populacia  VALUES( 2011, 556271, 80, 74 );
INSERT INTO populacia  VALUES( 2011, 556416, 265, 252 );
INSERT INTO populacia  VALUES( 2011, 580449, 416, 389 );
INSERT INTO populacia  VALUES( 2011, 580953, 349, 356 );
INSERT INTO populacia  VALUES( 2011, 512842, 20003, 21150 );
INSERT INTO populacia  VALUES( 2011, 512915, 599, 584 );
INSERT INTO populacia  VALUES( 2011, 512966, 701, 737 );
INSERT INTO populacia  VALUES( 2011, 513008, 757, 738 );
INSERT INTO populacia  VALUES( 2011, 513083, 329, 325 );
INSERT INTO populacia  VALUES( 2011, 513172, 527, 526 );
INSERT INTO populacia  VALUES( 2011, 513245, 116, 121 );
INSERT INTO populacia  VALUES( 2011, 513466, 1272, 1256 );
INSERT INTO populacia  VALUES( 2011, 513474, 779, 812 );
INSERT INTO populacia  VALUES( 2011, 513563, 699, 701 );
INSERT INTO populacia  VALUES( 2011, 513601, 980, 1002 );
INSERT INTO populacia  VALUES( 2011, 513687, 354, 352 );
INSERT INTO populacia  VALUES( 2011, 513741, 1077, 1101 );
INSERT INTO populacia  VALUES( 2011, 513784, 136, 123 );
INSERT INTO populacia  VALUES( 2011, 513822, 103, 82 );
INSERT INTO populacia  VALUES( 2011, 518913, 595, 564 );
INSERT INTO populacia  VALUES( 2011, 546640, 464, 356 );
INSERT INTO populacia  VALUES( 2011, 557480, 239, 246 );
INSERT INTO populacia  VALUES( 2011, 557510, 282, 310 );
INSERT INTO populacia  VALUES( 2011, 557552, 179, 168 );
INSERT INTO populacia  VALUES( 2011, 557561, 67, 69 );
INSERT INTO populacia  VALUES( 2011, 557579, 254, 255 );
INSERT INTO populacia  VALUES( 2011, 557595, 79, 81 );
INSERT INTO populacia  VALUES( 2011, 557609, 76, 79 );
INSERT INTO populacia  VALUES( 2011, 557633, 256, 241 );
INSERT INTO populacia  VALUES( 2011, 558222, 70, 69 );
INSERT INTO populacia  VALUES( 2011, 580856, 192, 182 );
INSERT INTO populacia  VALUES( 2011, 580864, 67, 61 );
INSERT INTO populacia  VALUES( 2011, 513881, 23842, 25024 );
INSERT INTO populacia  VALUES( 2011, 513903, 2367, 2572 );
INSERT INTO populacia  VALUES( 2011, 513911, 894, 938 );
INSERT INTO populacia  VALUES( 2011, 513920, 603, 621 );
INSERT INTO populacia  VALUES( 2011, 513938, 278, 250 );
INSERT INTO populacia  VALUES( 2011, 513946, 855, 851 );
INSERT INTO populacia  VALUES( 2011, 513954, 888, 870 );
INSERT INTO populacia  VALUES( 2011, 513962, 863, 906 );
INSERT INTO populacia  VALUES( 2011, 513971, 82, 103 );
INSERT INTO populacia  VALUES( 2011, 513989, 1312, 1283 );
INSERT INTO populacia  VALUES( 2011, 513997, 8807, 8931 );
INSERT INTO populacia  VALUES( 2011, 514004, 939, 533 );
INSERT INTO populacia  VALUES( 2011, 514012, 302, 314 );
INSERT INTO populacia  VALUES( 2011, 514021, 688, 684 );
INSERT INTO populacia  VALUES( 2011, 514039, 125, 126 );
INSERT INTO populacia  VALUES( 2011, 514063, 909, 931 );
INSERT INTO populacia  VALUES( 2011, 514071, 2034, 2092 );
INSERT INTO populacia  VALUES( 2011, 514080, 558, 538 );
INSERT INTO populacia  VALUES( 2011, 514098, 222, 237 );
INSERT INTO populacia  VALUES( 2011, 514101, 218, 240 );
INSERT INTO populacia  VALUES( 2011, 514110, 600, 577 );
INSERT INTO populacia  VALUES( 2011, 514128, 792, 826 );
INSERT INTO populacia  VALUES( 2011, 514136, 1956, 1941 );
INSERT INTO populacia  VALUES( 2011, 514144, 615, 629 );
INSERT INTO populacia  VALUES( 2011, 514179, 343, 325 );
INSERT INTO populacia  VALUES( 2011, 514187, 453, 441 );
INSERT INTO populacia  VALUES( 2011, 514209, 1051, 1060 );
INSERT INTO populacia  VALUES( 2011, 514217, 145, 160 );
INSERT INTO populacia  VALUES( 2011, 514225, 1545, 1648 );
INSERT INTO populacia  VALUES( 2011, 514233, 981, 956 );
INSERT INTO populacia  VALUES( 2011, 514241, 599, 619 );
INSERT INTO populacia  VALUES( 2011, 514250, 623, 617 );
INSERT INTO populacia  VALUES( 2011, 514268, 2110, 2173 );
INSERT INTO populacia  VALUES( 2011, 514284, 721, 745 );
INSERT INTO populacia  VALUES( 2011, 514292, 1186, 1198 );
INSERT INTO populacia  VALUES( 2011, 514306, 156, 161 );
INSERT INTO populacia  VALUES( 2011, 514314, 299, 292 );
INSERT INTO populacia  VALUES( 2011, 514322, 631, 632 );
INSERT INTO populacia  VALUES( 2011, 514331, 644, 606 );
INSERT INTO populacia  VALUES( 2011, 514349, 268, 253 );
INSERT INTO populacia  VALUES( 2011, 514357, 596, 651 );
INSERT INTO populacia  VALUES( 2011, 514365, 374, 364 );
INSERT INTO populacia  VALUES( 2011, 514373, 846, 870 );
INSERT INTO populacia  VALUES( 2011, 514381, 180, 210 );
INSERT INTO populacia  VALUES( 2011, 514390, 202, 212 );
INSERT INTO populacia  VALUES( 2011, 514403, 128, 123 );
INSERT INTO populacia  VALUES( 2011, 514411, 606, 608 );
INSERT INTO populacia  VALUES( 2011, 514420, 1118, 1108 );
INSERT INTO populacia  VALUES( 2011, 514438, 221, 235 );
INSERT INTO populacia  VALUES( 2011, 514454, 808, 869 );
INSERT INTO populacia  VALUES( 2011, 557706, 240, 248 );
INSERT INTO populacia  VALUES( 2011, 557714, 292, 303 );
INSERT INTO populacia  VALUES( 2011, 500348, 442, 438 );
INSERT INTO populacia  VALUES( 2011, 512851, 2850, 3005 );
INSERT INTO populacia  VALUES( 2011, 512940, 883, 856 );
INSERT INTO populacia  VALUES( 2011, 512958, 429, 437 );
INSERT INTO populacia  VALUES( 2011, 513121, 413, 424 );
INSERT INTO populacia  VALUES( 2011, 513300, 635, 655 );
INSERT INTO populacia  VALUES( 2011, 513318, 473, 505 );
INSERT INTO populacia  VALUES( 2011, 513326, 1989, 2046 );
INSERT INTO populacia  VALUES( 2011, 513334, 454, 458 );
INSERT INTO populacia  VALUES( 2011, 513342, 1057, 1054 );
INSERT INTO populacia  VALUES( 2011, 513377, 257, 264 );
INSERT INTO populacia  VALUES( 2011, 513407, 241, 264 );
INSERT INTO populacia  VALUES( 2011, 513610, 8828, 9385 );
INSERT INTO populacia  VALUES( 2011, 513776, 446, 451 );
INSERT INTO populacia  VALUES( 2011, 513814, 327, 356 );
INSERT INTO populacia  VALUES( 2011, 557439, 585, 648 );
INSERT INTO populacia  VALUES( 2011, 557447, 356, 347 );
INSERT INTO populacia  VALUES( 2011, 557471, 455, 465 );
INSERT INTO populacia  VALUES( 2011, 557498, 168, 182 );
INSERT INTO populacia  VALUES( 2011, 557501, 337, 332 );
INSERT INTO populacia  VALUES( 2011, 557692, 232, 237 );
INSERT INTO populacia  VALUES( 2011, 505820, 26763, 29069 );
INSERT INTO populacia  VALUES( 2011, 505838, 407, 429 );
INSERT INTO populacia  VALUES( 2011, 505854, 361, 390 );
INSERT INTO populacia  VALUES( 2011, 505935, 414, 393 );
INSERT INTO populacia  VALUES( 2011, 505943, 1495, 1488 );
INSERT INTO populacia  VALUES( 2011, 505960, 1156, 1082 );
INSERT INTO populacia  VALUES( 2011, 505978, 458, 460 );
INSERT INTO populacia  VALUES( 2011, 506010, 1702, 1713 );
INSERT INTO populacia  VALUES( 2011, 506028, 212, 227 );
INSERT INTO populacia  VALUES( 2011, 506036, 1413, 1436 );
INSERT INTO populacia  VALUES( 2011, 506044, 210, 219 );
INSERT INTO populacia  VALUES( 2011, 506087, 870, 830 );
INSERT INTO populacia  VALUES( 2011, 506095, 439, 475 );
INSERT INTO populacia  VALUES( 2011, 506133, 310, 342 );
INSERT INTO populacia  VALUES( 2011, 506168, 174, 149 );
INSERT INTO populacia  VALUES( 2011, 506231, 628, 601 );
INSERT INTO populacia  VALUES( 2011, 506273, 410, 389 );
INSERT INTO populacia  VALUES( 2011, 506281, 3099, 3170 );
INSERT INTO populacia  VALUES( 2011, 506290, 396, 387 );
INSERT INTO populacia  VALUES( 2011, 506354, 960, 1018 );
INSERT INTO populacia  VALUES( 2011, 506371, 203, 207 );
INSERT INTO populacia  VALUES( 2011, 506478, 502, 493 );
INSERT INTO populacia  VALUES( 2011, 506508, 1082, 1114 );
INSERT INTO populacia  VALUES( 2011, 506532, 792, 800 );
INSERT INTO populacia  VALUES( 2011, 506541, 161, 188 );
INSERT INTO populacia  VALUES( 2011, 506559, 2045, 2093 );
INSERT INTO populacia  VALUES( 2011, 506567, 1572, 1553 );
INSERT INTO populacia  VALUES( 2011, 506591, 617, 583 );
INSERT INTO populacia  VALUES( 2011, 506605, 378, 390 );
INSERT INTO populacia  VALUES( 2011, 506613, 1957, 2204 );
INSERT INTO populacia  VALUES( 2011, 506648, 332, 338 );
INSERT INTO populacia  VALUES( 2011, 506656, 339, 318 );
INSERT INTO populacia  VALUES( 2011, 545686, 770, 808 );
INSERT INTO populacia  VALUES( 2011, 545741, 1511, 1576 );
INSERT INTO populacia  VALUES( 2011, 546682, 549, 603 );
INSERT INTO populacia  VALUES( 2011, 556475, 424, 445 );
INSERT INTO populacia  VALUES( 2011, 581348, 85, 85 );
INSERT INTO populacia  VALUES( 2011, 501026, 16406, 18072 );
INSERT INTO populacia  VALUES( 2011, 501034, 604, 645 );
INSERT INTO populacia  VALUES( 2011, 501042, 191, 190 );
INSERT INTO populacia  VALUES( 2011, 501069, 228, 239 );
INSERT INTO populacia  VALUES( 2011, 501077, 564, 608 );
INSERT INTO populacia  VALUES( 2011, 501085, 572, 622 );
INSERT INTO populacia  VALUES( 2011, 501093, 653, 637 );
INSERT INTO populacia  VALUES( 2011, 501107, 218, 240 );
INSERT INTO populacia  VALUES( 2011, 501115, 1336, 1394 );
INSERT INTO populacia  VALUES( 2011, 501123, 883, 917 );
INSERT INTO populacia  VALUES( 2011, 501140, 3751, 3989 );
INSERT INTO populacia  VALUES( 2011, 501158, 675, 715 );
INSERT INTO populacia  VALUES( 2011, 501166, 968, 1078 );
INSERT INTO populacia  VALUES( 2011, 501174, 799, 836 );
INSERT INTO populacia  VALUES( 2011, 501182, 940, 984 );
INSERT INTO populacia  VALUES( 2011, 501191, 270, 235 );
INSERT INTO populacia  VALUES( 2011, 501204, 5311, 5372 );
INSERT INTO populacia  VALUES( 2011, 501212, 360, 387 );
INSERT INTO populacia  VALUES( 2011, 501221, 82, 75 );
INSERT INTO populacia  VALUES( 2011, 501239, 1822, 1918 );
INSERT INTO populacia  VALUES( 2011, 501247, 338, 351 );
INSERT INTO populacia  VALUES( 2011, 501255, 552, 594 );
INSERT INTO populacia  VALUES( 2011, 501263, 730, 725 );
INSERT INTO populacia  VALUES( 2011, 501271, 73, 53 );
INSERT INTO populacia  VALUES( 2011, 501280, 2505, 2555 );
INSERT INTO populacia  VALUES( 2011, 501301, 771, 763 );
INSERT INTO populacia  VALUES( 2011, 501310, 255, 249 );
INSERT INTO populacia  VALUES( 2011, 501328, 1461, 1503 );
INSERT INTO populacia  VALUES( 2011, 501336, 346, 371 );
INSERT INTO populacia  VALUES( 2011, 501344, 596, 624 );
INSERT INTO populacia  VALUES( 2011, 501352, 249, 252 );
INSERT INTO populacia  VALUES( 2011, 501361, 398, 401 );
INSERT INTO populacia  VALUES( 2011, 501379, 379, 323 );
INSERT INTO populacia  VALUES( 2011, 501387, 487, 492 );
INSERT INTO populacia  VALUES( 2011, 501395, 1682, 1745 );
INSERT INTO populacia  VALUES( 2011, 501409, 271, 285 );
INSERT INTO populacia  VALUES( 2011, 501417, 1233, 1211 );
INSERT INTO populacia  VALUES( 2011, 501425, 1208, 1213 );
INSERT INTO populacia  VALUES( 2011, 555819, 93, 108 );
INSERT INTO populacia  VALUES( 2011, 555827, 138, 151 );
INSERT INTO populacia  VALUES( 2011, 580911, 242, 234 );
INSERT INTO populacia  VALUES( 2011, 502031, 16553, 18096 );
INSERT INTO populacia  VALUES( 2011, 502049, 171, 161 );
INSERT INTO populacia  VALUES( 2011, 502057, 528, 547 );
INSERT INTO populacia  VALUES( 2011, 502065, 317, 326 );
INSERT INTO populacia  VALUES( 2011, 502073, 106, 125 );
INSERT INTO populacia  VALUES( 2011, 502090, 143, 172 );
INSERT INTO populacia  VALUES( 2011, 502103, 145, 169 );
INSERT INTO populacia  VALUES( 2011, 502111, 502, 516 );
INSERT INTO populacia  VALUES( 2011, 502120, 371, 415 );
INSERT INTO populacia  VALUES( 2011, 502154, 498, 523 );
INSERT INTO populacia  VALUES( 2011, 502162, 198, 198 );
INSERT INTO populacia  VALUES( 2011, 502171, 218, 210 );
INSERT INTO populacia  VALUES( 2011, 502189, 260, 281 );
INSERT INTO populacia  VALUES( 2011, 502197, 454, 504 );
INSERT INTO populacia  VALUES( 2011, 502201, 119, 121 );
INSERT INTO populacia  VALUES( 2011, 502219, 191, 194 );
INSERT INTO populacia  VALUES( 2011, 502227, 625, 674 );
INSERT INTO populacia  VALUES( 2011, 502243, 255, 274 );
INSERT INTO populacia  VALUES( 2011, 502251, 266, 293 );
INSERT INTO populacia  VALUES( 2011, 502260, 238, 284 );
INSERT INTO populacia  VALUES( 2011, 502278, 286, 326 );
INSERT INTO populacia  VALUES( 2011, 502286, 287, 310 );
INSERT INTO populacia  VALUES( 2011, 502294, 134, 147 );
INSERT INTO populacia  VALUES( 2011, 502324, 738, 742 );
INSERT INTO populacia  VALUES( 2011, 502332, 708, 754 );
INSERT INTO populacia  VALUES( 2011, 502341, 319, 346 );
INSERT INTO populacia  VALUES( 2011, 502359, 104, 102 );
INSERT INTO populacia  VALUES( 2011, 502367, 140, 159 );
INSERT INTO populacia  VALUES( 2011, 502375, 413, 446 );
INSERT INTO populacia  VALUES( 2011, 502383, 97, 102 );
INSERT INTO populacia  VALUES( 2011, 502391, 448, 468 );
INSERT INTO populacia  VALUES( 2011, 502413, 981, 1062 );
INSERT INTO populacia  VALUES( 2011, 502421, 964, 1034 );
INSERT INTO populacia  VALUES( 2011, 502430, 423, 353 );
INSERT INTO populacia  VALUES( 2011, 502448, 142, 149 );
INSERT INTO populacia  VALUES( 2011, 502456, 297, 331 );
INSERT INTO populacia  VALUES( 2011, 502464, 262, 270 );
INSERT INTO populacia  VALUES( 2011, 502472, 296, 367 );
INSERT INTO populacia  VALUES( 2011, 502481, 492, 520 );
INSERT INTO populacia  VALUES( 2011, 502499, 367, 338 );
INSERT INTO populacia  VALUES( 2011, 502502, 83, 96 );
INSERT INTO populacia  VALUES( 2011, 502511, 242, 251 );
INSERT INTO populacia  VALUES( 2011, 502537, 86, 95 );
INSERT INTO populacia  VALUES( 2011, 502570, 491, 503 );
INSERT INTO populacia  VALUES( 2011, 502588, 735, 814 );
INSERT INTO populacia  VALUES( 2011, 502596, 406, 418 );
INSERT INTO populacia  VALUES( 2011, 502600, 279, 286 );
INSERT INTO populacia  VALUES( 2011, 502618, 241, 225 );
INSERT INTO populacia  VALUES( 2011, 502626, 265, 265 );
INSERT INTO populacia  VALUES( 2011, 502634, 64, 64 );
INSERT INTO populacia  VALUES( 2011, 502642, 759, 872 );
INSERT INTO populacia  VALUES( 2011, 502651, 435, 430 );
INSERT INTO populacia  VALUES( 2011, 502669, 384, 374 );
INSERT INTO populacia  VALUES( 2011, 502677, 626, 652 );
INSERT INTO populacia  VALUES( 2011, 502693, 964, 1020 );
INSERT INTO populacia  VALUES( 2011, 502707, 681, 732 );
INSERT INTO populacia  VALUES( 2011, 502715, 363, 405 );
INSERT INTO populacia  VALUES( 2011, 502723, 240, 248 );
INSERT INTO populacia  VALUES( 2011, 502731, 326, 327 );
INSERT INTO populacia  VALUES( 2011, 502740, 174, 167 );
INSERT INTO populacia  VALUES( 2011, 502758, 91, 101 );
INSERT INTO populacia  VALUES( 2011, 502766, 711, 723 );
INSERT INTO populacia  VALUES( 2011, 502782, 3602, 4005 );
INSERT INTO populacia  VALUES( 2011, 502791, 190, 192 );
INSERT INTO populacia  VALUES( 2011, 502804, 819, 839 );
INSERT INTO populacia  VALUES( 2011, 502812, 270, 261 );
INSERT INTO populacia  VALUES( 2011, 502821, 1443, 1470 );
INSERT INTO populacia  VALUES( 2011, 502847, 160, 183 );
INSERT INTO populacia  VALUES( 2011, 502863, 1848, 1965 );
INSERT INTO populacia  VALUES( 2011, 502871, 285, 305 );
INSERT INTO populacia  VALUES( 2011, 502880, 115, 114 );
INSERT INTO populacia  VALUES( 2011, 502898, 103, 90 );
INSERT INTO populacia  VALUES( 2011, 502910, 749, 807 );
INSERT INTO populacia  VALUES( 2011, 502928, 380, 372 );
INSERT INTO populacia  VALUES( 2011, 502936, 578, 661 );
INSERT INTO populacia  VALUES( 2011, 502944, 343, 332 );
INSERT INTO populacia  VALUES( 2011, 502952, 82, 101 );
INSERT INTO populacia  VALUES( 2011, 502961, 102, 87 );
INSERT INTO populacia  VALUES( 2011, 502979, 245, 256 );
INSERT INTO populacia  VALUES( 2011, 502987, 3405, 3761 );
INSERT INTO populacia  VALUES( 2011, 502995, 611, 654 );
INSERT INTO populacia  VALUES( 2011, 503002, 75, 89 );
INSERT INTO populacia  VALUES( 2011, 545350, 155, 173 );
INSERT INTO populacia  VALUES( 2011, 555843, 516, 555 );
INSERT INTO populacia  VALUES( 2011, 556777, 21, 24 );
INSERT INTO populacia  VALUES( 2011, 580937, 59, 75 );
INSERT INTO populacia  VALUES( 2011, 581135, 180, 209 );
INSERT INTO populacia  VALUES( 2011, 581160, 338, 362 );
INSERT INTO populacia  VALUES( 2011, 581895, 140, 152 );
INSERT INTO populacia  VALUES( 2011, 500011, 37630, 41245 );
INSERT INTO populacia  VALUES( 2011, 500020, 805, 862 );
INSERT INTO populacia  VALUES( 2011, 500046, 520, 517 );
INSERT INTO populacia  VALUES( 2011, 500071, 1070, 1118 );
INSERT INTO populacia  VALUES( 2011, 500101, 546, 565 );
INSERT INTO populacia  VALUES( 2011, 500135, 452, 466 );
INSERT INTO populacia  VALUES( 2011, 500160, 302, 295 );
INSERT INTO populacia  VALUES( 2011, 500194, 584, 606 );
INSERT INTO populacia  VALUES( 2011, 500232, 692, 730 );
INSERT INTO populacia  VALUES( 2011, 500313, 238, 270 );
INSERT INTO populacia  VALUES( 2011, 500356, 920, 971 );
INSERT INTO populacia  VALUES( 2011, 500372, 1004, 1033 );
INSERT INTO populacia  VALUES( 2011, 500381, 491, 498 );
INSERT INTO populacia  VALUES( 2011, 500399, 102, 92 );
INSERT INTO populacia  VALUES( 2011, 500402, 618, 615 );
INSERT INTO populacia  VALUES( 2011, 500411, 768, 809 );
INSERT INTO populacia  VALUES( 2011, 500453, 1036, 1063 );
INSERT INTO populacia  VALUES( 2011, 500470, 427, 465 );
INSERT INTO populacia  VALUES( 2011, 500488, 537, 571 );
INSERT INTO populacia  VALUES( 2011, 500518, 146, 160 );
INSERT INTO populacia  VALUES( 2011, 500534, 127, 142 );
INSERT INTO populacia  VALUES( 2011, 500569, 220, 233 );
INSERT INTO populacia  VALUES( 2011, 500577, 1400, 1454 );
INSERT INTO populacia  VALUES( 2011, 500631, 644, 689 );
INSERT INTO populacia  VALUES( 2011, 500640, 627, 661 );
INSERT INTO populacia  VALUES( 2011, 500666, 160, 192 );
INSERT INTO populacia  VALUES( 2011, 500674, 540, 536 );
INSERT INTO populacia  VALUES( 2011, 500682, 524, 552 );
INSERT INTO populacia  VALUES( 2011, 500691, 302, 326 );
INSERT INTO populacia  VALUES( 2011, 500704, 999, 1086 );
INSERT INTO populacia  VALUES( 2011, 500712, 391, 422 );
INSERT INTO populacia  VALUES( 2011, 500780, 290, 313 );
INSERT INTO populacia  VALUES( 2011, 500798, 130, 143 );
INSERT INTO populacia  VALUES( 2011, 500844, 343, 310 );
INSERT INTO populacia  VALUES( 2011, 500887, 1967, 2113 );
INSERT INTO populacia  VALUES( 2011, 500895, 769, 840 );
INSERT INTO populacia  VALUES( 2011, 500917, 937, 988 );
INSERT INTO populacia  VALUES( 2011, 500933, 4369, 4614 );
INSERT INTO populacia  VALUES( 2011, 500941, 1053, 1100 );
INSERT INTO populacia  VALUES( 2011, 500950, 1082, 1156 );
INSERT INTO populacia  VALUES( 2011, 500992, 647, 702 );
INSERT INTO populacia  VALUES( 2011, 501018, 188, 185 );
INSERT INTO populacia  VALUES( 2011, 545589, 1904, 1979 );
INSERT INTO populacia  VALUES( 2011, 545635, 427, 486 );
INSERT INTO populacia  VALUES( 2011, 555851, 267, 296 );
INSERT INTO populacia  VALUES( 2011, 555860, 562, 565 );
INSERT INTO populacia  VALUES( 2011, 555886, 509, 544 );
INSERT INTO populacia  VALUES( 2011, 555908, 188, 200 );
INSERT INTO populacia  VALUES( 2011, 555959, 183, 179 );
INSERT INTO populacia  VALUES( 2011, 555967, 190, 191 );
INSERT INTO populacia  VALUES( 2011, 555991, 635, 689 );
INSERT INTO populacia  VALUES( 2011, 556696, 938, 991 );
INSERT INTO populacia  VALUES( 2011, 556785, 199, 182 );
INSERT INTO populacia  VALUES( 2011, 558320, 1152, 1280 );
INSERT INTO populacia  VALUES( 2011, 580899, 1353, 1424 );
INSERT INTO populacia  VALUES( 2011, 581097, 109, 147 );
INSERT INTO populacia  VALUES( 2011, 581623, 358, 334 );
INSERT INTO populacia  VALUES( 2011, 581691, 157, 153 );
INSERT INTO populacia  VALUES( 2011, 582387, 375, 408 );
INSERT INTO populacia  VALUES( 2011, 582425, 272, 257 );
INSERT INTO populacia  VALUES( 2011, 582697, 162, 156 );
INSERT INTO populacia  VALUES( 2011, 582719, 363, 353 );
INSERT INTO populacia  VALUES( 2011, 503011, 18823, 20762 );
INSERT INTO populacia  VALUES( 2011, 503029, 665, 704 );
INSERT INTO populacia  VALUES( 2011, 503037, 197, 211 );
INSERT INTO populacia  VALUES( 2011, 503045, 1822, 1887 );
INSERT INTO populacia  VALUES( 2011, 503053, 435, 339 );
INSERT INTO populacia  VALUES( 2011, 503061, 179, 196 );
INSERT INTO populacia  VALUES( 2011, 503070, 806, 876 );
INSERT INTO populacia  VALUES( 2011, 503088, 704, 778 );
INSERT INTO populacia  VALUES( 2011, 503096, 289, 294 );
INSERT INTO populacia  VALUES( 2011, 503100, 301, 322 );
INSERT INTO populacia  VALUES( 2011, 503118, 139, 171 );
INSERT INTO populacia  VALUES( 2011, 503126, 499, 520 );
INSERT INTO populacia  VALUES( 2011, 503134, 370, 395 );
INSERT INTO populacia  VALUES( 2011, 503151, 785, 818 );
INSERT INTO populacia  VALUES( 2011, 503169, 843, 855 );
INSERT INTO populacia  VALUES( 2011, 503177, 2526, 2617 );
INSERT INTO populacia  VALUES( 2011, 503185, 1087, 1146 );
INSERT INTO populacia  VALUES( 2011, 503193, 584, 629 );
INSERT INTO populacia  VALUES( 2011, 503207, 351, 349 );
INSERT INTO populacia  VALUES( 2011, 503215, 563, 647 );
INSERT INTO populacia  VALUES( 2011, 503223, 383, 393 );
INSERT INTO populacia  VALUES( 2011, 503231, 609, 763 );
INSERT INTO populacia  VALUES( 2011, 503240, 728, 776 );
INSERT INTO populacia  VALUES( 2011, 503258, 509, 545 );
INSERT INTO populacia  VALUES( 2011, 503266, 458, 452 );
INSERT INTO populacia  VALUES( 2011, 503274, 717, 685 );
INSERT INTO populacia  VALUES( 2011, 503282, 2088, 2198 );
INSERT INTO populacia  VALUES( 2011, 503291, 428, 489 );
INSERT INTO populacia  VALUES( 2011, 503312, 170, 194 );
INSERT INTO populacia  VALUES( 2011, 503321, 805, 760 );
INSERT INTO populacia  VALUES( 2011, 503339, 224, 232 );
INSERT INTO populacia  VALUES( 2011, 503347, 181, 211 );
INSERT INTO populacia  VALUES( 2011, 503355, 199, 187 );
INSERT INTO populacia  VALUES( 2011, 503363, 940, 1163 );
INSERT INTO populacia  VALUES( 2011, 503371, 322, 349 );
INSERT INTO populacia  VALUES( 2011, 503380, 1511, 1526 );
INSERT INTO populacia  VALUES( 2011, 503398, 660, 684 );
INSERT INTO populacia  VALUES( 2011, 503401, 947, 972 );
INSERT INTO populacia  VALUES( 2011, 503436, 359, 377 );
INSERT INTO populacia  VALUES( 2011, 503452, 2140, 2192 );
INSERT INTO populacia  VALUES( 2011, 503479, 518, 547 );
INSERT INTO populacia  VALUES( 2011, 503487, 245, 258 );
INSERT INTO populacia  VALUES( 2011, 503495, 391, 402 );
INSERT INTO populacia  VALUES( 2011, 503509, 432, 463 );
INSERT INTO populacia  VALUES( 2011, 503517, 464, 498 );
INSERT INTO populacia  VALUES( 2011, 503525, 510, 537 );
INSERT INTO populacia  VALUES( 2011, 503533, 702, 745 );
INSERT INTO populacia  VALUES( 2011, 503541, 204, 238 );
INSERT INTO populacia  VALUES( 2011, 503550, 986, 1085 );
INSERT INTO populacia  VALUES( 2011, 503568, 1238, 1336 );
INSERT INTO populacia  VALUES( 2011, 503576, 168, 200 );
INSERT INTO populacia  VALUES( 2011, 503584, 5271, 5580 );
INSERT INTO populacia  VALUES( 2011, 503592, 4937, 5218 );
INSERT INTO populacia  VALUES( 2011, 503606, 535, 586 );
INSERT INTO populacia  VALUES( 2011, 503614, 2540, 2640 );
INSERT INTO populacia  VALUES( 2011, 503631, 960, 987 );
INSERT INTO populacia  VALUES( 2011, 503649, 1137, 1150 );
INSERT INTO populacia  VALUES( 2011, 556025, 165, 171 );
INSERT INTO populacia  VALUES( 2011, 556033, 116, 133 );
INSERT INTO populacia  VALUES( 2011, 556050, 748, 799 );
INSERT INTO populacia  VALUES( 2011, 556092, 571, 613 );
INSERT INTO populacia  VALUES( 2011, 582361, 580, 598 );
INSERT INTO populacia  VALUES( 2011, 500241, 611, 696 );
INSERT INTO populacia  VALUES( 2011, 500739, 2138, 2173 );
INSERT INTO populacia  VALUES( 2011, 503711, 1081, 1129 );
INSERT INTO populacia  VALUES( 2011, 503720, 425, 447 );
INSERT INTO populacia  VALUES( 2011, 503886, 816, 885 );
INSERT INTO populacia  VALUES( 2011, 503932, 1629, 1669 );
INSERT INTO populacia  VALUES( 2011, 503991, 1415, 1455 );
INSERT INTO populacia  VALUES( 2011, 504025, 11376, 12064 );
INSERT INTO populacia  VALUES( 2011, 504068, 1814, 1910 );
INSERT INTO populacia  VALUES( 2011, 504092, 1324, 1329 );
INSERT INTO populacia  VALUES( 2011, 504165, 1614, 1716 );
INSERT INTO populacia  VALUES( 2011, 504190, 796, 855 );
INSERT INTO populacia  VALUES( 2011, 555878, 954, 937 );
INSERT INTO populacia  VALUES( 2011, 504998, 13076, 14048 );
INSERT INTO populacia  VALUES( 2011, 505021, 153, 172 );
INSERT INTO populacia  VALUES( 2011, 505048, 931, 920 );
INSERT INTO populacia  VALUES( 2011, 505064, 103, 94 );
INSERT INTO populacia  VALUES( 2011, 505137, 267, 286 );
INSERT INTO populacia  VALUES( 2011, 505226, 146, 160 );
INSERT INTO populacia  VALUES( 2011, 505234, 593, 590 );
INSERT INTO populacia  VALUES( 2011, 505242, 365, 376 );
INSERT INTO populacia  VALUES( 2011, 505251, 167, 157 );
INSERT INTO populacia  VALUES( 2011, 505285, 434, 435 );
INSERT INTO populacia  VALUES( 2011, 505340, 144, 158 );
INSERT INTO populacia  VALUES( 2011, 505374, 1016, 1011 );
INSERT INTO populacia  VALUES( 2011, 505404, 746, 734 );
INSERT INTO populacia  VALUES( 2011, 505421, 998, 1019 );
INSERT INTO populacia  VALUES( 2011, 505439, 268, 282 );
INSERT INTO populacia  VALUES( 2011, 505498, 1246, 1222 );
INSERT INTO populacia  VALUES( 2011, 505510, 231, 256 );
INSERT INTO populacia  VALUES( 2011, 505536, 250, 252 );
INSERT INTO populacia  VALUES( 2011, 505561, 367, 356 );
INSERT INTO populacia  VALUES( 2011, 505617, 244, 229 );
INSERT INTO populacia  VALUES( 2011, 505641, 657, 756 );
INSERT INTO populacia  VALUES( 2011, 505676, 361, 341 );
INSERT INTO populacia  VALUES( 2011, 505714, 1024, 1060 );
INSERT INTO populacia  VALUES( 2011, 505749, 249, 260 );
INSERT INTO populacia  VALUES( 2011, 505757, 159, 162 );
INSERT INTO populacia  VALUES( 2011, 505773, 301, 289 );
INSERT INTO populacia  VALUES( 2011, 542661, 150, 163 );
INSERT INTO populacia  VALUES( 2011, 542695, 115, 108 );
INSERT INTO populacia  VALUES( 2011, 542709, 169, 166 );
INSERT INTO populacia  VALUES( 2011, 542717, 1001, 1009 );
INSERT INTO populacia  VALUES( 2011, 542792, 186, 200 );
INSERT INTO populacia  VALUES( 2011, 542881, 142, 188 );
INSERT INTO populacia  VALUES( 2011, 542938, 796, 746 );
INSERT INTO populacia  VALUES( 2011, 542954, 226, 261 );
INSERT INTO populacia  VALUES( 2011, 542971, 524, 579 );
INSERT INTO populacia  VALUES( 2011, 543039, 286, 314 );
INSERT INTO populacia  VALUES( 2011, 543063, 309, 333 );
INSERT INTO populacia  VALUES( 2011, 543071, 849, 738 );
INSERT INTO populacia  VALUES( 2011, 543101, 651, 692 );
INSERT INTO populacia  VALUES( 2011, 543110, 163, 140 );
INSERT INTO populacia  VALUES( 2011, 556149, 856, 878 );
INSERT INTO populacia  VALUES( 2011, 556157, 872, 896 );
INSERT INTO populacia  VALUES( 2011, 556165, 370, 386 );
INSERT INTO populacia  VALUES( 2011, 556211, 162, 164 );
INSERT INTO populacia  VALUES( 2011, 556220, 112, 113 );
INSERT INTO populacia  VALUES( 2011, 556238, 101, 108 );
INSERT INTO populacia  VALUES( 2011, 556262, 394, 368 );
INSERT INTO populacia  VALUES( 2011, 556297, 231, 213 );
INSERT INTO populacia  VALUES( 2011, 556327, 136, 132 );
INSERT INTO populacia  VALUES( 2011, 556351, 182, 176 );
INSERT INTO populacia  VALUES( 2011, 580457, 692, 735 );
INSERT INTO populacia  VALUES( 2011, 581305, 480, 502 );
INSERT INTO populacia  VALUES( 2011, 581658, 481, 495 );
INSERT INTO populacia  VALUES( 2011, 581704, 336, 335 );
INSERT INTO populacia  VALUES( 2011, 500062, 783, 800 );
INSERT INTO populacia  VALUES( 2011, 500127, 249, 262 );
INSERT INTO populacia  VALUES( 2011, 500151, 540, 547 );
INSERT INTO populacia  VALUES( 2011, 500283, 582, 604 );
INSERT INTO populacia  VALUES( 2011, 500305, 382, 380 );
INSERT INTO populacia  VALUES( 2011, 500321, 248, 258 );
INSERT INTO populacia  VALUES( 2011, 500364, 440, 490 );
INSERT INTO populacia  VALUES( 2011, 500429, 176, 197 );
INSERT INTO populacia  VALUES( 2011, 500437, 362, 380 );
INSERT INTO populacia  VALUES( 2011, 500461, 341, 337 );
INSERT INTO populacia  VALUES( 2011, 500500, 480, 560 );
INSERT INTO populacia  VALUES( 2011, 500542, 259, 272 );
INSERT INTO populacia  VALUES( 2011, 500551, 261, 256 );
INSERT INTO populacia  VALUES( 2011, 500585, 340, 355 );
INSERT INTO populacia  VALUES( 2011, 500593, 327, 345 );
INSERT INTO populacia  VALUES( 2011, 500607, 302, 293 );
INSERT INTO populacia  VALUES( 2011, 500658, 733, 774 );
INSERT INTO populacia  VALUES( 2011, 500721, 500, 533 );
INSERT INTO populacia  VALUES( 2011, 500747, 831, 862 );
INSERT INTO populacia  VALUES( 2011, 500755, 375, 455 );
INSERT INTO populacia  VALUES( 2011, 500810, 843, 840 );
INSERT INTO populacia  VALUES( 2011, 500828, 1351, 1415 );
INSERT INTO populacia  VALUES( 2011, 500836, 375, 447 );
INSERT INTO populacia  VALUES( 2011, 500909, 234, 233 );
INSERT INTO populacia  VALUES( 2011, 500925, 491, 503 );
INSERT INTO populacia  VALUES( 2011, 500968, 5949, 6337 );
INSERT INTO populacia  VALUES( 2011, 500976, 107, 117 );
INSERT INTO populacia  VALUES( 2011, 500984, 253, 256 );
INSERT INTO populacia  VALUES( 2011, 517305, 530, 530 );
INSERT INTO populacia  VALUES( 2011, 555916, 199, 221 );
INSERT INTO populacia  VALUES( 2011, 555924, 157, 134 );
INSERT INTO populacia  VALUES( 2011, 555932, 239, 253 );
INSERT INTO populacia  VALUES( 2011, 582816, 917, 956 );
INSERT INTO populacia  VALUES( 2011, 517461, 5527, 5786 );
INSERT INTO populacia  VALUES( 2011, 517623, 573, 608 );
INSERT INTO populacia  VALUES( 2011, 517631, 461, 403 );
INSERT INTO populacia  VALUES( 2011, 517674, 946, 868 );
INSERT INTO populacia  VALUES( 2011, 517691, 946, 958 );
INSERT INTO populacia  VALUES( 2011, 517798, 406, 420 );
INSERT INTO populacia  VALUES( 2011, 517861, 747, 780 );
INSERT INTO populacia  VALUES( 2011, 517895, 669, 700 );
INSERT INTO populacia  VALUES( 2011, 517992, 441, 491 );
INSERT INTO populacia  VALUES( 2011, 518018, 2004, 2065 );
INSERT INTO populacia  VALUES( 2011, 518085, 1927, 1964 );
INSERT INTO populacia  VALUES( 2011, 581984, 439, 496 );
INSERT INTO populacia  VALUES( 2011, 509132, 12283, 12638 );
INSERT INTO populacia  VALUES( 2011, 509159, 2201, 2189 );
INSERT INTO populacia  VALUES( 2011, 509167, 316, 312 );
INSERT INTO populacia  VALUES( 2011, 509183, 549, 600 );
INSERT INTO populacia  VALUES( 2011, 509213, 1169, 1196 );
INSERT INTO populacia  VALUES( 2011, 509221, 271, 275 );
INSERT INTO populacia  VALUES( 2011, 509230, 1098, 1042 );
INSERT INTO populacia  VALUES( 2011, 509248, 3436, 3469 );
INSERT INTO populacia  VALUES( 2011, 509299, 902, 911 );
INSERT INTO populacia  VALUES( 2011, 509311, 1456, 1372 );
INSERT INTO populacia  VALUES( 2011, 509337, 1000, 952 );
INSERT INTO populacia  VALUES( 2011, 509345, 2805, 2817 );
INSERT INTO populacia  VALUES( 2011, 509361, 644, 666 );
INSERT INTO populacia  VALUES( 2011, 509396, 414, 426 );
INSERT INTO populacia  VALUES( 2011, 509400, 2671, 2690 );
INSERT INTO populacia  VALUES( 2011, 509451, 2566, 2673 );
INSERT INTO populacia  VALUES( 2011, 509477, 1372, 1345 );
INSERT INTO populacia  VALUES( 2011, 509485, 1429, 1342 );
INSERT INTO populacia  VALUES( 2011, 509493, 1821, 1756 );
INSERT INTO populacia  VALUES( 2011, 509507, 3859, 3913 );
INSERT INTO populacia  VALUES( 2011, 509515, 1351, 1395 );
INSERT INTO populacia  VALUES( 2011, 509523, 898, 910 );
INSERT INTO populacia  VALUES( 2011, 509531, 1103, 1127 );
INSERT INTO populacia  VALUES( 2011, 509540, 9533, 10021 );
INSERT INTO populacia  VALUES( 2011, 509639, 699, 676 );
INSERT INTO populacia  VALUES( 2011, 509671, 262, 283 );
INSERT INTO populacia  VALUES( 2011, 509698, 813, 783 );
INSERT INTO populacia  VALUES( 2011, 509701, 663, 693 );
INSERT INTO populacia  VALUES( 2011, 509710, 213, 189 );
INSERT INTO populacia  VALUES( 2011, 509744, 226, 228 );
INSERT INTO populacia  VALUES( 2011, 509761, 413, 389 );
INSERT INTO populacia  VALUES( 2011, 509787, 134, 123 );
INSERT INTO populacia  VALUES( 2011, 509825, 392, 444 );
INSERT INTO populacia  VALUES( 2011, 509833, 251, 227 );
INSERT INTO populacia  VALUES( 2011, 509922, 511, 519 );
INSERT INTO populacia  VALUES( 2011, 509957, 651, 666 );
INSERT INTO populacia  VALUES( 2011, 509965, 72, 65 );
INSERT INTO populacia  VALUES( 2011, 509973, 393, 423 );
INSERT INTO populacia  VALUES( 2011, 509990, 84, 92 );
INSERT INTO populacia  VALUES( 2011, 510009, 232, 221 );
INSERT INTO populacia  VALUES( 2011, 510017, 386, 383 );
INSERT INTO populacia  VALUES( 2011, 510041, 262, 254 );
INSERT INTO populacia  VALUES( 2011, 510165, 525, 522 );
INSERT INTO populacia  VALUES( 2011, 510181, 336, 326 );
INSERT INTO populacia  VALUES( 2011, 510211, 1346, 1374 );
INSERT INTO populacia  VALUES( 2011, 510254, 830, 803 );
INSERT INTO populacia  VALUES( 2011, 580813, 285, 271 );
INSERT INTO populacia  VALUES( 2011, 509175, 242, 226 );
INSERT INTO populacia  VALUES( 2011, 509205, 818, 785 );
INSERT INTO populacia  VALUES( 2011, 509256, 7652, 8000 );
INSERT INTO populacia  VALUES( 2011, 509264, 1161, 1177 );
INSERT INTO populacia  VALUES( 2011, 509272, 499, 494 );
INSERT INTO populacia  VALUES( 2011, 509281, 234, 228 );
INSERT INTO populacia  VALUES( 2011, 509302, 1607, 1574 );
INSERT INTO populacia  VALUES( 2011, 509329, 953, 994 );
INSERT INTO populacia  VALUES( 2011, 509370, 553, 600 );
INSERT INTO populacia  VALUES( 2011, 509426, 867, 844 );
INSERT INTO populacia  VALUES( 2011, 509434, 172, 214 );
INSERT INTO populacia  VALUES( 2011, 509442, 495, 476 );
INSERT INTO populacia  VALUES( 2011, 509469, 493, 509 );
INSERT INTO populacia  VALUES( 2011, 580791, 703, 746 );
INSERT INTO populacia  VALUES( 2011, 507393, 113, 103 );
INSERT INTO populacia  VALUES( 2011, 510262, 15288, 16640 );
INSERT INTO populacia  VALUES( 2011, 510271, 247, 213 );
INSERT INTO populacia  VALUES( 2011, 510319, 89, 86 );
INSERT INTO populacia  VALUES( 2011, 510327, 881, 911 );
INSERT INTO populacia  VALUES( 2011, 510335, 61, 70 );
INSERT INTO populacia  VALUES( 2011, 510351, 59, 59 );
INSERT INTO populacia  VALUES( 2011, 510386, 161, 117 );
INSERT INTO populacia  VALUES( 2011, 510408, 579, 656 );
INSERT INTO populacia  VALUES( 2011, 510416, 128, 144 );
INSERT INTO populacia  VALUES( 2011, 510424, 210, 213 );
INSERT INTO populacia  VALUES( 2011, 510459, 91, 91 );
INSERT INTO populacia  VALUES( 2011, 510467, 749, 760 );
INSERT INTO populacia  VALUES( 2011, 510505, 194, 196 );
INSERT INTO populacia  VALUES( 2011, 510513, 146, 164 );
INSERT INTO populacia  VALUES( 2011, 510521, 224, 245 );
INSERT INTO populacia  VALUES( 2011, 510564, 294, 309 );
INSERT INTO populacia  VALUES( 2011, 510572, 271, 285 );
INSERT INTO populacia  VALUES( 2011, 510581, 210, 197 );
INSERT INTO populacia  VALUES( 2011, 510602, 50, 43 );
INSERT INTO populacia  VALUES( 2011, 510611, 463, 503 );
INSERT INTO populacia  VALUES( 2011, 510653, 294, 310 );
INSERT INTO populacia  VALUES( 2011, 510688, 34, 30 );
INSERT INTO populacia  VALUES( 2011, 510696, 176, 175 );
INSERT INTO populacia  VALUES( 2011, 510700, 145, 153 );
INSERT INTO populacia  VALUES( 2011, 510726, 3597, 3958 );
INSERT INTO populacia  VALUES( 2011, 510734, 467, 509 );
INSERT INTO populacia  VALUES( 2011, 510751, 299, 313 );
INSERT INTO populacia  VALUES( 2011, 510777, 268, 300 );
INSERT INTO populacia  VALUES( 2011, 510793, 547, 582 );
INSERT INTO populacia  VALUES( 2011, 510831, 99, 105 );
INSERT INTO populacia  VALUES( 2011, 510840, 78, 89 );
INSERT INTO populacia  VALUES( 2011, 510858, 126, 141 );
INSERT INTO populacia  VALUES( 2011, 510874, 78, 80 );
INSERT INTO populacia  VALUES( 2011, 510904, 619, 606 );
INSERT INTO populacia  VALUES( 2011, 510912, 155, 195 );
INSERT INTO populacia  VALUES( 2011, 510921, 125, 129 );
INSERT INTO populacia  VALUES( 2011, 510947, 467, 519 );
INSERT INTO populacia  VALUES( 2011, 510963, 673, 703 );
INSERT INTO populacia  VALUES( 2011, 510971, 86, 110 );
INSERT INTO populacia  VALUES( 2011, 511013, 333, 291 );
INSERT INTO populacia  VALUES( 2011, 511048, 411, 389 );
INSERT INTO populacia  VALUES( 2011, 511072, 103, 128 );
INSERT INTO populacia  VALUES( 2011, 511099, 222, 240 );
INSERT INTO populacia  VALUES( 2011, 511111, 327, 335 );
INSERT INTO populacia  VALUES( 2011, 511129, 1185, 1189 );
INSERT INTO populacia  VALUES( 2011, 511137, 30, 31 );
INSERT INTO populacia  VALUES( 2011, 511145, 180, 193 );
INSERT INTO populacia  VALUES( 2011, 511153, 307, 290 );
INSERT INTO populacia  VALUES( 2011, 511170, 1076, 1125 );
INSERT INTO populacia  VALUES( 2011, 511188, 48, 53 );
INSERT INTO populacia  VALUES( 2011, 511196, 609, 622 );
INSERT INTO populacia  VALUES( 2011, 511200, 216, 217 );
INSERT INTO populacia  VALUES( 2011, 556807, 47, 41 );
INSERT INTO populacia  VALUES( 2011, 558281, 560, 591 );
INSERT INTO populacia  VALUES( 2011, 580287, 665, 711 );
INSERT INTO populacia  VALUES( 2011, 512036, 27528, 29772 );
INSERT INTO populacia  VALUES( 2011, 512052, 630, 631 );
INSERT INTO populacia  VALUES( 2011, 512061, 170, 165 );
INSERT INTO populacia  VALUES( 2011, 512079, 445, 464 );
INSERT INTO populacia  VALUES( 2011, 512133, 712, 715 );
INSERT INTO populacia  VALUES( 2011, 512150, 271, 270 );
INSERT INTO populacia  VALUES( 2011, 512168, 138, 144 );
INSERT INTO populacia  VALUES( 2011, 512206, 45, 60 );
INSERT INTO populacia  VALUES( 2011, 512214, 431, 418 );
INSERT INTO populacia  VALUES( 2011, 512257, 62, 77 );
INSERT INTO populacia  VALUES( 2011, 512290, 77, 83 );
INSERT INTO populacia  VALUES( 2011, 512346, 53, 54 );
INSERT INTO populacia  VALUES( 2011, 512354, 779, 745 );
INSERT INTO populacia  VALUES( 2011, 512371, 589, 593 );
INSERT INTO populacia  VALUES( 2011, 512389, 565, 518 );
INSERT INTO populacia  VALUES( 2011, 512397, 57, 54 );
INSERT INTO populacia  VALUES( 2011, 512419, 71, 79 );
INSERT INTO populacia  VALUES( 2011, 512435, 479, 468 );
INSERT INTO populacia  VALUES( 2011, 512478, 456, 400 );
INSERT INTO populacia  VALUES( 2011, 512486, 121, 122 );
INSERT INTO populacia  VALUES( 2011, 512508, 341, 324 );
INSERT INTO populacia  VALUES( 2011, 512524, 534, 557 );
INSERT INTO populacia  VALUES( 2011, 512541, 158, 156 );
INSERT INTO populacia  VALUES( 2011, 512567, 91, 83 );
INSERT INTO populacia  VALUES( 2011, 512583, 299, 313 );
INSERT INTO populacia  VALUES( 2011, 512591, 97, 91 );
INSERT INTO populacia  VALUES( 2011, 512613, 212, 215 );
INSERT INTO populacia  VALUES( 2011, 512630, 135, 108 );
INSERT INTO populacia  VALUES( 2011, 512648, 2279, 2394 );
INSERT INTO populacia  VALUES( 2011, 512656, 248, 278 );
INSERT INTO populacia  VALUES( 2011, 512664, 235, 260 );
INSERT INTO populacia  VALUES( 2011, 512672, 134, 124 );
INSERT INTO populacia  VALUES( 2011, 512681, 2161, 2228 );
INSERT INTO populacia  VALUES( 2011, 512702, 435, 451 );
INSERT INTO populacia  VALUES( 2011, 512711, 451, 460 );
INSERT INTO populacia  VALUES( 2011, 512737, 75, 95 );
INSERT INTO populacia  VALUES( 2011, 512753, 201, 216 );
INSERT INTO populacia  VALUES( 2011, 512761, 771, 771 );
INSERT INTO populacia  VALUES( 2011, 512796, 156, 310 );
INSERT INTO populacia  VALUES( 2011, 512818, 69, 73 );
INSERT INTO populacia  VALUES( 2011, 512834, 578, 596 );
INSERT INTO populacia  VALUES( 2011, 545961, 192, 169 );
INSERT INTO populacia  VALUES( 2011, 557358, 3698, 3881 );
INSERT INTO populacia  VALUES( 2011, 509558, 717, 701 );
INSERT INTO populacia  VALUES( 2011, 509566, 386, 388 );
INSERT INTO populacia  VALUES( 2011, 509582, 822, 838 );
INSERT INTO populacia  VALUES( 2011, 509591, 839, 743 );
INSERT INTO populacia  VALUES( 2011, 509680, 1582, 1598 );
INSERT INTO populacia  VALUES( 2011, 509728, 1120, 1125 );
INSERT INTO populacia  VALUES( 2011, 509779, 495, 457 );
INSERT INTO populacia  VALUES( 2011, 509809, 1163, 1127 );
INSERT INTO populacia  VALUES( 2011, 509817, 442, 430 );
INSERT INTO populacia  VALUES( 2011, 509850, 1475, 1414 );
INSERT INTO populacia  VALUES( 2011, 509868, 3951, 3994 );
INSERT INTO populacia  VALUES( 2011, 509884, 1707, 1675 );
INSERT INTO populacia  VALUES( 2011, 509892, 873, 864 );
INSERT INTO populacia  VALUES( 2011, 509906, 1624, 1686 );
INSERT INTO populacia  VALUES( 2011, 509914, 1942, 1877 );
INSERT INTO populacia  VALUES( 2011, 509931, 1430, 1399 );
INSERT INTO populacia  VALUES( 2011, 510025, 2370, 2301 );
INSERT INTO populacia  VALUES( 2011, 510033, 1040, 929 );
INSERT INTO populacia  VALUES( 2011, 510050, 1066, 993 );
INSERT INTO populacia  VALUES( 2011, 510092, 336, 323 );
INSERT INTO populacia  VALUES( 2011, 510149, 392, 405 );
INSERT INTO populacia  VALUES( 2011, 510157, 703, 709 );
INSERT INTO populacia  VALUES( 2011, 510203, 2626, 2619 );
INSERT INTO populacia  VALUES( 2011, 510246, 1089, 1100 );
INSERT INTO populacia  VALUES( 2011, 507300, 244, 261 );
INSERT INTO populacia  VALUES( 2011, 507407, 116, 110 );
INSERT INTO populacia  VALUES( 2011, 510301, 270, 291 );
INSERT INTO populacia  VALUES( 2011, 510441, 526, 543 );
INSERT INTO populacia  VALUES( 2011, 510530, 223, 229 );
INSERT INTO populacia  VALUES( 2011, 510548, 729, 770 );
INSERT INTO populacia  VALUES( 2011, 510599, 1443, 1643 );
INSERT INTO populacia  VALUES( 2011, 510629, 1433, 1465 );
INSERT INTO populacia  VALUES( 2011, 510637, 809, 830 );
INSERT INTO populacia  VALUES( 2011, 510661, 523, 543 );
INSERT INTO populacia  VALUES( 2011, 510670, 496, 459 );
INSERT INTO populacia  VALUES( 2011, 510718, 788, 839 );
INSERT INTO populacia  VALUES( 2011, 510742, 137, 159 );
INSERT INTO populacia  VALUES( 2011, 510785, 1027, 1050 );
INSERT INTO populacia  VALUES( 2011, 510807, 526, 536 );
INSERT INTO populacia  VALUES( 2011, 510815, 915, 917 );
INSERT INTO populacia  VALUES( 2011, 510823, 487, 490 );
INSERT INTO populacia  VALUES( 2011, 510866, 195, 188 );
INSERT INTO populacia  VALUES( 2011, 510955, 51, 57 );
INSERT INTO populacia  VALUES( 2011, 510998, 13490, 14874 );
INSERT INTO populacia  VALUES( 2011, 511005, 1885, 1906 );
INSERT INTO populacia  VALUES( 2011, 511030, 603, 613 );
INSERT INTO populacia  VALUES( 2011, 511056, 314, 332 );
INSERT INTO populacia  VALUES( 2011, 511064, 415, 408 );
INSERT INTO populacia  VALUES( 2011, 511102, 389, 406 );
INSERT INTO populacia  VALUES( 2011, 512044, 94, 109 );
INSERT INTO populacia  VALUES( 2011, 512087, 92, 73 );
INSERT INTO populacia  VALUES( 2011, 512095, 119, 124 );
INSERT INTO populacia  VALUES( 2011, 512109, 53, 75 );
INSERT INTO populacia  VALUES( 2011, 512117, 73, 68 );
INSERT INTO populacia  VALUES( 2011, 512125, 97, 113 );
INSERT INTO populacia  VALUES( 2011, 512141, 43, 51 );
INSERT INTO populacia  VALUES( 2011, 512222, 361, 353 );
INSERT INTO populacia  VALUES( 2011, 512265, 224, 240 );
INSERT INTO populacia  VALUES( 2011, 512273, 827, 778 );
INSERT INTO populacia  VALUES( 2011, 512303, 54, 45 );
INSERT INTO populacia  VALUES( 2011, 512311, 85, 70 );
INSERT INTO populacia  VALUES( 2011, 512320, 155, 143 );
INSERT INTO populacia  VALUES( 2011, 512338, 39, 45 );
INSERT INTO populacia  VALUES( 2011, 512427, 29, 26 );
INSERT INTO populacia  VALUES( 2011, 512443, 260, 259 );
INSERT INTO populacia  VALUES( 2011, 512451, 32, 33 );
INSERT INTO populacia  VALUES( 2011, 512460, 623, 685 );
INSERT INTO populacia  VALUES( 2011, 512494, 41, 35 );
INSERT INTO populacia  VALUES( 2011, 512559, 108, 111 );
INSERT INTO populacia  VALUES( 2011, 512575, 109, 113 );
INSERT INTO populacia  VALUES( 2011, 512605, 402, 366 );
INSERT INTO populacia  VALUES( 2011, 512621, 471, 489 );
INSERT INTO populacia  VALUES( 2011, 512699, 326, 335 );
INSERT INTO populacia  VALUES( 2011, 512729, 3192, 3487 );
INSERT INTO populacia  VALUES( 2011, 512788, 110, 124 );
INSERT INTO populacia  VALUES( 2011, 509604, 643, 663 );
INSERT INTO populacia  VALUES( 2011, 509655, 678, 685 );
INSERT INTO populacia  VALUES( 2011, 509663, 518, 497 );
INSERT INTO populacia  VALUES( 2011, 509795, 1411, 1376 );
INSERT INTO populacia  VALUES( 2011, 509876, 1989, 2021 );
INSERT INTO populacia  VALUES( 2011, 509949, 345, 350 );
INSERT INTO populacia  VALUES( 2011, 509981, 633, 642 );
INSERT INTO populacia  VALUES( 2011, 510076, 695, 687 );
INSERT INTO populacia  VALUES( 2011, 510084, 343, 316 );
INSERT INTO populacia  VALUES( 2011, 510106, 3720, 3761 );
INSERT INTO populacia  VALUES( 2011, 510114, 4705, 4655 );
INSERT INTO populacia  VALUES( 2011, 510173, 646, 655 );
INSERT INTO populacia  VALUES( 2011, 510190, 385, 427 );
INSERT INTO populacia  VALUES( 2011, 510238, 882, 921 );
INSERT INTO populacia  VALUES( 2011, 518719, 336, 323 );
INSERT INTO populacia  VALUES( 2011, 517402, 39151, 42364 );
INSERT INTO populacia  VALUES( 2011, 517429, 1655, 1702 );
INSERT INTO populacia  VALUES( 2011, 517470, 79, 88 );
INSERT INTO populacia  VALUES( 2011, 517488, 1206, 1198 );
INSERT INTO populacia  VALUES( 2011, 517496, 510, 492 );
INSERT INTO populacia  VALUES( 2011, 517500, 959, 996 );
INSERT INTO populacia  VALUES( 2011, 517518, 638, 660 );
INSERT INTO populacia  VALUES( 2011, 517526, 748, 803 );
INSERT INTO populacia  VALUES( 2011, 517542, 344, 317 );
INSERT INTO populacia  VALUES( 2011, 517551, 598, 628 );
INSERT INTO populacia  VALUES( 2011, 517577, 341, 352 );
INSERT INTO populacia  VALUES( 2011, 517593, 379, 382 );
INSERT INTO populacia  VALUES( 2011, 517640, 299, 306 );
INSERT INTO populacia  VALUES( 2011, 517658, 921, 908 );
INSERT INTO populacia  VALUES( 2011, 517682, 739, 720 );
INSERT INTO populacia  VALUES( 2011, 517704, 213, 218 );
INSERT INTO populacia  VALUES( 2011, 517712, 719, 717 );
INSERT INTO populacia  VALUES( 2011, 517721, 489, 485 );
INSERT INTO populacia  VALUES( 2011, 517739, 676, 728 );
INSERT INTO populacia  VALUES( 2011, 517755, 773, 853 );
INSERT INTO populacia  VALUES( 2011, 517763, 406, 347 );
INSERT INTO populacia  VALUES( 2011, 517771, 420, 405 );
INSERT INTO populacia  VALUES( 2011, 517780, 176, 177 );
INSERT INTO populacia  VALUES( 2011, 517801, 359, 341 );
INSERT INTO populacia  VALUES( 2011, 517828, 489, 488 );
INSERT INTO populacia  VALUES( 2011, 517879, 427, 391 );
INSERT INTO populacia  VALUES( 2011, 517917, 2903, 2971 );
INSERT INTO populacia  VALUES( 2011, 517925, 619, 602 );
INSERT INTO populacia  VALUES( 2011, 517933, 1402, 1466 );
INSERT INTO populacia  VALUES( 2011, 517941, 1489, 1536 );
INSERT INTO populacia  VALUES( 2011, 517950, 897, 923 );
INSERT INTO populacia  VALUES( 2011, 517968, 375, 366 );
INSERT INTO populacia  VALUES( 2011, 517976, 312, 358 );
INSERT INTO populacia  VALUES( 2011, 517984, 1256, 1295 );
INSERT INTO populacia  VALUES( 2011, 518000, 487, 524 );
INSERT INTO populacia  VALUES( 2011, 518034, 1805, 1996 );
INSERT INTO populacia  VALUES( 2011, 518042, 2031, 1975 );
INSERT INTO populacia  VALUES( 2011, 518051, 912, 1048 );
INSERT INTO populacia  VALUES( 2011, 518069, 1813, 1870 );
INSERT INTO populacia  VALUES( 2011, 518077, 177, 177 );
INSERT INTO populacia  VALUES( 2011, 518093, 1287, 1372 );
INSERT INTO populacia  VALUES( 2011, 518131, 408, 421 );
INSERT INTO populacia  VALUES( 2011, 547522, 348, 336 );
INSERT INTO populacia  VALUES( 2011, 547557, 272, 264 );
INSERT INTO populacia  VALUES( 2011, 547590, 189, 185 );
INSERT INTO populacia  VALUES( 2011, 547611, 293, 283 );
INSERT INTO populacia  VALUES( 2011, 547620, 109, 116 );
INSERT INTO populacia  VALUES( 2011, 557935, 850, 901 );
INSERT INTO populacia  VALUES( 2011, 557960, 210, 230 );
INSERT INTO populacia  VALUES( 2011, 557986, 535, 536 );
INSERT INTO populacia  VALUES( 2011, 557994, 174, 202 );
INSERT INTO populacia  VALUES( 2011, 558168, 206, 194 );
INSERT INTO populacia  VALUES( 2011, 581712, 158, 152 );
INSERT INTO populacia  VALUES( 2011, 508438, 37613, 42162 );
INSERT INTO populacia  VALUES( 2011, 508454, 879, 952 );
INSERT INTO populacia  VALUES( 2011, 508471, 103, 112 );
INSERT INTO populacia  VALUES( 2011, 508519, 219, 230 );
INSERT INTO populacia  VALUES( 2011, 508543, 191, 187 );
INSERT INTO populacia  VALUES( 2011, 508551, 122, 122 );
INSERT INTO populacia  VALUES( 2011, 508560, 127, 104 );
INSERT INTO populacia  VALUES( 2011, 508586, 177, 197 );
INSERT INTO populacia  VALUES( 2011, 508594, 449, 432 );
INSERT INTO populacia  VALUES( 2011, 508616, 236, 281 );
INSERT INTO populacia  VALUES( 2011, 508632, 257, 287 );
INSERT INTO populacia  VALUES( 2011, 508641, 183, 188 );
INSERT INTO populacia  VALUES( 2011, 508659, 730, 772 );
INSERT INTO populacia  VALUES( 2011, 508675, 1033, 1107 );
INSERT INTO populacia  VALUES( 2011, 508713, 193, 175 );
INSERT INTO populacia  VALUES( 2011, 508721, 302, 321 );
INSERT INTO populacia  VALUES( 2011, 508748, 544, 545 );
INSERT INTO populacia  VALUES( 2011, 508756, 326, 316 );
INSERT INTO populacia  VALUES( 2011, 508764, 651, 688 );
INSERT INTO populacia  VALUES( 2011, 508781, 182, 175 );
INSERT INTO populacia  VALUES( 2011, 508799, 112, 102 );
INSERT INTO populacia  VALUES( 2011, 508802, 61, 53 );
INSERT INTO populacia  VALUES( 2011, 508837, 83, 99 );
INSERT INTO populacia  VALUES( 2011, 508861, 408, 459 );
INSERT INTO populacia  VALUES( 2011, 508896, 49, 52 );
INSERT INTO populacia  VALUES( 2011, 508918, 767, 824 );
INSERT INTO populacia  VALUES( 2011, 508926, 76, 73 );
INSERT INTO populacia  VALUES( 2011, 508942, 433, 462 );
INSERT INTO populacia  VALUES( 2011, 508969, 335, 397 );
INSERT INTO populacia  VALUES( 2011, 508977, 183, 198 );
INSERT INTO populacia  VALUES( 2011, 508985, 1069, 1100 );
INSERT INTO populacia  VALUES( 2011, 509001, 1548, 1634 );
INSERT INTO populacia  VALUES( 2011, 509019, 263, 265 );
INSERT INTO populacia  VALUES( 2011, 509027, 378, 401 );
INSERT INTO populacia  VALUES( 2011, 509035, 93, 100 );
INSERT INTO populacia  VALUES( 2011, 509060, 295, 268 );
INSERT INTO populacia  VALUES( 2011, 557269, 78, 73 );
INSERT INTO populacia  VALUES( 2011, 557277, 197, 188 );
INSERT INTO populacia  VALUES( 2011, 557285, 575, 589 );
INSERT INTO populacia  VALUES( 2011, 557293, 614, 633 );
INSERT INTO populacia  VALUES( 2011, 580236, 323, 337 );
INSERT INTO populacia  VALUES( 2011, 580244, 524, 539 );
INSERT INTO populacia  VALUES( 2011, 516597, 588, 643 );
INSERT INTO populacia  VALUES( 2011, 516601, 111, 102 );
INSERT INTO populacia  VALUES( 2011, 516627, 612, 628 );
INSERT INTO populacia  VALUES( 2011, 516643, 5024, 5363 );
INSERT INTO populacia  VALUES( 2011, 516651, 211, 246 );
INSERT INTO populacia  VALUES( 2011, 516678, 62, 66 );
INSERT INTO populacia  VALUES( 2011, 516716, 105, 93 );
INSERT INTO populacia  VALUES( 2011, 516856, 147, 192 );
INSERT INTO populacia  VALUES( 2011, 516953, 90, 95 );
INSERT INTO populacia  VALUES( 2011, 517071, 94, 78 );
INSERT INTO populacia  VALUES( 2011, 517143, 180, 185 );
INSERT INTO populacia  VALUES( 2011, 517160, 43, 58 );
INSERT INTO populacia  VALUES( 2011, 517178, 301, 306 );
INSERT INTO populacia  VALUES( 2011, 517283, 415, 407 );
INSERT INTO populacia  VALUES( 2011, 517372, 64, 71 );
INSERT INTO populacia  VALUES( 2011, 508446, 478, 529 );
INSERT INTO populacia  VALUES( 2011, 508462, 586, 591 );
INSERT INTO populacia  VALUES( 2011, 508489, 344, 374 );
INSERT INTO populacia  VALUES( 2011, 508497, 10534, 11293 );
INSERT INTO populacia  VALUES( 2011, 508527, 2586, 2648 );
INSERT INTO populacia  VALUES( 2011, 508535, 413, 373 );
INSERT INTO populacia  VALUES( 2011, 508578, 91, 116 );
INSERT INTO populacia  VALUES( 2011, 508608, 1331, 1446 );
INSERT INTO populacia  VALUES( 2011, 508624, 289, 296 );
INSERT INTO populacia  VALUES( 2011, 508667, 579, 638 );
INSERT INTO populacia  VALUES( 2011, 508691, 27, 19 );
INSERT INTO populacia  VALUES( 2011, 508705, 588, 599 );
INSERT INTO populacia  VALUES( 2011, 508730, 150, 143 );
INSERT INTO populacia  VALUES( 2011, 508772, 651, 730 );
INSERT INTO populacia  VALUES( 2011, 508811, 260, 266 );
INSERT INTO populacia  VALUES( 2011, 508829, 898, 947 );
INSERT INTO populacia  VALUES( 2011, 508845, 206, 174 );
INSERT INTO populacia  VALUES( 2011, 508853, 1988, 2069 );
INSERT INTO populacia  VALUES( 2011, 508870, 1076, 1256 );
INSERT INTO populacia  VALUES( 2011, 508888, 866, 899 );
INSERT INTO populacia  VALUES( 2011, 508900, 1462, 1585 );
INSERT INTO populacia  VALUES( 2011, 508934, 654, 700 );
INSERT INTO populacia  VALUES( 2011, 508951, 130, 158 );
INSERT INTO populacia  VALUES( 2011, 508993, 104, 100 );
INSERT INTO populacia  VALUES( 2011, 509043, 636, 698 );
INSERT INTO populacia  VALUES( 2011, 509051, 757, 784 );
INSERT INTO populacia  VALUES( 2011, 509086, 1924, 1976 );
INSERT INTO populacia  VALUES( 2011, 509094, 204, 206 );
INSERT INTO populacia  VALUES( 2011, 509124, 1196, 1261 );
INSERT INTO populacia  VALUES( 2011, 557251, 101, 93 );
INSERT INTO populacia  VALUES( 2011, 511510, 287, 294 );
INSERT INTO populacia  VALUES( 2011, 511731, 296, 303 );
INSERT INTO populacia  VALUES( 2011, 518263, 7349, 7713 );
INSERT INTO populacia  VALUES( 2011, 518271, 362, 358 );
INSERT INTO populacia  VALUES( 2011, 518379, 451, 496 );
INSERT INTO populacia  VALUES( 2011, 518450, 111, 104 );
INSERT INTO populacia  VALUES( 2011, 518468, 3809, 3993 );
INSERT INTO populacia  VALUES( 2011, 518492, 235, 273 );
INSERT INTO populacia  VALUES( 2011, 518549, 854, 843 );
INSERT INTO populacia  VALUES( 2011, 518794, 243, 256 );
INSERT INTO populacia  VALUES( 2011, 518816, 161, 172 );
INSERT INTO populacia  VALUES( 2011, 518824, 462, 490 );
INSERT INTO populacia  VALUES( 2011, 518921, 805, 892 );
INSERT INTO populacia  VALUES( 2011, 518930, 187, 177 );
INSERT INTO populacia  VALUES( 2011, 580520, 488, 477 );
INSERT INTO populacia  VALUES( 2011, 518212, 562, 552 );
INSERT INTO populacia  VALUES( 2011, 518239, 282, 316 );
INSERT INTO populacia  VALUES( 2011, 518247, 141, 128 );
INSERT INTO populacia  VALUES( 2011, 518255, 219, 225 );
INSERT INTO populacia  VALUES( 2011, 518280, 149, 155 );
INSERT INTO populacia  VALUES( 2011, 518301, 57, 61 );
INSERT INTO populacia  VALUES( 2011, 518310, 133, 126 );
INSERT INTO populacia  VALUES( 2011, 518336, 89, 102 );
INSERT INTO populacia  VALUES( 2011, 518344, 71, 72 );
INSERT INTO populacia  VALUES( 2011, 518352, 60, 54 );
INSERT INTO populacia  VALUES( 2011, 518387, 685, 789 );
INSERT INTO populacia  VALUES( 2011, 518409, 464, 435 );
INSERT INTO populacia  VALUES( 2011, 518417, 770, 777 );
INSERT INTO populacia  VALUES( 2011, 518425, 440, 487 );
INSERT INTO populacia  VALUES( 2011, 518433, 69, 106 );
INSERT INTO populacia  VALUES( 2011, 518441, 93, 87 );
INSERT INTO populacia  VALUES( 2011, 518484, 96, 106 );
INSERT INTO populacia  VALUES( 2011, 518514, 96, 83 );
INSERT INTO populacia  VALUES( 2011, 518531, 83, 107 );
INSERT INTO populacia  VALUES( 2011, 518557, 3853, 4182 );
INSERT INTO populacia  VALUES( 2011, 518565, 53, 52 );
INSERT INTO populacia  VALUES( 2011, 518573, 161, 150 );
INSERT INTO populacia  VALUES( 2011, 518603, 131, 120 );
INSERT INTO populacia  VALUES( 2011, 518611, 377, 397 );
INSERT INTO populacia  VALUES( 2011, 518646, 120, 137 );
INSERT INTO populacia  VALUES( 2011, 518701, 147, 164 );
INSERT INTO populacia  VALUES( 2011, 518735, 590, 627 );
INSERT INTO populacia  VALUES( 2011, 518743, 54, 51 );
INSERT INTO populacia  VALUES( 2011, 518751, 404, 376 );
INSERT INTO populacia  VALUES( 2011, 518832, 41, 38 );
INSERT INTO populacia  VALUES( 2011, 518841, 118, 104 );
INSERT INTO populacia  VALUES( 2011, 518867, 314, 354 );
INSERT INTO populacia  VALUES( 2011, 518883, 59, 53 );
INSERT INTO populacia  VALUES( 2011, 518905, 94, 91 );
INSERT INTO populacia  VALUES( 2011, 518956, 47, 55 );
INSERT INTO populacia  VALUES( 2011, 518999, 39, 29 );
INSERT INTO populacia  VALUES( 2011, 511218, 13303, 15205 );
INSERT INTO populacia  VALUES( 2011, 511226, 116, 131 );
INSERT INTO populacia  VALUES( 2011, 511234, 293, 349 );
INSERT INTO populacia  VALUES( 2011, 511251, 317, 323 );
INSERT INTO populacia  VALUES( 2011, 511277, 128, 135 );
INSERT INTO populacia  VALUES( 2011, 511293, 273, 261 );
INSERT INTO populacia  VALUES( 2011, 511323, 518, 592 );
INSERT INTO populacia  VALUES( 2011, 511331, 299, 281 );
INSERT INTO populacia  VALUES( 2011, 511358, 1029, 1041 );
INSERT INTO populacia  VALUES( 2011, 511366, 310, 334 );
INSERT INTO populacia  VALUES( 2011, 511374, 161, 162 );
INSERT INTO populacia  VALUES( 2011, 511391, 5138, 5663 );
INSERT INTO populacia  VALUES( 2011, 511404, 453, 457 );
INSERT INTO populacia  VALUES( 2011, 511421, 835, 853 );
INSERT INTO populacia  VALUES( 2011, 511439, 340, 343 );
INSERT INTO populacia  VALUES( 2011, 511463, 165, 146 );
INSERT INTO populacia  VALUES( 2011, 511480, 110, 106 );
INSERT INTO populacia  VALUES( 2011, 511528, 170, 166 );
INSERT INTO populacia  VALUES( 2011, 511536, 51, 42 );
INSERT INTO populacia  VALUES( 2011, 511544, 129, 133 );
INSERT INTO populacia  VALUES( 2011, 511552, 1043, 1125 );
INSERT INTO populacia  VALUES( 2011, 511561, 154, 181 );
INSERT INTO populacia  VALUES( 2011, 511579, 122, 124 );
INSERT INTO populacia  VALUES( 2011, 511609, 175, 152 );
INSERT INTO populacia  VALUES( 2011, 511625, 363, 372 );
INSERT INTO populacia  VALUES( 2011, 511641, 565, 620 );
INSERT INTO populacia  VALUES( 2011, 511668, 175, 171 );
INSERT INTO populacia  VALUES( 2011, 511676, 90, 95 );
INSERT INTO populacia  VALUES( 2011, 511692, 371, 384 );
INSERT INTO populacia  VALUES( 2011, 511706, 126, 147 );
INSERT INTO populacia  VALUES( 2011, 511714, 122, 126 );
INSERT INTO populacia  VALUES( 2011, 511722, 105, 112 );
INSERT INTO populacia  VALUES( 2011, 511749, 278, 304 );
INSERT INTO populacia  VALUES( 2011, 511757, 75, 67 );
INSERT INTO populacia  VALUES( 2011, 511773, 44, 44 );
INSERT INTO populacia  VALUES( 2011, 511781, 97, 99 );
INSERT INTO populacia  VALUES( 2011, 511790, 785, 788 );
INSERT INTO populacia  VALUES( 2011, 511803, 480, 499 );
INSERT INTO populacia  VALUES( 2011, 511811, 164, 169 );
INSERT INTO populacia  VALUES( 2011, 511838, 427, 447 );
INSERT INTO populacia  VALUES( 2011, 511846, 292, 372 );
INSERT INTO populacia  VALUES( 2011, 511854, 278, 293 );
INSERT INTO populacia  VALUES( 2011, 511862, 152, 162 );
INSERT INTO populacia  VALUES( 2011, 511871, 630, 604 );
INSERT INTO populacia  VALUES( 2011, 511897, 235, 246 );
INSERT INTO populacia  VALUES( 2011, 511901, 194, 198 );
INSERT INTO populacia  VALUES( 2011, 511919, 683, 702 );
INSERT INTO populacia  VALUES( 2011, 511927, 478, 462 );
INSERT INTO populacia  VALUES( 2011, 511943, 181, 197 );
INSERT INTO populacia  VALUES( 2011, 511994, 454, 491 );
INSERT INTO populacia  VALUES( 2011, 512010, 340, 343 );
INSERT INTO populacia  VALUES( 2011, 557307, 891, 966 );
INSERT INTO populacia  VALUES( 2011, 557315, 564, 578 );
INSERT INTO populacia  VALUES( 2011, 557331, 70, 70 );
INSERT INTO populacia  VALUES( 2011, 557340, 240, 242 );
INSERT INTO populacia  VALUES( 2011, 558273, 147, 160 );
INSERT INTO populacia  VALUES( 2011, 580309, 138, 143 );
INSERT INTO populacia  VALUES( 2011, 511269, 391, 396 );
INSERT INTO populacia  VALUES( 2011, 511315, 1173, 1225 );
INSERT INTO populacia  VALUES( 2011, 511340, 234, 272 );
INSERT INTO populacia  VALUES( 2011, 511447, 117, 131 );
INSERT INTO populacia  VALUES( 2011, 511471, 1093, 1138 );
INSERT INTO populacia  VALUES( 2011, 511498, 1505, 1521 );
INSERT INTO populacia  VALUES( 2011, 511501, 25, 26 );
INSERT INTO populacia  VALUES( 2011, 511595, 747, 772 );
INSERT INTO populacia  VALUES( 2011, 511617, 56, 50 );
INSERT INTO populacia  VALUES( 2011, 511684, 193, 174 );
INSERT INTO populacia  VALUES( 2011, 511765, 2812, 2982 );
INSERT INTO populacia  VALUES( 2011, 511820, 127, 137 );
INSERT INTO populacia  VALUES( 2011, 511889, 62, 73 );
INSERT INTO populacia  VALUES( 2011, 511978, 290, 268 );
INSERT INTO populacia  VALUES( 2011, 512001, 213, 247 );
INSERT INTO populacia  VALUES( 2011, 514900, 475, 508 );
INSERT INTO populacia  VALUES( 2011, 514918, 420, 452 );
INSERT INTO populacia  VALUES( 2011, 515515, 58, 58 );
INSERT INTO populacia  VALUES( 2011, 515591, 211, 235 );
INSERT INTO populacia  VALUES( 2011, 557323, 48, 48 );
INSERT INTO populacia  VALUES( 2011, 580317, 494, 533 );
INSERT INTO populacia  VALUES( 2011, 582051, 240, 250 );
INSERT INTO populacia  VALUES( 2011, 514675, 256, 296 );
INSERT INTO populacia  VALUES( 2011, 514721, 427, 444 );
INSERT INTO populacia  VALUES( 2011, 514756, 485, 470 );
INSERT INTO populacia  VALUES( 2011, 514896, 45, 40 );
INSERT INTO populacia  VALUES( 2011, 514977, 85, 88 );
INSERT INTO populacia  VALUES( 2011, 515159, 124, 127 );
INSERT INTO populacia  VALUES( 2011, 515256, 157, 151 );
INSERT INTO populacia  VALUES( 2011, 515302, 44, 35 );
INSERT INTO populacia  VALUES( 2011, 515311, 68, 61 );
INSERT INTO populacia  VALUES( 2011, 515361, 59, 64 );
INSERT INTO populacia  VALUES( 2011, 515370, 271, 268 );
INSERT INTO populacia  VALUES( 2011, 515400, 185, 203 );
INSERT INTO populacia  VALUES( 2011, 515507, 77, 72 );
INSERT INTO populacia  VALUES( 2011, 515523, 122, 122 );
INSERT INTO populacia  VALUES( 2011, 515574, 52, 48 );
INSERT INTO populacia  VALUES( 2011, 515612, 3567, 3907 );
INSERT INTO populacia  VALUES( 2011, 515761, 37, 32 );
INSERT INTO populacia  VALUES( 2011, 515833, 71, 86 );
INSERT INTO populacia  VALUES( 2011, 525677, 182, 178 );
INSERT INTO populacia  VALUES( 2011, 525685, 140, 147 );
INSERT INTO populacia  VALUES( 2011, 525766, 437, 439 );
INSERT INTO populacia  VALUES( 2011, 525774, 204, 214 );
INSERT INTO populacia  VALUES( 2011, 525791, 1627, 1608 );
INSERT INTO populacia  VALUES( 2011, 525812, 427, 369 );
INSERT INTO populacia  VALUES( 2011, 525901, 362, 349 );
INSERT INTO populacia  VALUES( 2011, 525928, 643, 683 );
INSERT INTO populacia  VALUES( 2011, 525944, 244, 216 );
INSERT INTO populacia  VALUES( 2011, 525987, 606, 647 );
INSERT INTO populacia  VALUES( 2011, 525995, 451, 439 );
INSERT INTO populacia  VALUES( 2011, 526002, 99, 102 );
INSERT INTO populacia  VALUES( 2011, 526011, 109, 92 );
INSERT INTO populacia  VALUES( 2011, 526029, 134, 123 );
INSERT INTO populacia  VALUES( 2011, 526037, 150, 137 );
INSERT INTO populacia  VALUES( 2011, 526100, 43, 44 );
INSERT INTO populacia  VALUES( 2011, 526118, 230, 193 );
INSERT INTO populacia  VALUES( 2011, 526142, 6241, 6574 );
INSERT INTO populacia  VALUES( 2011, 526151, 155, 171 );
INSERT INTO populacia  VALUES( 2011, 526258, 576, 594 );
INSERT INTO populacia  VALUES( 2011, 526304, 216, 183 );
INSERT INTO populacia  VALUES( 2011, 526321, 142, 131 );
INSERT INTO populacia  VALUES( 2011, 557820, 97, 97 );
INSERT INTO populacia  VALUES( 2011, 580384, 250, 278 );
INSERT INTO populacia  VALUES( 2011, 514462, 11717, 12832 );
INSERT INTO populacia  VALUES( 2011, 514489, 34, 34 );
INSERT INTO populacia  VALUES( 2011, 514501, 268, 253 );
INSERT INTO populacia  VALUES( 2011, 514519, 478, 478 );
INSERT INTO populacia  VALUES( 2011, 514535, 100, 96 );
INSERT INTO populacia  VALUES( 2011, 514543, 392, 405 );
INSERT INTO populacia  VALUES( 2011, 514551, 103, 102 );
INSERT INTO populacia  VALUES( 2011, 514586, 26, 27 );
INSERT INTO populacia  VALUES( 2011, 514594, 153, 138 );
INSERT INTO populacia  VALUES( 2011, 514608, 274, 274 );
INSERT INTO populacia  VALUES( 2011, 514616, 82, 74 );
INSERT INTO populacia  VALUES( 2011, 514624, 318, 348 );
INSERT INTO populacia  VALUES( 2011, 514632, 85, 110 );
INSERT INTO populacia  VALUES( 2011, 514641, 124, 138 );
INSERT INTO populacia  VALUES( 2011, 514659, 130, 115 );
INSERT INTO populacia  VALUES( 2011, 514667, 109, 100 );
INSERT INTO populacia  VALUES( 2011, 514683, 61, 89 );
INSERT INTO populacia  VALUES( 2011, 514691, 270, 288 );
INSERT INTO populacia  VALUES( 2011, 514713, 219, 192 );
INSERT INTO populacia  VALUES( 2011, 514730, 49, 54 );
INSERT INTO populacia  VALUES( 2011, 514764, 217, 239 );
INSERT INTO populacia  VALUES( 2011, 514781, 337, 362 );
INSERT INTO populacia  VALUES( 2011, 514799, 259, 281 );
INSERT INTO populacia  VALUES( 2011, 514811, 572, 624 );
INSERT INTO populacia  VALUES( 2011, 514829, 3789, 3960 );
INSERT INTO populacia  VALUES( 2011, 514837, 756, 829 );
INSERT INTO populacia  VALUES( 2011, 514845, 98, 102 );
INSERT INTO populacia  VALUES( 2011, 514853, 77, 61 );
INSERT INTO populacia  VALUES( 2011, 514861, 514, 515 );
INSERT INTO populacia  VALUES( 2011, 514870, 118, 109 );
INSERT INTO populacia  VALUES( 2011, 514888, 424, 450 );
INSERT INTO populacia  VALUES( 2011, 514926, 98, 101 );
INSERT INTO populacia  VALUES( 2011, 514934, 63, 77 );
INSERT INTO populacia  VALUES( 2011, 514942, 258, 280 );
INSERT INTO populacia  VALUES( 2011, 514951, 330, 377 );
INSERT INTO populacia  VALUES( 2011, 514969, 204, 212 );
INSERT INTO populacia  VALUES( 2011, 514985, 147, 110 );
INSERT INTO populacia  VALUES( 2011, 514993, 101, 112 );
INSERT INTO populacia  VALUES( 2011, 515001, 1084, 1108 );
INSERT INTO populacia  VALUES( 2011, 515019, 82, 96 );
INSERT INTO populacia  VALUES( 2011, 515027, 352, 412 );
INSERT INTO populacia  VALUES( 2011, 515035, 120, 123 );
INSERT INTO populacia  VALUES( 2011, 515043, 1620, 1684 );
INSERT INTO populacia  VALUES( 2011, 515051, 106, 114 );
INSERT INTO populacia  VALUES( 2011, 515060, 166, 166 );
INSERT INTO populacia  VALUES( 2011, 515078, 471, 492 );
INSERT INTO populacia  VALUES( 2011, 515086, 79, 74 );
INSERT INTO populacia  VALUES( 2011, 515094, 19, 12 );
INSERT INTO populacia  VALUES( 2011, 515108, 173, 163 );
INSERT INTO populacia  VALUES( 2011, 515116, 53, 33 );
INSERT INTO populacia  VALUES( 2011, 515124, 142, 136 );
INSERT INTO populacia  VALUES( 2011, 515132, 280, 267 );
INSERT INTO populacia  VALUES( 2011, 515141, 91, 100 );
INSERT INTO populacia  VALUES( 2011, 515167, 47, 46 );
INSERT INTO populacia  VALUES( 2011, 515175, 96, 95 );
INSERT INTO populacia  VALUES( 2011, 515183, 108, 118 );
INSERT INTO populacia  VALUES( 2011, 515205, 165, 118 );
INSERT INTO populacia  VALUES( 2011, 515230, 260, 266 );
INSERT INTO populacia  VALUES( 2011, 515248, 72, 83 );
INSERT INTO populacia  VALUES( 2011, 515264, 769, 861 );
INSERT INTO populacia  VALUES( 2011, 515272, 91, 93 );
INSERT INTO populacia  VALUES( 2011, 515281, 186, 203 );
INSERT INTO populacia  VALUES( 2011, 515299, 123, 124 );
INSERT INTO populacia  VALUES( 2011, 515337, 9, 6 );
INSERT INTO populacia  VALUES( 2011, 515345, 27, 22 );
INSERT INTO populacia  VALUES( 2011, 515353, 419, 404 );
INSERT INTO populacia  VALUES( 2011, 515388, 32, 29 );
INSERT INTO populacia  VALUES( 2011, 515396, 22, 30 );
INSERT INTO populacia  VALUES( 2011, 515426, 287, 257 );
INSERT INTO populacia  VALUES( 2011, 515442, 948, 997 );
INSERT INTO populacia  VALUES( 2011, 515451, 281, 278 );
INSERT INTO populacia  VALUES( 2011, 515469, 634, 694 );
INSERT INTO populacia  VALUES( 2011, 515485, 70, 67 );
INSERT INTO populacia  VALUES( 2011, 515493, 188, 194 );
INSERT INTO populacia  VALUES( 2011, 515531, 117, 95 );
INSERT INTO populacia  VALUES( 2011, 515540, 149, 179 );
INSERT INTO populacia  VALUES( 2011, 515566, 176, 175 );
INSERT INTO populacia  VALUES( 2011, 515582, 126, 153 );
INSERT INTO populacia  VALUES( 2011, 515604, 284, 242 );
INSERT INTO populacia  VALUES( 2011, 515621, 287, 290 );
INSERT INTO populacia  VALUES( 2011, 515639, 462, 475 );
INSERT INTO populacia  VALUES( 2011, 515647, 41, 45 );
INSERT INTO populacia  VALUES( 2011, 515655, 183, 197 );
INSERT INTO populacia  VALUES( 2011, 515663, 249, 274 );
INSERT INTO populacia  VALUES( 2011, 515671, 152, 143 );
INSERT INTO populacia  VALUES( 2011, 515680, 2083, 2226 );
INSERT INTO populacia  VALUES( 2011, 515698, 93, 94 );
INSERT INTO populacia  VALUES( 2011, 515701, 363, 358 );
INSERT INTO populacia  VALUES( 2011, 515710, 391, 422 );
INSERT INTO populacia  VALUES( 2011, 515728, 118, 137 );
INSERT INTO populacia  VALUES( 2011, 515736, 446, 425 );
INSERT INTO populacia  VALUES( 2011, 515744, 550, 662 );
INSERT INTO populacia  VALUES( 2011, 515752, 85, 78 );
INSERT INTO populacia  VALUES( 2011, 515779, 175, 175 );
INSERT INTO populacia  VALUES( 2011, 515795, 165, 159 );
INSERT INTO populacia  VALUES( 2011, 515809, 77, 76 );
INSERT INTO populacia  VALUES( 2011, 515817, 61, 83 );
INSERT INTO populacia  VALUES( 2011, 515841, 111, 115 );
INSERT INTO populacia  VALUES( 2011, 557757, 309, 291 );
INSERT INTO populacia  VALUES( 2011, 557765, 122, 109 );
INSERT INTO populacia  VALUES( 2011, 557790, 98, 101 );
INSERT INTO populacia  VALUES( 2011, 557811, 166, 169 );
INSERT INTO populacia  VALUES( 2011, 557854, 142, 170 );
INSERT INTO populacia  VALUES( 2011, 557889, 51, 48 );
INSERT INTO populacia  VALUES( 2011, 557901, 154, 149 );
INSERT INTO populacia  VALUES( 2011, 557919, 103, 105 );
INSERT INTO populacia  VALUES( 2011, 557927, 214, 205 );
INSERT INTO populacia  VALUES( 2011, 515850, 6153, 6700 );
INSERT INTO populacia  VALUES( 2011, 515868, 403, 442 );
INSERT INTO populacia  VALUES( 2011, 515876, 182, 185 );
INSERT INTO populacia  VALUES( 2011, 515884, 57, 50 );
INSERT INTO populacia  VALUES( 2011, 515892, 702, 768 );
INSERT INTO populacia  VALUES( 2011, 515906, 540, 531 );
INSERT INTO populacia  VALUES( 2011, 515914, 272, 200 );
INSERT INTO populacia  VALUES( 2011, 515922, 219, 224 );
INSERT INTO populacia  VALUES( 2011, 515931, 15, 29 );
INSERT INTO populacia  VALUES( 2011, 515949, 213, 212 );
INSERT INTO populacia  VALUES( 2011, 515957, 226, 257 );
INSERT INTO populacia  VALUES( 2011, 515965, 510, 535 );
INSERT INTO populacia  VALUES( 2011, 515973, 291, 319 );
INSERT INTO populacia  VALUES( 2011, 515981, 92, 89 );
INSERT INTO populacia  VALUES( 2011, 515990, 59, 69 );
INSERT INTO populacia  VALUES( 2011, 516007, 62, 54 );
INSERT INTO populacia  VALUES( 2011, 516015, 89, 94 );
INSERT INTO populacia  VALUES( 2011, 516023, 103, 107 );
INSERT INTO populacia  VALUES( 2011, 516031, 131, 133 );
INSERT INTO populacia  VALUES( 2011, 516040, 427, 437 );
INSERT INTO populacia  VALUES( 2011, 516058, 124, 115 );
INSERT INTO populacia  VALUES( 2011, 516066, 81, 71 );
INSERT INTO populacia  VALUES( 2011, 516074, 337, 295 );
INSERT INTO populacia  VALUES( 2011, 516082, 168, 184 );
INSERT INTO populacia  VALUES( 2011, 516091, 152, 160 );
INSERT INTO populacia  VALUES( 2011, 516104, 143, 150 );
INSERT INTO populacia  VALUES( 2011, 516112, 135, 140 );
INSERT INTO populacia  VALUES( 2011, 516121, 305, 300 );
INSERT INTO populacia  VALUES( 2011, 516139, 212, 255 );
INSERT INTO populacia  VALUES( 2011, 516147, 191, 180 );
INSERT INTO populacia  VALUES( 2011, 516155, 236, 286 );
INSERT INTO populacia  VALUES( 2011, 516163, 69, 85 );
INSERT INTO populacia  VALUES( 2011, 516171, 102, 109 );
INSERT INTO populacia  VALUES( 2011, 516198, 139, 144 );
INSERT INTO populacia  VALUES( 2011, 516210, 788, 772 );
INSERT INTO populacia  VALUES( 2011, 516228, 166, 161 );
INSERT INTO populacia  VALUES( 2011, 516236, 677, 717 );
INSERT INTO populacia  VALUES( 2011, 516244, 199, 199 );
INSERT INTO populacia  VALUES( 2011, 516252, 248, 250 );
INSERT INTO populacia  VALUES( 2011, 516261, 140, 158 );
INSERT INTO populacia  VALUES( 2011, 516279, 360, 358 );
INSERT INTO populacia  VALUES( 2011, 516287, 66, 63 );
INSERT INTO populacia  VALUES( 2011, 516295, 407, 435 );
INSERT INTO populacia  VALUES( 2011, 516309, 57, 60 );
INSERT INTO populacia  VALUES( 2011, 516317, 275, 301 );
INSERT INTO populacia  VALUES( 2011, 516333, 183, 201 );
INSERT INTO populacia  VALUES( 2011, 516341, 96, 109 );
INSERT INTO populacia  VALUES( 2011, 516368, 97, 126 );
INSERT INTO populacia  VALUES( 2011, 516376, 417, 444 );
INSERT INTO populacia  VALUES( 2011, 516384, 289, 275 );
INSERT INTO populacia  VALUES( 2011, 516392, 72, 89 );
INSERT INTO populacia  VALUES( 2011, 516406, 302, 351 );
INSERT INTO populacia  VALUES( 2011, 516414, 137, 130 );
INSERT INTO populacia  VALUES( 2011, 516422, 55, 58 );
INSERT INTO populacia  VALUES( 2011, 516431, 99, 116 );
INSERT INTO populacia  VALUES( 2011, 516449, 37, 39 );
INSERT INTO populacia  VALUES( 2011, 516457, 92, 108 );
INSERT INTO populacia  VALUES( 2011, 516465, 287, 317 );
INSERT INTO populacia  VALUES( 2011, 516473, 214, 201 );
INSERT INTO populacia  VALUES( 2011, 516490, 249, 246 );
INSERT INTO populacia  VALUES( 2011, 516503, 109, 100 );
INSERT INTO populacia  VALUES( 2011, 516511, 117, 106 );
INSERT INTO populacia  VALUES( 2011, 516520, 876, 977 );
INSERT INTO populacia  VALUES( 2011, 516538, 175, 185 );
INSERT INTO populacia  VALUES( 2011, 516546, 314, 363 );
INSERT INTO populacia  VALUES( 2011, 516554, 260, 257 );
INSERT INTO populacia  VALUES( 2011, 516562, 75, 71 );
INSERT INTO populacia  VALUES( 2011, 516571, 638, 695 );
INSERT INTO populacia  VALUES( 2011, 558192, 254, 269 );
INSERT INTO populacia  VALUES( 2011, 558206, 81, 67 );
INSERT INTO populacia  VALUES( 2011, 558214, 84, 81 );
INSERT INTO populacia  VALUES( 2011, 518158, 20611, 22700 );
INSERT INTO populacia  VALUES( 2011, 518166, 263, 261 );
INSERT INTO populacia  VALUES( 2011, 518174, 76, 77 );
INSERT INTO populacia  VALUES( 2011, 518191, 178, 176 );
INSERT INTO populacia  VALUES( 2011, 518204, 630, 645 );
INSERT INTO populacia  VALUES( 2011, 518221, 60, 78 );
INSERT INTO populacia  VALUES( 2011, 518298, 912, 952 );
INSERT INTO populacia  VALUES( 2011, 518361, 126, 134 );
INSERT INTO populacia  VALUES( 2011, 518476, 132, 137 );
INSERT INTO populacia  VALUES( 2011, 518506, 760, 764 );
INSERT INTO populacia  VALUES( 2011, 518581, 14, 19 );
INSERT INTO populacia  VALUES( 2011, 518654, 18, 19 );
INSERT INTO populacia  VALUES( 2011, 518662, 1273, 1338 );
INSERT INTO populacia  VALUES( 2011, 518671, 146, 142 );
INSERT INTO populacia  VALUES( 2011, 518689, 1130, 1182 );
INSERT INTO populacia  VALUES( 2011, 518697, 231, 240 );
INSERT INTO populacia  VALUES( 2011, 518727, 492, 468 );
INSERT INTO populacia  VALUES( 2011, 518760, 660, 679 );
INSERT INTO populacia  VALUES( 2011, 518808, 2468, 2627 );
INSERT INTO populacia  VALUES( 2011, 518875, 228, 204 );
INSERT INTO populacia  VALUES( 2011, 518891, 184, 203 );
INSERT INTO populacia  VALUES( 2011, 518972, 1340, 1467 );
INSERT INTO populacia  VALUES( 2011, 518981, 272, 279 );
INSERT INTO populacia  VALUES( 2011, 558087, 78, 77 );
INSERT INTO populacia  VALUES( 2011, 558133, 685, 748 );
INSERT INTO populacia  VALUES( 2011, 581585, 255, 262 );
INSERT INTO populacia  VALUES( 2011, 516759, 1094, 1123 );
INSERT INTO populacia  VALUES( 2011, 516805, 320, 303 );
INSERT INTO populacia  VALUES( 2011, 516813, 298, 291 );
INSERT INTO populacia  VALUES( 2011, 516830, 618, 599 );
INSERT INTO populacia  VALUES( 2011, 516902, 119, 118 );
INSERT INTO populacia  VALUES( 2011, 517062, 480, 450 );
INSERT INTO populacia  VALUES( 2011, 517097, 3651, 3905 );
INSERT INTO populacia  VALUES( 2011, 517119, 284, 267 );
INSERT INTO populacia  VALUES( 2011, 517127, 74, 69 );
INSERT INTO populacia  VALUES( 2011, 517232, 248, 258 );
INSERT INTO populacia  VALUES( 2011, 517291, 592, 658 );
INSERT INTO populacia  VALUES( 2011, 517330, 602, 589 );
INSERT INTO populacia  VALUES( 2011, 517348, 212, 199 );
INSERT INTO populacia  VALUES( 2011, 517356, 321, 349 );
INSERT INTO populacia  VALUES( 2011, 517381, 3161, 3315 );
INSERT INTO populacia  VALUES( 2011, 517399, 424, 415 );
INSERT INTO populacia  VALUES( 2011, 580546, 284, 263 );
INSERT INTO populacia  VALUES( 2011, 581607, 557, 516 );
INSERT INTO populacia  VALUES( 2011, 516589, 9568, 10294 );
INSERT INTO populacia  VALUES( 2011, 516660, 174, 223 );
INSERT INTO populacia  VALUES( 2011, 516708, 283, 258 );
INSERT INTO populacia  VALUES( 2011, 516724, 160, 184 );
INSERT INTO populacia  VALUES( 2011, 516732, 126, 123 );
INSERT INTO populacia  VALUES( 2011, 516741, 396, 415 );
INSERT INTO populacia  VALUES( 2011, 516767, 1440, 1534 );
INSERT INTO populacia  VALUES( 2011, 516791, 290, 264 );
INSERT INTO populacia  VALUES( 2011, 516821, 213, 204 );
INSERT INTO populacia  VALUES( 2011, 516848, 254, 308 );
INSERT INTO populacia  VALUES( 2011, 516872, 460, 476 );
INSERT INTO populacia  VALUES( 2011, 516881, 285, 269 );
INSERT INTO populacia  VALUES( 2011, 516937, 215, 208 );
INSERT INTO populacia  VALUES( 2011, 516945, 205, 219 );
INSERT INTO populacia  VALUES( 2011, 516961, 97, 101 );
INSERT INTO populacia  VALUES( 2011, 516970, 2629, 2942 );
INSERT INTO populacia  VALUES( 2011, 516988, 131, 132 );
INSERT INTO populacia  VALUES( 2011, 516996, 125, 123 );
INSERT INTO populacia  VALUES( 2011, 517011, 202, 207 );
INSERT INTO populacia  VALUES( 2011, 517020, 329, 362 );
INSERT INTO populacia  VALUES( 2011, 517038, 764, 800 );
INSERT INTO populacia  VALUES( 2011, 517046, 111, 104 );
INSERT INTO populacia  VALUES( 2011, 517089, 206, 223 );
INSERT INTO populacia  VALUES( 2011, 517135, 339, 336 );
INSERT INTO populacia  VALUES( 2011, 517186, 332, 326 );
INSERT INTO populacia  VALUES( 2011, 517194, 298, 297 );
INSERT INTO populacia  VALUES( 2011, 517216, 152, 148 );
INSERT INTO populacia  VALUES( 2011, 517241, 230, 214 );
INSERT INTO populacia  VALUES( 2011, 517259, 235, 238 );
INSERT INTO populacia  VALUES( 2011, 517267, 552, 557 );
INSERT INTO populacia  VALUES( 2011, 517313, 579, 596 );
INSERT INTO populacia  VALUES( 2011, 517364, 621, 649 );
INSERT INTO populacia  VALUES( 2011, 581747, 351, 363 );
INSERT INTO populacia  VALUES( 2011, 599328, 408, 419 );
INSERT INTO populacia  VALUES( 2011, 599336, 638, 696 );
INSERT INTO populacia  VALUES( 2011, 518964, 170, 205 );
INSERT INTO populacia  VALUES( 2011, 519006, 16655, 16970 );
INSERT INTO populacia  VALUES( 2011, 519014, 181, 188 );
INSERT INTO populacia  VALUES( 2011, 519022, 189, 172 );
INSERT INTO populacia  VALUES( 2011, 519049, 361, 358 );
INSERT INTO populacia  VALUES( 2011, 519057, 135, 141 );
INSERT INTO populacia  VALUES( 2011, 519065, 401, 411 );
INSERT INTO populacia  VALUES( 2011, 519073, 70, 64 );
INSERT INTO populacia  VALUES( 2011, 519081, 202, 194 );
INSERT INTO populacia  VALUES( 2011, 519090, 47, 60 );
INSERT INTO populacia  VALUES( 2011, 519103, 104, 111 );
INSERT INTO populacia  VALUES( 2011, 519111, 248, 270 );
INSERT INTO populacia  VALUES( 2011, 519138, 185, 180 );
INSERT INTO populacia  VALUES( 2011, 519154, 141, 160 );
INSERT INTO populacia  VALUES( 2011, 519162, 343, 351 );
INSERT INTO populacia  VALUES( 2011, 519171, 246, 259 );
INSERT INTO populacia  VALUES( 2011, 519189, 519, 515 );
INSERT INTO populacia  VALUES( 2011, 519201, 201, 204 );
INSERT INTO populacia  VALUES( 2011, 519219, 116, 157 );
INSERT INTO populacia  VALUES( 2011, 519227, 587, 588 );
INSERT INTO populacia  VALUES( 2011, 519235, 516, 526 );
INSERT INTO populacia  VALUES( 2011, 519243, 243, 253 );
INSERT INTO populacia  VALUES( 2011, 519251, 247, 266 );
INSERT INTO populacia  VALUES( 2011, 519260, 289, 311 );
INSERT INTO populacia  VALUES( 2011, 519278, 36, 47 );
INSERT INTO populacia  VALUES( 2011, 519286, 194, 207 );
INSERT INTO populacia  VALUES( 2011, 519294, 216, 217 );
INSERT INTO populacia  VALUES( 2011, 519308, 33, 54 );
INSERT INTO populacia  VALUES( 2011, 519324, 543, 503 );
INSERT INTO populacia  VALUES( 2011, 519341, 437, 421 );
INSERT INTO populacia  VALUES( 2011, 519359, 131, 121 );
INSERT INTO populacia  VALUES( 2011, 519367, 215, 211 );
INSERT INTO populacia  VALUES( 2011, 519375, 345, 342 );
INSERT INTO populacia  VALUES( 2011, 519383, 65, 61 );
INSERT INTO populacia  VALUES( 2011, 519405, 105, 115 );
INSERT INTO populacia  VALUES( 2011, 519413, 40, 38 );
INSERT INTO populacia  VALUES( 2011, 519421, 489, 517 );
INSERT INTO populacia  VALUES( 2011, 519430, 165, 154 );
INSERT INTO populacia  VALUES( 2011, 519456, 573, 551 );
INSERT INTO populacia  VALUES( 2011, 519464, 294, 305 );
INSERT INTO populacia  VALUES( 2011, 519472, 280, 269 );
INSERT INTO populacia  VALUES( 2011, 519481, 511, 537 );
INSERT INTO populacia  VALUES( 2011, 519499, 42, 42 );
INSERT INTO populacia  VALUES( 2011, 519502, 38, 49 );
INSERT INTO populacia  VALUES( 2011, 519511, 26, 26 );
INSERT INTO populacia  VALUES( 2011, 519529, 165, 164 );
INSERT INTO populacia  VALUES( 2011, 519545, 183, 200 );
INSERT INTO populacia  VALUES( 2011, 519553, 309, 284 );
INSERT INTO populacia  VALUES( 2011, 519570, 766, 759 );
INSERT INTO populacia  VALUES( 2011, 519588, 470, 499 );
INSERT INTO populacia  VALUES( 2011, 519600, 74, 65 );
INSERT INTO populacia  VALUES( 2011, 519618, 377, 363 );
INSERT INTO populacia  VALUES( 2011, 519626, 133, 122 );
INSERT INTO populacia  VALUES( 2011, 519634, 127, 130 );
INSERT INTO populacia  VALUES( 2011, 519642, 136, 144 );
INSERT INTO populacia  VALUES( 2011, 519669, 274, 238 );
INSERT INTO populacia  VALUES( 2011, 519677, 97, 84 );
INSERT INTO populacia  VALUES( 2011, 519685, 10, 10 );
INSERT INTO populacia  VALUES( 2011, 519693, 79, 88 );
INSERT INTO populacia  VALUES( 2011, 519707, 469, 509 );
INSERT INTO populacia  VALUES( 2011, 519715, 384, 393 );
INSERT INTO populacia  VALUES( 2011, 519723, 188, 182 );
INSERT INTO populacia  VALUES( 2011, 519731, 111, 118 );
INSERT INTO populacia  VALUES( 2011, 519740, 16, 12 );
INSERT INTO populacia  VALUES( 2011, 519758, 163, 161 );
INSERT INTO populacia  VALUES( 2011, 519766, 485, 493 );
INSERT INTO populacia  VALUES( 2011, 519774, 293, 263 );
INSERT INTO populacia  VALUES( 2011, 519782, 360, 354 );
INSERT INTO populacia  VALUES( 2011, 519791, 323, 332 );
INSERT INTO populacia  VALUES( 2011, 519804, 135, 119 );
INSERT INTO populacia  VALUES( 2011, 519812, 152, 161 );
INSERT INTO populacia  VALUES( 2011, 519821, 269, 313 );
INSERT INTO populacia  VALUES( 2011, 519839, 275, 306 );
INSERT INTO populacia  VALUES( 2011, 519847, 163, 147 );
INSERT INTO populacia  VALUES( 2011, 519855, 84, 70 );
INSERT INTO populacia  VALUES( 2011, 519863, 274, 288 );
INSERT INTO populacia  VALUES( 2011, 519871, 185, 198 );
INSERT INTO populacia  VALUES( 2011, 519880, 146, 164 );
INSERT INTO populacia  VALUES( 2011, 519901, 106, 84 );
INSERT INTO populacia  VALUES( 2011, 519910, 62, 49 );
INSERT INTO populacia  VALUES( 2011, 519928, 201, 186 );
INSERT INTO populacia  VALUES( 2011, 519936, 1331, 1363 );
INSERT INTO populacia  VALUES( 2011, 519944, 78, 76 );
INSERT INTO populacia  VALUES( 2011, 519952, 65, 53 );
INSERT INTO populacia  VALUES( 2011, 519961, 1582, 1630 );
INSERT INTO populacia  VALUES( 2011, 519979, 366, 392 );
INSERT INTO populacia  VALUES( 2011, 518638, 0, 0 );
INSERT INTO populacia  VALUES( 2011, 520004, 16930, 17991 );
INSERT INTO populacia  VALUES( 2011, 520012, 104, 98 );
INSERT INTO populacia  VALUES( 2011, 520021, 221, 207 );
INSERT INTO populacia  VALUES( 2011, 520055, 667, 678 );
INSERT INTO populacia  VALUES( 2011, 520063, 290, 284 );
INSERT INTO populacia  VALUES( 2011, 520110, 88, 91 );
INSERT INTO populacia  VALUES( 2011, 520152, 84, 85 );
INSERT INTO populacia  VALUES( 2011, 520195, 272, 265 );
INSERT INTO populacia  VALUES( 2011, 520225, 283, 282 );
INSERT INTO populacia  VALUES( 2011, 520233, 239, 253 );
INSERT INTO populacia  VALUES( 2011, 520241, 211, 213 );
INSERT INTO populacia  VALUES( 2011, 520250, 153, 152 );
INSERT INTO populacia  VALUES( 2011, 520268, 294, 264 );
INSERT INTO populacia  VALUES( 2011, 520276, 183, 248 );
INSERT INTO populacia  VALUES( 2011, 520292, 143, 125 );
INSERT INTO populacia  VALUES( 2011, 520331, 1198, 1193 );
INSERT INTO populacia  VALUES( 2011, 520349, 274, 282 );
INSERT INTO populacia  VALUES( 2011, 520357, 203, 235 );
INSERT INTO populacia  VALUES( 2011, 520373, 377, 386 );
INSERT INTO populacia  VALUES( 2011, 520403, 317, 293 );
INSERT INTO populacia  VALUES( 2011, 520446, 228, 220 );
INSERT INTO populacia  VALUES( 2011, 520454, 429, 405 );
INSERT INTO populacia  VALUES( 2011, 520462, 240, 240 );
INSERT INTO populacia  VALUES( 2011, 520497, 496, 517 );
INSERT INTO populacia  VALUES( 2011, 520501, 276, 282 );
INSERT INTO populacia  VALUES( 2011, 520527, 52, 51 );
INSERT INTO populacia  VALUES( 2011, 520535, 99, 95 );
INSERT INTO populacia  VALUES( 2011, 520543, 162, 187 );
INSERT INTO populacia  VALUES( 2011, 520560, 322, 330 );
INSERT INTO populacia  VALUES( 2011, 520624, 504, 512 );
INSERT INTO populacia  VALUES( 2011, 520667, 116, 158 );
INSERT INTO populacia  VALUES( 2011, 520683, 306, 330 );
INSERT INTO populacia  VALUES( 2011, 520721, 212, 248 );
INSERT INTO populacia  VALUES( 2011, 520772, 255, 266 );
INSERT INTO populacia  VALUES( 2011, 520781, 64, 70 );
INSERT INTO populacia  VALUES( 2011, 520896, 408, 416 );
INSERT INTO populacia  VALUES( 2011, 520900, 150, 163 );
INSERT INTO populacia  VALUES( 2011, 520926, 631, 611 );
INSERT INTO populacia  VALUES( 2011, 520977, 181, 170 );
INSERT INTO populacia  VALUES( 2011, 520985, 169, 153 );
INSERT INTO populacia  VALUES( 2011, 521019, 33, 32 );
INSERT INTO populacia  VALUES( 2011, 521027, 103, 114 );
INSERT INTO populacia  VALUES( 2011, 521035, 245, 234 );
INSERT INTO populacia  VALUES( 2011, 521043, 268, 270 );
INSERT INTO populacia  VALUES( 2011, 521086, 351, 326 );
INSERT INTO populacia  VALUES( 2011, 521116, 180, 180 );
INSERT INTO populacia  VALUES( 2011, 528803, 313, 309 );
INSERT INTO populacia  VALUES( 2011, 528897, 163, 164 );
INSERT INTO populacia  VALUES( 2011, 528951, 240, 233 );
INSERT INTO populacia  VALUES( 2011, 529010, 34, 30 );
INSERT INTO populacia  VALUES( 2011, 529061, 21, 18 );
INSERT INTO populacia  VALUES( 2011, 529087, 58, 56 );
INSERT INTO populacia  VALUES( 2011, 529095, 119, 132 );
INSERT INTO populacia  VALUES( 2011, 529249, 185, 200 );
INSERT INTO populacia  VALUES( 2011, 529273, 33, 43 );
INSERT INTO populacia  VALUES( 2011, 559547, 609, 577 );
INSERT INTO populacia  VALUES( 2011, 559598, 337, 355 );
INSERT INTO populacia  VALUES( 2011, 559636, 64, 50 );
INSERT INTO populacia  VALUES( 2011, 559644, 60, 61 );
INSERT INTO populacia  VALUES( 2011, 559652, 25, 27 );
INSERT INTO populacia  VALUES( 2011, 582140, 311, 301 );
INSERT INTO populacia  VALUES( 2011, 523399, 123, 134 );
INSERT INTO populacia  VALUES( 2011, 523411, 159, 154 );
INSERT INTO populacia  VALUES( 2011, 523429, 104, 128 );
INSERT INTO populacia  VALUES( 2011, 523461, 22, 22 );
INSERT INTO populacia  VALUES( 2011, 523470, 443, 433 );
INSERT INTO populacia  VALUES( 2011, 523500, 48, 52 );
INSERT INTO populacia  VALUES( 2011, 523526, 1440, 1500 );
INSERT INTO populacia  VALUES( 2011, 523534, 723, 707 );
INSERT INTO populacia  VALUES( 2011, 523569, 57, 49 );
INSERT INTO populacia  VALUES( 2011, 523577, 519, 522 );
INSERT INTO populacia  VALUES( 2011, 523585, 8115, 8728 );
INSERT INTO populacia  VALUES( 2011, 523607, 1014, 1015 );
INSERT INTO populacia  VALUES( 2011, 523615, 134, 137 );
INSERT INTO populacia  VALUES( 2011, 523623, 2625, 2408 );
INSERT INTO populacia  VALUES( 2011, 523674, 49, 41 );
INSERT INTO populacia  VALUES( 2011, 523682, 2135, 2145 );
INSERT INTO populacia  VALUES( 2011, 523712, 400, 398 );
INSERT INTO populacia  VALUES( 2011, 523739, 319, 333 );
INSERT INTO populacia  VALUES( 2011, 523771, 166, 164 );
INSERT INTO populacia  VALUES( 2011, 523780, 1188, 1194 );
INSERT INTO populacia  VALUES( 2011, 523798, 1465, 1354 );
INSERT INTO populacia  VALUES( 2011, 523801, 176, 176 );
INSERT INTO populacia  VALUES( 2011, 523810, 921, 943 );
INSERT INTO populacia  VALUES( 2011, 523828, 3192, 3219 );
INSERT INTO populacia  VALUES( 2011, 523836, 1131, 1139 );
INSERT INTO populacia  VALUES( 2011, 523861, 398, 360 );
INSERT INTO populacia  VALUES( 2011, 523887, 483, 526 );
INSERT INTO populacia  VALUES( 2011, 523909, 1061, 1069 );
INSERT INTO populacia  VALUES( 2011, 523976, 932, 929 );
INSERT INTO populacia  VALUES( 2011, 523984, 328, 341 );
INSERT INTO populacia  VALUES( 2011, 523992, 174, 176 );
INSERT INTO populacia  VALUES( 2011, 524000, 2211, 2078 );
INSERT INTO populacia  VALUES( 2011, 524042, 345, 358 );
INSERT INTO populacia  VALUES( 2011, 524051, 242, 235 );
INSERT INTO populacia  VALUES( 2011, 524069, 138, 145 );
INSERT INTO populacia  VALUES( 2011, 524077, 710, 685 );
INSERT INTO populacia  VALUES( 2011, 524085, 542, 532 );
INSERT INTO populacia  VALUES( 2011, 524115, 46, 40 );
INSERT INTO populacia  VALUES( 2011, 524123, 438, 418 );
INSERT INTO populacia  VALUES( 2011, 559938, 96, 93 );
INSERT INTO populacia  VALUES( 2011, 581241, 476, 477 );
INSERT INTO populacia  VALUES( 2011, 526371, 85, 96 );
INSERT INTO populacia  VALUES( 2011, 526380, 86, 92 );
INSERT INTO populacia  VALUES( 2011, 526401, 448, 474 );
INSERT INTO populacia  VALUES( 2011, 526410, 106, 93 );
INSERT INTO populacia  VALUES( 2011, 526428, 137, 134 );
INSERT INTO populacia  VALUES( 2011, 526452, 274, 273 );
INSERT INTO populacia  VALUES( 2011, 526461, 293, 293 );
INSERT INTO populacia  VALUES( 2011, 526479, 467, 472 );
INSERT INTO populacia  VALUES( 2011, 526487, 421, 356 );
INSERT INTO populacia  VALUES( 2011, 526495, 168, 174 );
INSERT INTO populacia  VALUES( 2011, 526517, 299, 297 );
INSERT INTO populacia  VALUES( 2011, 526525, 35, 32 );
INSERT INTO populacia  VALUES( 2011, 526606, 52, 60 );
INSERT INTO populacia  VALUES( 2011, 526614, 154, 144 );
INSERT INTO populacia  VALUES( 2011, 543179, 486, 506 );
INSERT INTO populacia  VALUES( 2011, 543225, 308, 304 );
INSERT INTO populacia  VALUES( 2011, 543276, 206, 173 );
INSERT INTO populacia  VALUES( 2011, 543292, 7321, 7475 );
INSERT INTO populacia  VALUES( 2011, 543314, 66, 57 );
INSERT INTO populacia  VALUES( 2011, 543381, 195, 198 );
INSERT INTO populacia  VALUES( 2011, 543390, 91, 95 );
INSERT INTO populacia  VALUES( 2011, 543420, 148, 143 );
INSERT INTO populacia  VALUES( 2011, 543446, 88, 80 );
INSERT INTO populacia  VALUES( 2011, 543454, 27, 29 );
INSERT INTO populacia  VALUES( 2011, 543462, 86, 98 );
INSERT INTO populacia  VALUES( 2011, 543471, 46, 53 );
INSERT INTO populacia  VALUES( 2011, 543578, 2031, 2044 );
INSERT INTO populacia  VALUES( 2011, 543608, 682, 673 );
INSERT INTO populacia  VALUES( 2011, 543624, 1216, 1225 );
INSERT INTO populacia  VALUES( 2011, 543641, 248, 244 );
INSERT INTO populacia  VALUES( 2011, 543675, 197, 162 );
INSERT INTO populacia  VALUES( 2011, 543691, 94, 98 );
INSERT INTO populacia  VALUES( 2011, 581640, 48, 53 );
INSERT INTO populacia  VALUES( 2011, 520071, 60, 45 );
INSERT INTO populacia  VALUES( 2011, 520098, 188, 172 );
INSERT INTO populacia  VALUES( 2011, 520101, 189, 198 );
INSERT INTO populacia  VALUES( 2011, 520128, 180, 191 );
INSERT INTO populacia  VALUES( 2011, 520187, 231, 232 );
INSERT INTO populacia  VALUES( 2011, 520314, 117, 173 );
INSERT INTO populacia  VALUES( 2011, 520411, 234, 233 );
INSERT INTO populacia  VALUES( 2011, 520471, 3349, 3432 );
INSERT INTO populacia  VALUES( 2011, 520519, 224, 215 );
INSERT INTO populacia  VALUES( 2011, 520578, 158, 153 );
INSERT INTO populacia  VALUES( 2011, 520586, 16, 18 );
INSERT INTO populacia  VALUES( 2011, 520616, 91, 94 );
INSERT INTO populacia  VALUES( 2011, 520691, 291, 290 );
INSERT INTO populacia  VALUES( 2011, 520705, 72, 76 );
INSERT INTO populacia  VALUES( 2011, 520713, 89, 103 );
INSERT INTO populacia  VALUES( 2011, 520853, 66, 68 );
INSERT INTO populacia  VALUES( 2011, 520861, 55, 61 );
INSERT INTO populacia  VALUES( 2011, 520951, 23, 20 );
INSERT INTO populacia  VALUES( 2011, 520993, 141, 176 );
INSERT INTO populacia  VALUES( 2011, 521001, 86, 87 );
INSERT INTO populacia  VALUES( 2011, 521060, 88, 89 );
INSERT INTO populacia  VALUES( 2011, 521078, 65, 68 );
INSERT INTO populacia  VALUES( 2011, 559610, 104, 97 );
INSERT INTO populacia  VALUES( 2011, 523381, 25396, 27395 );
INSERT INTO populacia  VALUES( 2011, 523402, 1103, 1208 );
INSERT INTO populacia  VALUES( 2011, 523437, 642, 619 );
INSERT INTO populacia  VALUES( 2011, 523445, 405, 403 );
INSERT INTO populacia  VALUES( 2011, 523488, 902, 896 );
INSERT INTO populacia  VALUES( 2011, 523496, 413, 411 );
INSERT INTO populacia  VALUES( 2011, 523518, 1495, 1400 );
INSERT INTO populacia  VALUES( 2011, 523542, 759, 739 );
INSERT INTO populacia  VALUES( 2011, 523593, 457, 428 );
INSERT INTO populacia  VALUES( 2011, 523631, 1177, 1240 );
INSERT INTO populacia  VALUES( 2011, 523658, 474, 503 );
INSERT INTO populacia  VALUES( 2011, 523721, 313, 332 );
INSERT INTO populacia  VALUES( 2011, 523747, 222, 233 );
INSERT INTO populacia  VALUES( 2011, 523763, 779, 753 );
INSERT INTO populacia  VALUES( 2011, 523844, 1090, 1098 );
INSERT INTO populacia  VALUES( 2011, 523852, 1258, 1172 );
INSERT INTO populacia  VALUES( 2011, 523879, 1329, 1351 );
INSERT INTO populacia  VALUES( 2011, 523925, 3619, 3986 );
INSERT INTO populacia  VALUES( 2011, 523933, 1770, 1832 );
INSERT INTO populacia  VALUES( 2011, 523950, 641, 671 );
INSERT INTO populacia  VALUES( 2011, 524018, 618, 640 );
INSERT INTO populacia  VALUES( 2011, 524026, 296, 302 );
INSERT INTO populacia  VALUES( 2011, 524034, 926, 932 );
INSERT INTO populacia  VALUES( 2011, 524093, 571, 529 );
INSERT INTO populacia  VALUES( 2011, 524107, 961, 972 );
INSERT INTO populacia  VALUES( 2011, 524131, 685, 690 );
INSERT INTO populacia  VALUES( 2011, 559890, 257, 259 );
INSERT INTO populacia  VALUES( 2011, 560103, 1955, 2267 );
INSERT INTO populacia  VALUES( 2011, 580368, 118, 110 );
INSERT INTO populacia  VALUES( 2011, 518522, 330, 320 );
INSERT INTO populacia  VALUES( 2011, 518590, 1532, 1593 );
INSERT INTO populacia  VALUES( 2011, 524140, 44079, 47559 );
INSERT INTO populacia  VALUES( 2011, 524158, 296, 327 );
INSERT INTO populacia  VALUES( 2011, 524174, 230, 222 );
INSERT INTO populacia  VALUES( 2011, 524191, 249, 236 );
INSERT INTO populacia  VALUES( 2011, 524212, 215, 232 );
INSERT INTO populacia  VALUES( 2011, 524221, 185, 199 );
INSERT INTO populacia  VALUES( 2011, 524255, 84, 74 );
INSERT INTO populacia  VALUES( 2011, 524263, 379, 374 );
INSERT INTO populacia  VALUES( 2011, 524271, 169, 144 );
INSERT INTO populacia  VALUES( 2011, 524301, 434, 454 );
INSERT INTO populacia  VALUES( 2011, 524336, 547, 544 );
INSERT INTO populacia  VALUES( 2011, 524352, 1040, 1092 );
INSERT INTO populacia  VALUES( 2011, 524361, 391, 376 );
INSERT INTO populacia  VALUES( 2011, 524387, 385, 358 );
INSERT INTO populacia  VALUES( 2011, 524395, 959, 924 );
INSERT INTO populacia  VALUES( 2011, 524409, 571, 521 );
INSERT INTO populacia  VALUES( 2011, 524417, 199, 190 );
INSERT INTO populacia  VALUES( 2011, 524425, 68, 65 );
INSERT INTO populacia  VALUES( 2011, 524433, 393, 417 );
INSERT INTO populacia  VALUES( 2011, 524450, 121, 114 );
INSERT INTO populacia  VALUES( 2011, 524468, 944, 919 );
INSERT INTO populacia  VALUES( 2011, 524476, 359, 334 );
INSERT INTO populacia  VALUES( 2011, 524506, 505, 464 );
INSERT INTO populacia  VALUES( 2011, 524514, 203, 233 );
INSERT INTO populacia  VALUES( 2011, 524522, 623, 620 );
INSERT INTO populacia  VALUES( 2011, 524531, 996, 957 );
INSERT INTO populacia  VALUES( 2011, 524549, 429, 445 );
INSERT INTO populacia  VALUES( 2011, 524581, 148, 156 );
INSERT INTO populacia  VALUES( 2011, 524590, 122, 147 );
INSERT INTO populacia  VALUES( 2011, 524620, 1055, 1107 );
INSERT INTO populacia  VALUES( 2011, 524638, 920, 910 );
INSERT INTO populacia  VALUES( 2011, 524646, 112, 107 );
INSERT INTO populacia  VALUES( 2011, 524654, 533, 515 );
INSERT INTO populacia  VALUES( 2011, 524662, 368, 364 );
INSERT INTO populacia  VALUES( 2011, 524697, 186, 177 );
INSERT INTO populacia  VALUES( 2011, 524701, 138, 135 );
INSERT INTO populacia  VALUES( 2011, 524727, 412, 412 );
INSERT INTO populacia  VALUES( 2011, 524735, 86, 84 );
INSERT INTO populacia  VALUES( 2011, 524743, 854, 946 );
INSERT INTO populacia  VALUES( 2011, 524751, 165, 183 );
INSERT INTO populacia  VALUES( 2011, 524760, 539, 425 );
INSERT INTO populacia  VALUES( 2011, 524786, 269, 251 );
INSERT INTO populacia  VALUES( 2011, 524794, 254, 252 );
INSERT INTO populacia  VALUES( 2011, 524808, 77, 88 );
INSERT INTO populacia  VALUES( 2011, 524832, 418, 411 );
INSERT INTO populacia  VALUES( 2011, 524841, 743, 754 );
INSERT INTO populacia  VALUES( 2011, 524867, 151, 162 );
INSERT INTO populacia  VALUES( 2011, 524883, 609, 605 );
INSERT INTO populacia  VALUES( 2011, 524905, 82, 101 );
INSERT INTO populacia  VALUES( 2011, 524913, 251, 220 );
INSERT INTO populacia  VALUES( 2011, 524930, 226, 239 );
INSERT INTO populacia  VALUES( 2011, 524964, 28, 32 );
INSERT INTO populacia  VALUES( 2011, 524999, 328, 335 );
INSERT INTO populacia  VALUES( 2011, 525014, 889, 924 );
INSERT INTO populacia  VALUES( 2011, 525022, 370, 376 );
INSERT INTO populacia  VALUES( 2011, 525031, 166, 199 );
INSERT INTO populacia  VALUES( 2011, 525057, 222, 227 );
INSERT INTO populacia  VALUES( 2011, 525065, 272, 264 );
INSERT INTO populacia  VALUES( 2011, 525073, 370, 382 );
INSERT INTO populacia  VALUES( 2011, 525111, 457, 492 );
INSERT INTO populacia  VALUES( 2011, 525138, 561, 549 );
INSERT INTO populacia  VALUES( 2011, 525154, 516, 535 );
INSERT INTO populacia  VALUES( 2011, 525162, 66, 65 );
INSERT INTO populacia  VALUES( 2011, 525171, 922, 877 );
INSERT INTO populacia  VALUES( 2011, 525189, 254, 283 );
INSERT INTO populacia  VALUES( 2011, 525197, 145, 161 );
INSERT INTO populacia  VALUES( 2011, 525201, 334, 361 );
INSERT INTO populacia  VALUES( 2011, 525251, 280, 265 );
INSERT INTO populacia  VALUES( 2011, 525260, 1211, 1197 );
INSERT INTO populacia  VALUES( 2011, 525278, 117, 95 );
INSERT INTO populacia  VALUES( 2011, 525286, 275, 270 );
INSERT INTO populacia  VALUES( 2011, 525294, 559, 613 );
INSERT INTO populacia  VALUES( 2011, 525324, 110, 125 );
INSERT INTO populacia  VALUES( 2011, 525332, 243, 220 );
INSERT INTO populacia  VALUES( 2011, 525341, 660, 652 );
INSERT INTO populacia  VALUES( 2011, 525383, 677, 679 );
INSERT INTO populacia  VALUES( 2011, 525391, 166, 173 );
INSERT INTO populacia  VALUES( 2011, 525405, 2632, 2772 );
INSERT INTO populacia  VALUES( 2011, 525413, 991, 1014 );
INSERT INTO populacia  VALUES( 2011, 525430, 557, 584 );
INSERT INTO populacia  VALUES( 2011, 525448, 297, 287 );
INSERT INTO populacia  VALUES( 2011, 525456, 473, 490 );
INSERT INTO populacia  VALUES( 2011, 525472, 211, 217 );
INSERT INTO populacia  VALUES( 2011, 525499, 523, 494 );
INSERT INTO populacia  VALUES( 2011, 525502, 143, 137 );
INSERT INTO populacia  VALUES( 2011, 525511, 701, 654 );
INSERT INTO populacia  VALUES( 2011, 556823, 373, 368 );
INSERT INTO populacia  VALUES( 2011, 559971, 227, 248 );
INSERT INTO populacia  VALUES( 2011, 559989, 92, 103 );
INSERT INTO populacia  VALUES( 2011, 524182, 155, 152 );
INSERT INTO populacia  VALUES( 2011, 524204, 156, 169 );
INSERT INTO populacia  VALUES( 2011, 524239, 866, 823 );
INSERT INTO populacia  VALUES( 2011, 524247, 218, 212 );
INSERT INTO populacia  VALUES( 2011, 524280, 255, 234 );
INSERT INTO populacia  VALUES( 2011, 524298, 404, 419 );
INSERT INTO populacia  VALUES( 2011, 524310, 378, 388 );
INSERT INTO populacia  VALUES( 2011, 524328, 56, 44 );
INSERT INTO populacia  VALUES( 2011, 524344, 368, 346 );
INSERT INTO populacia  VALUES( 2011, 524379, 759, 745 );
INSERT INTO populacia  VALUES( 2011, 524441, 70, 63 );
INSERT INTO populacia  VALUES( 2011, 524492, 238, 239 );
INSERT INTO populacia  VALUES( 2011, 524557, 179, 168 );
INSERT INTO populacia  VALUES( 2011, 524565, 210, 202 );
INSERT INTO populacia  VALUES( 2011, 524573, 477, 460 );
INSERT INTO populacia  VALUES( 2011, 524603, 2762, 2813 );
INSERT INTO populacia  VALUES( 2011, 524611, 946, 907 );
INSERT INTO populacia  VALUES( 2011, 524671, 368, 357 );
INSERT INTO populacia  VALUES( 2011, 524689, 621, 604 );
INSERT INTO populacia  VALUES( 2011, 524778, 3221, 3205 );
INSERT INTO populacia  VALUES( 2011, 524816, 364, 323 );
INSERT INTO populacia  VALUES( 2011, 524824, 228, 240 );
INSERT INTO populacia  VALUES( 2011, 524875, 340, 348 );
INSERT INTO populacia  VALUES( 2011, 524921, 404, 413 );
INSERT INTO populacia  VALUES( 2011, 524948, 210, 206 );
INSERT INTO populacia  VALUES( 2011, 524956, 200, 194 );
INSERT INTO populacia  VALUES( 2011, 524981, 911, 923 );
INSERT INTO populacia  VALUES( 2011, 525006, 1268, 1298 );
INSERT INTO populacia  VALUES( 2011, 525049, 482, 466 );
INSERT INTO populacia  VALUES( 2011, 525081, 66, 74 );
INSERT INTO populacia  VALUES( 2011, 525090, 731, 727 );
INSERT INTO populacia  VALUES( 2011, 525103, 82, 96 );
INSERT INTO populacia  VALUES( 2011, 525120, 676, 643 );
INSERT INTO populacia  VALUES( 2011, 525146, 6295, 6420 );
INSERT INTO populacia  VALUES( 2011, 525219, 650, 607 );
INSERT INTO populacia  VALUES( 2011, 525235, 1411, 1443 );
INSERT INTO populacia  VALUES( 2011, 525243, 259, 270 );
INSERT INTO populacia  VALUES( 2011, 525308, 172, 170 );
INSERT INTO populacia  VALUES( 2011, 525316, 757, 757 );
INSERT INTO populacia  VALUES( 2011, 525359, 265, 265 );
INSERT INTO populacia  VALUES( 2011, 525367, 210, 207 );
INSERT INTO populacia  VALUES( 2011, 525375, 301, 309 );
INSERT INTO populacia  VALUES( 2011, 525421, 72, 63 );
INSERT INTO populacia  VALUES( 2011, 520039, 1675, 1702 );
INSERT INTO populacia  VALUES( 2011, 520080, 17, 31 );
INSERT INTO populacia  VALUES( 2011, 520136, 77, 84 );
INSERT INTO populacia  VALUES( 2011, 520161, 1027, 1021 );
INSERT INTO populacia  VALUES( 2011, 520179, 82, 156 );
INSERT INTO populacia  VALUES( 2011, 520209, 166, 133 );
INSERT INTO populacia  VALUES( 2011, 520217, 29, 34 );
INSERT INTO populacia  VALUES( 2011, 520284, 47, 34 );
INSERT INTO populacia  VALUES( 2011, 520322, 271, 288 );
INSERT INTO populacia  VALUES( 2011, 520365, 257, 270 );
INSERT INTO populacia  VALUES( 2011, 520381, 42, 44 );
INSERT INTO populacia  VALUES( 2011, 520390, 296, 286 );
INSERT INTO populacia  VALUES( 2011, 520438, 165, 150 );
INSERT INTO populacia  VALUES( 2011, 520489, 45, 50 );
INSERT INTO populacia  VALUES( 2011, 520551, 150, 136 );
INSERT INTO populacia  VALUES( 2011, 520594, 103, 83 );
INSERT INTO populacia  VALUES( 2011, 520632, 16, 16 );
INSERT INTO populacia  VALUES( 2011, 520641, 280, 304 );
INSERT INTO populacia  VALUES( 2011, 520659, 272, 310 );
INSERT INTO populacia  VALUES( 2011, 520675, 30, 35 );
INSERT INTO populacia  VALUES( 2011, 520730, 44, 37 );
INSERT INTO populacia  VALUES( 2011, 520748, 51, 60 );
INSERT INTO populacia  VALUES( 2011, 520764, 60, 74 );
INSERT INTO populacia  VALUES( 2011, 520802, 10136, 10565 );
INSERT INTO populacia  VALUES( 2011, 520811, 171, 164 );
INSERT INTO populacia  VALUES( 2011, 520829, 1203, 1271 );
INSERT INTO populacia  VALUES( 2011, 520845, 71, 75 );
INSERT INTO populacia  VALUES( 2011, 520870, 49, 44 );
INSERT INTO populacia  VALUES( 2011, 520888, 72, 85 );
INSERT INTO populacia  VALUES( 2011, 520918, 370, 435 );
INSERT INTO populacia  VALUES( 2011, 520934, 468, 464 );
INSERT INTO populacia  VALUES( 2011, 520942, 131, 139 );
INSERT INTO populacia  VALUES( 2011, 521051, 168, 199 );
INSERT INTO populacia  VALUES( 2011, 521108, 629, 634 );
INSERT INTO populacia  VALUES( 2011, 526665, 8155, 8179 );
INSERT INTO populacia  VALUES( 2011, 526673, 630, 619 );
INSERT INTO populacia  VALUES( 2011, 526681, 118, 138 );
INSERT INTO populacia  VALUES( 2011, 526690, 202, 210 );
INSERT INTO populacia  VALUES( 2011, 526703, 41, 37 );
INSERT INTO populacia  VALUES( 2011, 526711, 344, 332 );
INSERT INTO populacia  VALUES( 2011, 526720, 726, 742 );
INSERT INTO populacia  VALUES( 2011, 526738, 101, 92 );
INSERT INTO populacia  VALUES( 2011, 526746, 255, 247 );
INSERT INTO populacia  VALUES( 2011, 526754, 472, 487 );
INSERT INTO populacia  VALUES( 2011, 526762, 1331, 1315 );
INSERT INTO populacia  VALUES( 2011, 526771, 434, 451 );
INSERT INTO populacia  VALUES( 2011, 526789, 703, 684 );
INSERT INTO populacia  VALUES( 2011, 526797, 653, 590 );
INSERT INTO populacia  VALUES( 2011, 526801, 56, 53 );
INSERT INTO populacia  VALUES( 2011, 526819, 348, 391 );
INSERT INTO populacia  VALUES( 2011, 526827, 83, 80 );
INSERT INTO populacia  VALUES( 2011, 526835, 80, 41 );
INSERT INTO populacia  VALUES( 2011, 526843, 267, 248 );
INSERT INTO populacia  VALUES( 2011, 526851, 308, 333 );
INSERT INTO populacia  VALUES( 2011, 526860, 1401, 1353 );
INSERT INTO populacia  VALUES( 2011, 526878, 676, 696 );
INSERT INTO populacia  VALUES( 2011, 526886, 239, 223 );
INSERT INTO populacia  VALUES( 2011, 526894, 34, 39 );
INSERT INTO populacia  VALUES( 2011, 526908, 350, 320 );
INSERT INTO populacia  VALUES( 2011, 526916, 307, 312 );
INSERT INTO populacia  VALUES( 2011, 526924, 1442, 1460 );
INSERT INTO populacia  VALUES( 2011, 526932, 22, 17 );
INSERT INTO populacia  VALUES( 2011, 526941, 331, 360 );
INSERT INTO populacia  VALUES( 2011, 526959, 939, 902 );
INSERT INTO populacia  VALUES( 2011, 526967, 805, 820 );
INSERT INTO populacia  VALUES( 2011, 526975, 1654, 1617 );
INSERT INTO populacia  VALUES( 2011, 526983, 110, 120 );
INSERT INTO populacia  VALUES( 2011, 526991, 38, 60 );
INSERT INTO populacia  VALUES( 2011, 527009, 26, 20 );
INSERT INTO populacia  VALUES( 2011, 527017, 95, 100 );
INSERT INTO populacia  VALUES( 2011, 527025, 194, 172 );
INSERT INTO populacia  VALUES( 2011, 527033, 198, 215 );
INSERT INTO populacia  VALUES( 2011, 527041, 641, 651 );
INSERT INTO populacia  VALUES( 2011, 527050, 198, 214 );
INSERT INTO populacia  VALUES( 2011, 527068, 238, 228 );
INSERT INTO populacia  VALUES( 2011, 527076, 490, 483 );
INSERT INTO populacia  VALUES( 2011, 527084, 125, 127 );
INSERT INTO populacia  VALUES( 2011, 527092, 673, 723 );
INSERT INTO populacia  VALUES( 2011, 527114, 87, 78 );
INSERT INTO populacia  VALUES( 2011, 527157, 371, 403 );
INSERT INTO populacia  VALUES( 2011, 527165, 70, 64 );
INSERT INTO populacia  VALUES( 2011, 527173, 203, 213 );
INSERT INTO populacia  VALUES( 2011, 527181, 261, 256 );
INSERT INTO populacia  VALUES( 2011, 527190, 11, 22 );
INSERT INTO populacia  VALUES( 2011, 527203, 71, 92 );
INSERT INTO populacia  VALUES( 2011, 527262, 228, 256 );
INSERT INTO populacia  VALUES( 2011, 527289, 103, 104 );
INSERT INTO populacia  VALUES( 2011, 527297, 213, 195 );
INSERT INTO populacia  VALUES( 2011, 527335, 270, 274 );
INSERT INTO populacia  VALUES( 2011, 527343, 22, 26 );
INSERT INTO populacia  VALUES( 2011, 527386, 99, 94 );
INSERT INTO populacia  VALUES( 2011, 527408, 37, 45 );
INSERT INTO populacia  VALUES( 2011, 527416, 35, 32 );
INSERT INTO populacia  VALUES( 2011, 527467, 19, 17 );
INSERT INTO populacia  VALUES( 2011, 527475, 136, 144 );
INSERT INTO populacia  VALUES( 2011, 527513, 131, 141 );
INSERT INTO populacia  VALUES( 2011, 527521, 95, 93 );
INSERT INTO populacia  VALUES( 2011, 527530, 59, 54 );
INSERT INTO populacia  VALUES( 2011, 527572, 70, 85 );
INSERT INTO populacia  VALUES( 2011, 527581, 179, 168 );
INSERT INTO populacia  VALUES( 2011, 527611, 44, 47 );
INSERT INTO populacia  VALUES( 2011, 527637, 204, 211 );
INSERT INTO populacia  VALUES( 2011, 527700, 117, 117 );
INSERT INTO populacia  VALUES( 2011, 527718, 30, 30 );
INSERT INTO populacia  VALUES( 2011, 527726, 46, 46 );
INSERT INTO populacia  VALUES( 2011, 527793, 107, 113 );
INSERT INTO populacia  VALUES( 2011, 527815, 19, 20 );
INSERT INTO populacia  VALUES( 2011, 527823, 113, 142 );
INSERT INTO populacia  VALUES( 2011, 527840, 5482, 5423 );
INSERT INTO populacia  VALUES( 2011, 527866, 164, 153 );
INSERT INTO populacia  VALUES( 2011, 527912, 201, 191 );
INSERT INTO populacia  VALUES( 2011, 527921, 60, 55 );
INSERT INTO populacia  VALUES( 2011, 527939, 195, 203 );
INSERT INTO populacia  VALUES( 2011, 527971, 85, 97 );
INSERT INTO populacia  VALUES( 2011, 527980, 91, 130 );
INSERT INTO populacia  VALUES( 2011, 527998, 115, 106 );
INSERT INTO populacia  VALUES( 2011, 528005, 38, 23 );
INSERT INTO populacia  VALUES( 2011, 528013, 58, 55 );
INSERT INTO populacia  VALUES( 2011, 528021, 64, 76 );
INSERT INTO populacia  VALUES( 2011, 528048, 299, 315 );
INSERT INTO populacia  VALUES( 2011, 560073, 100, 90 );
INSERT INTO populacia  VALUES( 2011, 519197, 2078, 2082 );
INSERT INTO populacia  VALUES( 2011, 519316, 279, 277 );
INSERT INTO populacia  VALUES( 2011, 519332, 53, 45 );
INSERT INTO populacia  VALUES( 2011, 519391, 606, 578 );
INSERT INTO populacia  VALUES( 2011, 519448, 352, 351 );
INSERT INTO populacia  VALUES( 2011, 519537, 260, 269 );
INSERT INTO populacia  VALUES( 2011, 519561, 128, 131 );
INSERT INTO populacia  VALUES( 2011, 519596, 73, 73 );
INSERT INTO populacia  VALUES( 2011, 519987, 244, 214 );
INSERT INTO populacia  VALUES( 2011, 519995, 172, 163 );
INSERT INTO populacia  VALUES( 2011, 527106, 5653, 5949 );
INSERT INTO populacia  VALUES( 2011, 527122, 10, 11 );
INSERT INTO populacia  VALUES( 2011, 527131, 117, 113 );
INSERT INTO populacia  VALUES( 2011, 527149, 31, 29 );
INSERT INTO populacia  VALUES( 2011, 527211, 273, 319 );
INSERT INTO populacia  VALUES( 2011, 527220, 52, 56 );
INSERT INTO populacia  VALUES( 2011, 527238, 36, 36 );
INSERT INTO populacia  VALUES( 2011, 527246, 16, 18 );
INSERT INTO populacia  VALUES( 2011, 527254, 114, 117 );
INSERT INTO populacia  VALUES( 2011, 527271, 63, 79 );
INSERT INTO populacia  VALUES( 2011, 527301, 6, 8 );
INSERT INTO populacia  VALUES( 2011, 527319, 180, 152 );
INSERT INTO populacia  VALUES( 2011, 527327, 165, 171 );
INSERT INTO populacia  VALUES( 2011, 527351, 36, 45 );
INSERT INTO populacia  VALUES( 2011, 527360, 218, 192 );
INSERT INTO populacia  VALUES( 2011, 527378, 112, 117 );
INSERT INTO populacia  VALUES( 2011, 527394, 31, 38 );
INSERT INTO populacia  VALUES( 2011, 527424, 192, 195 );
INSERT INTO populacia  VALUES( 2011, 527432, 96, 113 );
INSERT INTO populacia  VALUES( 2011, 527441, 24, 30 );
INSERT INTO populacia  VALUES( 2011, 527459, 40, 40 );
INSERT INTO populacia  VALUES( 2011, 527483, 308, 350 );
INSERT INTO populacia  VALUES( 2011, 527491, 174, 190 );
INSERT INTO populacia  VALUES( 2011, 527505, 510, 500 );
INSERT INTO populacia  VALUES( 2011, 527548, 66, 67 );
INSERT INTO populacia  VALUES( 2011, 527556, 20, 30 );
INSERT INTO populacia  VALUES( 2011, 527564, 225, 243 );
INSERT INTO populacia  VALUES( 2011, 527599, 34, 35 );
INSERT INTO populacia  VALUES( 2011, 527602, 98, 126 );
INSERT INTO populacia  VALUES( 2011, 527629, 40, 44 );
INSERT INTO populacia  VALUES( 2011, 527645, 45, 42 );
INSERT INTO populacia  VALUES( 2011, 527653, 88, 98 );
INSERT INTO populacia  VALUES( 2011, 527661, 125, 127 );
INSERT INTO populacia  VALUES( 2011, 527670, 137, 152 );
INSERT INTO populacia  VALUES( 2011, 527688, 43, 40 );
INSERT INTO populacia  VALUES( 2011, 527696, 310, 341 );
INSERT INTO populacia  VALUES( 2011, 527734, 6, 2 );
INSERT INTO populacia  VALUES( 2011, 527742, 27, 33 );
INSERT INTO populacia  VALUES( 2011, 527751, 233, 225 );
INSERT INTO populacia  VALUES( 2011, 527769, 102, 73 );
INSERT INTO populacia  VALUES( 2011, 527777, 242, 255 );
INSERT INTO populacia  VALUES( 2011, 527785, 184, 173 );
INSERT INTO populacia  VALUES( 2011, 527807, 70, 79 );
INSERT INTO populacia  VALUES( 2011, 527831, 271, 263 );
INSERT INTO populacia  VALUES( 2011, 527858, 68, 73 );
INSERT INTO populacia  VALUES( 2011, 527874, 6, 8 );
INSERT INTO populacia  VALUES( 2011, 527882, 149, 146 );
INSERT INTO populacia  VALUES( 2011, 527891, 43, 44 );
INSERT INTO populacia  VALUES( 2011, 527904, 61, 51 );
INSERT INTO populacia  VALUES( 2011, 527947, 53, 76 );
INSERT INTO populacia  VALUES( 2011, 527955, 125, 107 );
INSERT INTO populacia  VALUES( 2011, 527963, 25, 15 );
INSERT INTO populacia  VALUES( 2011, 528030, 99, 103 );
INSERT INTO populacia  VALUES( 2011, 528056, 34, 43 );
INSERT INTO populacia  VALUES( 2011, 528064, 45, 31 );
INSERT INTO populacia  VALUES( 2011, 528072, 275, 291 );
INSERT INTO populacia  VALUES( 2011, 528081, 196, 185 );
INSERT INTO populacia  VALUES( 2011, 580601, 125, 137 );
INSERT INTO populacia  VALUES( 2011, 528731, 214, 226 );
INSERT INTO populacia  VALUES( 2011, 528749, 113, 108 );
INSERT INTO populacia  VALUES( 2011, 528757, 229, 225 );
INSERT INTO populacia  VALUES( 2011, 528765, 165, 173 );
INSERT INTO populacia  VALUES( 2011, 528773, 631, 645 );
INSERT INTO populacia  VALUES( 2011, 528781, 259, 268 );
INSERT INTO populacia  VALUES( 2011, 528790, 223, 250 );
INSERT INTO populacia  VALUES( 2011, 528811, 262, 264 );
INSERT INTO populacia  VALUES( 2011, 528820, 225, 206 );
INSERT INTO populacia  VALUES( 2011, 528838, 221, 227 );
INSERT INTO populacia  VALUES( 2011, 528846, 214, 235 );
INSERT INTO populacia  VALUES( 2011, 528854, 134, 136 );
INSERT INTO populacia  VALUES( 2011, 528862, 151, 145 );
INSERT INTO populacia  VALUES( 2011, 528871, 303, 302 );
INSERT INTO populacia  VALUES( 2011, 528889, 180, 138 );
INSERT INTO populacia  VALUES( 2011, 528901, 812, 811 );
INSERT INTO populacia  VALUES( 2011, 528919, 763, 840 );
INSERT INTO populacia  VALUES( 2011, 528927, 198, 217 );
INSERT INTO populacia  VALUES( 2011, 528935, 205, 156 );
INSERT INTO populacia  VALUES( 2011, 528943, 406, 422 );
INSERT INTO populacia  VALUES( 2011, 528960, 368, 390 );
INSERT INTO populacia  VALUES( 2011, 528978, 72, 77 );
INSERT INTO populacia  VALUES( 2011, 528986, 209, 226 );
INSERT INTO populacia  VALUES( 2011, 528994, 77, 68 );
INSERT INTO populacia  VALUES( 2011, 529001, 461, 452 );
INSERT INTO populacia  VALUES( 2011, 529028, 120, 102 );
INSERT INTO populacia  VALUES( 2011, 529036, 96, 116 );
INSERT INTO populacia  VALUES( 2011, 529044, 90, 103 );
INSERT INTO populacia  VALUES( 2011, 529052, 157, 137 );
INSERT INTO populacia  VALUES( 2011, 529079, 324, 340 );
INSERT INTO populacia  VALUES( 2011, 529109, 43, 41 );
INSERT INTO populacia  VALUES( 2011, 529117, 94, 105 );
INSERT INTO populacia  VALUES( 2011, 529125, 1101, 1143 );
INSERT INTO populacia  VALUES( 2011, 529133, 1357, 1383 );
INSERT INTO populacia  VALUES( 2011, 529141, 665, 652 );
INSERT INTO populacia  VALUES( 2011, 529150, 390, 406 );
INSERT INTO populacia  VALUES( 2011, 529168, 373, 406 );
INSERT INTO populacia  VALUES( 2011, 529176, 1240, 1209 );
INSERT INTO populacia  VALUES( 2011, 529184, 52, 64 );
INSERT INTO populacia  VALUES( 2011, 529192, 525, 511 );
INSERT INTO populacia  VALUES( 2011, 529206, 50, 56 );
INSERT INTO populacia  VALUES( 2011, 529214, 34, 28 );
INSERT INTO populacia  VALUES( 2011, 529222, 1366, 1372 );
INSERT INTO populacia  VALUES( 2011, 529231, 116, 116 );
INSERT INTO populacia  VALUES( 2011, 529257, 610, 595 );
INSERT INTO populacia  VALUES( 2011, 529265, 1488, 1521 );
INSERT INTO populacia  VALUES( 2011, 529281, 36, 37 );
INSERT INTO populacia  VALUES( 2011, 529290, 411, 406 );
INSERT INTO populacia  VALUES( 2011, 544051, 11445, 11780 );
INSERT INTO populacia  VALUES( 2011, 544060, 109, 138 );
INSERT INTO populacia  VALUES( 2011, 544078, 888, 838 );
INSERT INTO populacia  VALUES( 2011, 544086, 251, 289 );
INSERT INTO populacia  VALUES( 2011, 544094, 1341, 1321 );
INSERT INTO populacia  VALUES( 2011, 544108, 193, 214 );
INSERT INTO populacia  VALUES( 2011, 544116, 1233, 1247 );
INSERT INTO populacia  VALUES( 2011, 544124, 598, 614 );
INSERT INTO populacia  VALUES( 2011, 544132, 373, 382 );
INSERT INTO populacia  VALUES( 2011, 544141, 228, 244 );
INSERT INTO populacia  VALUES( 2011, 544159, 374, 423 );
INSERT INTO populacia  VALUES( 2011, 544167, 23, 33 );
INSERT INTO populacia  VALUES( 2011, 544175, 684, 718 );
INSERT INTO populacia  VALUES( 2011, 544183, 129, 122 );
INSERT INTO populacia  VALUES( 2011, 544191, 79, 71 );
INSERT INTO populacia  VALUES( 2011, 544205, 36, 32 );
INSERT INTO populacia  VALUES( 2011, 544213, 1820, 1927 );
INSERT INTO populacia  VALUES( 2011, 544221, 346, 359 );
INSERT INTO populacia  VALUES( 2011, 544230, 911, 881 );
INSERT INTO populacia  VALUES( 2011, 581674, 650, 658 );
INSERT INTO populacia  VALUES( 2011, 526509, 3087, 3145 );
INSERT INTO populacia  VALUES( 2011, 526541, 720, 768 );
INSERT INTO populacia  VALUES( 2011, 526550, 46, 57 );
INSERT INTO populacia  VALUES( 2011, 526631, 297, 310 );
INSERT INTO populacia  VALUES( 2011, 526649, 377, 382 );
INSERT INTO populacia  VALUES( 2011, 543144, 145, 162 );
INSERT INTO populacia  VALUES( 2011, 543187, 958, 916 );
INSERT INTO populacia  VALUES( 2011, 543233, 787, 810 );
INSERT INTO populacia  VALUES( 2011, 543241, 373, 356 );
INSERT INTO populacia  VALUES( 2011, 543322, 974, 989 );
INSERT INTO populacia  VALUES( 2011, 543365, 831, 877 );
INSERT INTO populacia  VALUES( 2011, 543373, 1529, 1530 );
INSERT INTO populacia  VALUES( 2011, 543497, 1638, 1742 );
INSERT INTO populacia  VALUES( 2011, 543501, 1257, 1273 );
INSERT INTO populacia  VALUES( 2011, 543551, 223, 238 );
INSERT INTO populacia  VALUES( 2011, 543560, 577, 552 );
INSERT INTO populacia  VALUES( 2011, 543632, 112, 114 );
INSERT INTO populacia  VALUES( 2011, 543659, 1022, 1063 );
INSERT INTO populacia  VALUES( 2011, 543683, 79, 66 );
INSERT INTO populacia  VALUES( 2011, 543705, 461, 482 );
INSERT INTO populacia  VALUES( 2011, 598119, 597, 595 );
INSERT INTO populacia  VALUES( 2011, 598127, 1143, 1264 );
INSERT INTO populacia  VALUES( 2011, 598151, 9538, 10810 );
INSERT INTO populacia  VALUES( 2011, 598186, 9581, 11017 );
INSERT INTO populacia  VALUES( 2011, 599875, 11273, 11991 );
INSERT INTO populacia  VALUES( 2011, 599891, 345, 323 );
INSERT INTO populacia  VALUES( 2011, 598194, 230, 238 );
INSERT INTO populacia  VALUES( 2011, 598208, 753, 794 );
INSERT INTO populacia  VALUES( 2011, 598216, 992, 1027 );
INSERT INTO populacia  VALUES( 2011, 598224, 19226, 21469 );
INSERT INTO populacia  VALUES( 2011, 599841, 2806, 2870 );
INSERT INTO populacia  VALUES( 2011, 599859, 541, 568 );
INSERT INTO populacia  VALUES( 2011, 599883, 12361, 12862 );
INSERT INTO populacia  VALUES( 2011, 599972, 3084, 3010 );
INSERT INTO populacia  VALUES( 2011, 598682, 13385, 14039 );
INSERT INTO populacia  VALUES( 2011, 599018, 1282, 1298 );
INSERT INTO populacia  VALUES( 2011, 599093, 1631, 1749 );
INSERT INTO populacia  VALUES( 2011, 599786, 312, 351 );
INSERT INTO populacia  VALUES( 2011, 599794, 2254, 2247 );
INSERT INTO populacia  VALUES( 2011, 599816, 12489, 13190 );
INSERT INTO populacia  VALUES( 2011, 599824, 10825, 12636 );
INSERT INTO populacia  VALUES( 2011, 599913, 829, 863 );
INSERT INTO populacia  VALUES( 2011, 518107, 92, 107 );
INSERT INTO populacia  VALUES( 2011, 518115, 100, 116 );
INSERT INTO populacia  VALUES( 2011, 518123, 144, 144 );
INSERT INTO populacia  VALUES( 2011, 518140, 288, 255 );
INSERT INTO populacia  VALUES( 2011, 521141, 229, 251 );
INSERT INTO populacia  VALUES( 2011, 521159, 232, 228 );
INSERT INTO populacia  VALUES( 2011, 521167, 194, 190 );
INSERT INTO populacia  VALUES( 2011, 521175, 309, 318 );
INSERT INTO populacia  VALUES( 2011, 521183, 688, 686 );
INSERT INTO populacia  VALUES( 2011, 521191, 284, 283 );
INSERT INTO populacia  VALUES( 2011, 521205, 515, 530 );
INSERT INTO populacia  VALUES( 2011, 521213, 395, 395 );
INSERT INTO populacia  VALUES( 2011, 521221, 492, 542 );
INSERT INTO populacia  VALUES( 2011, 521248, 396, 394 );
INSERT INTO populacia  VALUES( 2011, 521256, 42, 44 );
INSERT INTO populacia  VALUES( 2011, 521264, 585, 620 );
INSERT INTO populacia  VALUES( 2011, 521272, 407, 415 );
INSERT INTO populacia  VALUES( 2011, 521281, 312, 317 );
INSERT INTO populacia  VALUES( 2011, 521299, 2825, 2697 );
INSERT INTO populacia  VALUES( 2011, 521302, 1015, 1047 );
INSERT INTO populacia  VALUES( 2011, 521311, 188, 194 );
INSERT INTO populacia  VALUES( 2011, 521329, 183, 193 );
INSERT INTO populacia  VALUES( 2011, 521337, 1062, 1090 );
INSERT INTO populacia  VALUES( 2011, 521345, 1250, 1307 );
INSERT INTO populacia  VALUES( 2011, 521353, 201, 205 );
INSERT INTO populacia  VALUES( 2011, 521361, 865, 824 );
INSERT INTO populacia  VALUES( 2011, 521370, 820, 811 );
INSERT INTO populacia  VALUES( 2011, 521388, 308, 311 );
INSERT INTO populacia  VALUES( 2011, 521396, 114, 110 );
INSERT INTO populacia  VALUES( 2011, 521400, 692, 751 );
INSERT INTO populacia  VALUES( 2011, 521418, 130, 162 );
INSERT INTO populacia  VALUES( 2011, 521426, 152, 139 );
INSERT INTO populacia  VALUES( 2011, 521442, 150, 175 );
INSERT INTO populacia  VALUES( 2011, 521469, 245, 240 );
INSERT INTO populacia  VALUES( 2011, 521477, 224, 227 );
INSERT INTO populacia  VALUES( 2011, 521485, 277, 292 );
INSERT INTO populacia  VALUES( 2011, 521493, 1659, 1719 );
INSERT INTO populacia  VALUES( 2011, 521507, 362, 346 );
INSERT INTO populacia  VALUES( 2011, 521523, 1543, 1500 );
INSERT INTO populacia  VALUES( 2011, 521540, 60, 61 );
INSERT INTO populacia  VALUES( 2011, 521558, 546, 571 );
INSERT INTO populacia  VALUES( 2011, 521566, 183, 203 );
INSERT INTO populacia  VALUES( 2011, 521574, 502, 479 );
INSERT INTO populacia  VALUES( 2011, 521582, 463, 504 );
INSERT INTO populacia  VALUES( 2011, 521591, 595, 616 );
INSERT INTO populacia  VALUES( 2011, 521604, 136, 139 );
INSERT INTO populacia  VALUES( 2011, 521612, 556, 546 );
INSERT INTO populacia  VALUES( 2011, 521639, 721, 705 );
INSERT INTO populacia  VALUES( 2011, 521655, 717, 717 );
INSERT INTO populacia  VALUES( 2011, 521663, 97, 83 );
INSERT INTO populacia  VALUES( 2011, 521671, 2132, 2144 );
INSERT INTO populacia  VALUES( 2011, 521680, 666, 704 );
INSERT INTO populacia  VALUES( 2011, 521698, 5462, 5625 );
INSERT INTO populacia  VALUES( 2011, 521701, 31, 42 );
INSERT INTO populacia  VALUES( 2011, 521728, 274, 270 );
INSERT INTO populacia  VALUES( 2011, 521736, 824, 797 );
INSERT INTO populacia  VALUES( 2011, 521744, 135, 137 );
INSERT INTO populacia  VALUES( 2011, 521752, 367, 375 );
INSERT INTO populacia  VALUES( 2011, 521761, 199, 230 );
INSERT INTO populacia  VALUES( 2011, 521779, 167, 166 );
INSERT INTO populacia  VALUES( 2011, 521787, 355, 361 );
INSERT INTO populacia  VALUES( 2011, 521795, 217, 202 );
INSERT INTO populacia  VALUES( 2011, 521809, 99, 113 );
INSERT INTO populacia  VALUES( 2011, 521817, 211, 207 );
INSERT INTO populacia  VALUES( 2011, 521825, 282, 321 );
INSERT INTO populacia  VALUES( 2011, 521833, 50, 47 );
INSERT INTO populacia  VALUES( 2011, 521841, 97, 103 );
INSERT INTO populacia  VALUES( 2011, 521850, 280, 311 );
INSERT INTO populacia  VALUES( 2011, 521868, 202, 196 );
INSERT INTO populacia  VALUES( 2011, 521876, 667, 730 );
INSERT INTO populacia  VALUES( 2011, 521884, 428, 419 );
INSERT INTO populacia  VALUES( 2011, 521892, 1343, 1418 );
INSERT INTO populacia  VALUES( 2011, 521906, 186, 160 );
INSERT INTO populacia  VALUES( 2011, 521914, 363, 359 );
INSERT INTO populacia  VALUES( 2011, 521922, 177, 169 );
INSERT INTO populacia  VALUES( 2011, 521931, 1127, 1157 );
INSERT INTO populacia  VALUES( 2011, 521949, 302, 318 );
INSERT INTO populacia  VALUES( 2011, 521957, 701, 689 );
INSERT INTO populacia  VALUES( 2011, 521965, 876, 952 );
INSERT INTO populacia  VALUES( 2011, 521973, 1100, 1014 );
INSERT INTO populacia  VALUES( 2011, 521981, 534, 568 );
INSERT INTO populacia  VALUES( 2011, 522007, 691, 721 );
INSERT INTO populacia  VALUES( 2011, 522015, 95, 116 );
INSERT INTO populacia  VALUES( 2011, 522023, 258, 244 );
INSERT INTO populacia  VALUES( 2011, 522031, 486, 551 );
INSERT INTO populacia  VALUES( 2011, 522040, 402, 437 );
INSERT INTO populacia  VALUES( 2011, 522066, 440, 364 );
INSERT INTO populacia  VALUES( 2011, 522074, 367, 367 );
INSERT INTO populacia  VALUES( 2011, 522082, 105, 94 );
INSERT INTO populacia  VALUES( 2011, 522091, 130, 130 );
INSERT INTO populacia  VALUES( 2011, 522104, 757, 784 );
INSERT INTO populacia  VALUES( 2011, 522121, 323, 318 );
INSERT INTO populacia  VALUES( 2011, 522139, 2125, 2103 );
INSERT INTO populacia  VALUES( 2011, 522147, 1646, 1641 );
INSERT INTO populacia  VALUES( 2011, 522155, 128, 132 );
INSERT INTO populacia  VALUES( 2011, 522163, 474, 481 );
INSERT INTO populacia  VALUES( 2011, 522171, 219, 222 );
INSERT INTO populacia  VALUES( 2011, 522180, 142, 123 );
INSERT INTO populacia  VALUES( 2011, 522198, 465, 486 );
INSERT INTO populacia  VALUES( 2011, 522201, 157, 147 );
INSERT INTO populacia  VALUES( 2011, 522210, 221, 220 );
INSERT INTO populacia  VALUES( 2011, 522244, 205, 185 );
INSERT INTO populacia  VALUES( 2011, 522252, 210, 205 );
INSERT INTO populacia  VALUES( 2011, 522261, 697, 675 );
INSERT INTO populacia  VALUES( 2011, 559687, 575, 558 );
INSERT INTO populacia  VALUES( 2011, 559784, 1727, 1794 );
INSERT INTO populacia  VALUES( 2011, 559831, 118, 116 );
INSERT INTO populacia  VALUES( 2011, 559865, 636, 643 );
INSERT INTO populacia  VALUES( 2011, 559873, 215, 224 );
INSERT INTO populacia  VALUES( 2011, 559881, 75, 95 );
INSERT INTO populacia  VALUES( 2011, 580252, 199, 186 );
INSERT INTO populacia  VALUES( 2011, 582093, 270, 263 );
INSERT INTO populacia  VALUES( 2011, 582514, 603, 588 );
INSERT INTO populacia  VALUES( 2011, 599310, 49, 48 );
INSERT INTO populacia  VALUES( 2011, 513857, 106, 116 );
INSERT INTO populacia  VALUES( 2011, 522279, 19412, 20577 );
INSERT INTO populacia  VALUES( 2011, 522287, 235, 252 );
INSERT INTO populacia  VALUES( 2011, 522295, 358, 354 );
INSERT INTO populacia  VALUES( 2011, 522368, 478, 485 );
INSERT INTO populacia  VALUES( 2011, 522376, 769, 741 );
INSERT INTO populacia  VALUES( 2011, 522392, 180, 187 );
INSERT INTO populacia  VALUES( 2011, 522406, 333, 351 );
INSERT INTO populacia  VALUES( 2011, 522414, 322, 365 );
INSERT INTO populacia  VALUES( 2011, 522431, 380, 386 );
INSERT INTO populacia  VALUES( 2011, 522449, 220, 246 );
INSERT INTO populacia  VALUES( 2011, 522465, 126, 108 );
INSERT INTO populacia  VALUES( 2011, 522481, 386, 445 );
INSERT INTO populacia  VALUES( 2011, 522511, 362, 389 );
INSERT INTO populacia  VALUES( 2011, 522546, 150, 144 );
INSERT INTO populacia  VALUES( 2011, 522562, 411, 409 );
INSERT INTO populacia  VALUES( 2011, 522571, 219, 212 );
INSERT INTO populacia  VALUES( 2011, 522589, 185, 174 );
INSERT INTO populacia  VALUES( 2011, 522597, 177, 227 );
INSERT INTO populacia  VALUES( 2011, 522635, 212, 185 );
INSERT INTO populacia  VALUES( 2011, 522651, 299, 319 );
INSERT INTO populacia  VALUES( 2011, 522686, 165, 185 );
INSERT INTO populacia  VALUES( 2011, 522694, 544, 616 );
INSERT INTO populacia  VALUES( 2011, 522708, 310, 321 );
INSERT INTO populacia  VALUES( 2011, 522724, 210, 237 );
INSERT INTO populacia  VALUES( 2011, 522732, 396, 410 );
INSERT INTO populacia  VALUES( 2011, 522741, 244, 309 );
INSERT INTO populacia  VALUES( 2011, 522759, 750, 738 );
INSERT INTO populacia  VALUES( 2011, 522767, 116, 128 );
INSERT INTO populacia  VALUES( 2011, 522783, 453, 447 );
INSERT INTO populacia  VALUES( 2011, 522791, 493, 551 );
INSERT INTO populacia  VALUES( 2011, 522805, 887, 860 );
INSERT INTO populacia  VALUES( 2011, 522848, 239, 246 );
INSERT INTO populacia  VALUES( 2011, 522864, 446, 476 );
INSERT INTO populacia  VALUES( 2011, 522872, 2179, 2234 );
INSERT INTO populacia  VALUES( 2011, 522881, 85, 100 );
INSERT INTO populacia  VALUES( 2011, 522902, 504, 496 );
INSERT INTO populacia  VALUES( 2011, 522945, 296, 331 );
INSERT INTO populacia  VALUES( 2011, 522961, 622, 644 );
INSERT INTO populacia  VALUES( 2011, 522988, 174, 177 );
INSERT INTO populacia  VALUES( 2011, 522996, 491, 595 );
INSERT INTO populacia  VALUES( 2011, 523054, 374, 355 );
INSERT INTO populacia  VALUES( 2011, 523062, 331, 338 );
INSERT INTO populacia  VALUES( 2011, 523071, 364, 383 );
INSERT INTO populacia  VALUES( 2011, 523097, 381, 411 );
INSERT INTO populacia  VALUES( 2011, 523101, 2196, 2208 );
INSERT INTO populacia  VALUES( 2011, 523119, 316, 335 );
INSERT INTO populacia  VALUES( 2011, 523127, 97, 91 );
INSERT INTO populacia  VALUES( 2011, 523135, 189, 213 );
INSERT INTO populacia  VALUES( 2011, 523151, 327, 313 );
INSERT INTO populacia  VALUES( 2011, 523186, 904, 970 );
INSERT INTO populacia  VALUES( 2011, 523194, 278, 296 );
INSERT INTO populacia  VALUES( 2011, 523208, 327, 386 );
INSERT INTO populacia  VALUES( 2011, 523216, 269, 293 );
INSERT INTO populacia  VALUES( 2011, 523241, 536, 600 );
INSERT INTO populacia  VALUES( 2011, 523259, 805, 896 );
INSERT INTO populacia  VALUES( 2011, 523275, 123, 134 );
INSERT INTO populacia  VALUES( 2011, 523283, 469, 470 );
INSERT INTO populacia  VALUES( 2011, 523291, 389, 418 );
INSERT INTO populacia  VALUES( 2011, 523348, 220, 244 );
INSERT INTO populacia  VALUES( 2011, 523356, 274, 266 );
INSERT INTO populacia  VALUES( 2011, 523364, 456, 488 );
INSERT INTO populacia  VALUES( 2011, 523372, 491, 494 );
INSERT INTO populacia  VALUES( 2011, 528137, 183, 185 );
INSERT INTO populacia  VALUES( 2011, 528277, 448, 453 );
INSERT INTO populacia  VALUES( 2011, 528307, 146, 156 );
INSERT INTO populacia  VALUES( 2011, 528331, 665, 706 );
INSERT INTO populacia  VALUES( 2011, 528391, 48, 60 );
INSERT INTO populacia  VALUES( 2011, 528404, 414, 475 );
INSERT INTO populacia  VALUES( 2011, 528463, 459, 459 );
INSERT INTO populacia  VALUES( 2011, 528579, 310, 318 );
INSERT INTO populacia  VALUES( 2011, 528633, 353, 359 );
INSERT INTO populacia  VALUES( 2011, 528692, 236, 272 );
INSERT INTO populacia  VALUES( 2011, 528714, 300, 311 );
INSERT INTO populacia  VALUES( 2011, 543853, 4546, 4825 );
INSERT INTO populacia  VALUES( 2011, 543870, 172, 154 );
INSERT INTO populacia  VALUES( 2011, 543888, 290, 316 );
INSERT INTO populacia  VALUES( 2011, 543942, 436, 427 );
INSERT INTO populacia  VALUES( 2011, 514578, 183, 200 );
INSERT INTO populacia  VALUES( 2011, 514748, 321, 343 );
INSERT INTO populacia  VALUES( 2011, 525529, 9342, 10309 );
INSERT INTO populacia  VALUES( 2011, 525537, 90, 72 );
INSERT INTO populacia  VALUES( 2011, 525545, 476, 462 );
INSERT INTO populacia  VALUES( 2011, 525553, 141, 149 );
INSERT INTO populacia  VALUES( 2011, 525561, 256, 272 );
INSERT INTO populacia  VALUES( 2011, 525570, 32, 43 );
INSERT INTO populacia  VALUES( 2011, 525596, 340, 325 );
INSERT INTO populacia  VALUES( 2011, 525600, 240, 245 );
INSERT INTO populacia  VALUES( 2011, 525618, 142, 147 );
INSERT INTO populacia  VALUES( 2011, 525626, 277, 304 );
INSERT INTO populacia  VALUES( 2011, 525634, 2850, 2846 );
INSERT INTO populacia  VALUES( 2011, 525642, 344, 360 );
INSERT INTO populacia  VALUES( 2011, 525651, 639, 704 );
INSERT INTO populacia  VALUES( 2011, 525669, 1016, 1031 );
INSERT INTO populacia  VALUES( 2011, 525693, 135, 118 );
INSERT INTO populacia  VALUES( 2011, 525707, 187, 200 );
INSERT INTO populacia  VALUES( 2011, 525715, 28, 34 );
INSERT INTO populacia  VALUES( 2011, 525723, 238, 238 );
INSERT INTO populacia  VALUES( 2011, 525731, 190, 190 );
INSERT INTO populacia  VALUES( 2011, 525740, 573, 565 );
INSERT INTO populacia  VALUES( 2011, 525758, 167, 174 );
INSERT INTO populacia  VALUES( 2011, 525782, 381, 428 );
INSERT INTO populacia  VALUES( 2011, 525821, 179, 195 );
INSERT INTO populacia  VALUES( 2011, 525839, 221, 237 );
INSERT INTO populacia  VALUES( 2011, 525847, 122, 134 );
INSERT INTO populacia  VALUES( 2011, 525855, 34, 38 );
INSERT INTO populacia  VALUES( 2011, 525863, 348, 381 );
INSERT INTO populacia  VALUES( 2011, 525871, 1258, 1326 );
INSERT INTO populacia  VALUES( 2011, 525898, 328, 334 );
INSERT INTO populacia  VALUES( 2011, 525910, 255, 255 );
INSERT INTO populacia  VALUES( 2011, 525936, 92, 101 );
INSERT INTO populacia  VALUES( 2011, 525952, 78, 90 );
INSERT INTO populacia  VALUES( 2011, 525961, 100, 111 );
INSERT INTO populacia  VALUES( 2011, 526045, 603, 619 );
INSERT INTO populacia  VALUES( 2011, 526053, 247, 297 );
INSERT INTO populacia  VALUES( 2011, 526061, 304, 327 );
INSERT INTO populacia  VALUES( 2011, 526070, 138, 163 );
INSERT INTO populacia  VALUES( 2011, 526088, 46, 61 );
INSERT INTO populacia  VALUES( 2011, 526096, 1172, 1211 );
INSERT INTO populacia  VALUES( 2011, 526126, 293, 313 );
INSERT INTO populacia  VALUES( 2011, 526134, 383, 387 );
INSERT INTO populacia  VALUES( 2011, 526177, 161, 179 );
INSERT INTO populacia  VALUES( 2011, 526185, 277, 274 );
INSERT INTO populacia  VALUES( 2011, 526193, 94, 96 );
INSERT INTO populacia  VALUES( 2011, 526207, 308, 316 );
INSERT INTO populacia  VALUES( 2011, 526215, 381, 367 );
INSERT INTO populacia  VALUES( 2011, 526223, 284, 282 );
INSERT INTO populacia  VALUES( 2011, 526231, 80, 86 );
INSERT INTO populacia  VALUES( 2011, 526240, 97, 104 );
INSERT INTO populacia  VALUES( 2011, 526266, 235, 236 );
INSERT INTO populacia  VALUES( 2011, 526274, 66, 63 );
INSERT INTO populacia  VALUES( 2011, 526282, 957, 1002 );
INSERT INTO populacia  VALUES( 2011, 526291, 65, 69 );
INSERT INTO populacia  VALUES( 2011, 526312, 788, 762 );
INSERT INTO populacia  VALUES( 2011, 526339, 436, 428 );
INSERT INTO populacia  VALUES( 2011, 526347, 257, 255 );
INSERT INTO populacia  VALUES( 2011, 560022, 641, 678 );
INSERT INTO populacia  VALUES( 2011, 560031, 336, 304 );
INSERT INTO populacia  VALUES( 2011, 560049, 355, 370 );
INSERT INTO populacia  VALUES( 2011, 560065, 245, 242 );
INSERT INTO populacia  VALUES( 2011, 522309, 125, 131 );
INSERT INTO populacia  VALUES( 2011, 522317, 92, 107 );
INSERT INTO populacia  VALUES( 2011, 522325, 495, 501 );
INSERT INTO populacia  VALUES( 2011, 522333, 75, 94 );
INSERT INTO populacia  VALUES( 2011, 522341, 310, 317 );
INSERT INTO populacia  VALUES( 2011, 522350, 97, 118 );
INSERT INTO populacia  VALUES( 2011, 522384, 179, 183 );
INSERT INTO populacia  VALUES( 2011, 522422, 157, 151 );
INSERT INTO populacia  VALUES( 2011, 522457, 184, 196 );
INSERT INTO populacia  VALUES( 2011, 522473, 186, 198 );
INSERT INTO populacia  VALUES( 2011, 522490, 84, 75 );
INSERT INTO populacia  VALUES( 2011, 522503, 272, 294 );
INSERT INTO populacia  VALUES( 2011, 522520, 105, 110 );
INSERT INTO populacia  VALUES( 2011, 522538, 160, 153 );
INSERT INTO populacia  VALUES( 2011, 522554, 248, 216 );
INSERT INTO populacia  VALUES( 2011, 522601, 100, 89 );
INSERT INTO populacia  VALUES( 2011, 522627, 178, 177 );
INSERT INTO populacia  VALUES( 2011, 522643, 259, 214 );
INSERT INTO populacia  VALUES( 2011, 522660, 193, 226 );
INSERT INTO populacia  VALUES( 2011, 522678, 157, 155 );
INSERT INTO populacia  VALUES( 2011, 522716, 469, 493 );
INSERT INTO populacia  VALUES( 2011, 522813, 198, 214 );
INSERT INTO populacia  VALUES( 2011, 522821, 159, 162 );
INSERT INTO populacia  VALUES( 2011, 522830, 124, 126 );
INSERT INTO populacia  VALUES( 2011, 522856, 139, 153 );
INSERT INTO populacia  VALUES( 2011, 522899, 101, 121 );
INSERT INTO populacia  VALUES( 2011, 522911, 79, 92 );
INSERT INTO populacia  VALUES( 2011, 522929, 178, 210 );
INSERT INTO populacia  VALUES( 2011, 522937, 102, 108 );
INSERT INTO populacia  VALUES( 2011, 522953, 199, 232 );
INSERT INTO populacia  VALUES( 2011, 522970, 153, 144 );
INSERT INTO populacia  VALUES( 2011, 523003, 324, 297 );
INSERT INTO populacia  VALUES( 2011, 523011, 59, 55 );
INSERT INTO populacia  VALUES( 2011, 523020, 139, 129 );
INSERT INTO populacia  VALUES( 2011, 523038, 160, 164 );
INSERT INTO populacia  VALUES( 2011, 523046, 105, 89 );
INSERT INTO populacia  VALUES( 2011, 523089, 2948, 3044 );
INSERT INTO populacia  VALUES( 2011, 523143, 54, 59 );
INSERT INTO populacia  VALUES( 2011, 523160, 96, 109 );
INSERT INTO populacia  VALUES( 2011, 523178, 274, 275 );
INSERT INTO populacia  VALUES( 2011, 523224, 349, 359 );
INSERT INTO populacia  VALUES( 2011, 523232, 274, 269 );
INSERT INTO populacia  VALUES( 2011, 523267, 124, 114 );
INSERT INTO populacia  VALUES( 2011, 523305, 186, 180 );
INSERT INTO populacia  VALUES( 2011, 523313, 121, 126 );
INSERT INTO populacia  VALUES( 2011, 523321, 210, 203 );
INSERT INTO populacia  VALUES( 2011, 523330, 318, 348 );
INSERT INTO populacia  VALUES( 2011, 526355, 18567, 19381 );
INSERT INTO populacia  VALUES( 2011, 526363, 372, 335 );
INSERT INTO populacia  VALUES( 2011, 526398, 349, 337 );
INSERT INTO populacia  VALUES( 2011, 526436, 1598, 1614 );
INSERT INTO populacia  VALUES( 2011, 526444, 264, 255 );
INSERT INTO populacia  VALUES( 2011, 526533, 901, 934 );
INSERT INTO populacia  VALUES( 2011, 526568, 124, 115 );
INSERT INTO populacia  VALUES( 2011, 526576, 281, 261 );
INSERT INTO populacia  VALUES( 2011, 526584, 219, 227 );
INSERT INTO populacia  VALUES( 2011, 526592, 1155, 1238 );
INSERT INTO populacia  VALUES( 2011, 526657, 1134, 1010 );
INSERT INTO populacia  VALUES( 2011, 543152, 456, 390 );
INSERT INTO populacia  VALUES( 2011, 543161, 495, 487 );
INSERT INTO populacia  VALUES( 2011, 543195, 569, 563 );
INSERT INTO populacia  VALUES( 2011, 543209, 214, 211 );
INSERT INTO populacia  VALUES( 2011, 543250, 289, 291 );
INSERT INTO populacia  VALUES( 2011, 543268, 4265, 4511 );
INSERT INTO populacia  VALUES( 2011, 543284, 1094, 1083 );
INSERT INTO populacia  VALUES( 2011, 543306, 151, 144 );
INSERT INTO populacia  VALUES( 2011, 543331, 2013, 2010 );
INSERT INTO populacia  VALUES( 2011, 543349, 244, 259 );
INSERT INTO populacia  VALUES( 2011, 543357, 272, 299 );
INSERT INTO populacia  VALUES( 2011, 543403, 486, 475 );
INSERT INTO populacia  VALUES( 2011, 543411, 516, 522 );
INSERT INTO populacia  VALUES( 2011, 543438, 91, 99 );
INSERT INTO populacia  VALUES( 2011, 543489, 505, 502 );
INSERT INTO populacia  VALUES( 2011, 543519, 1950, 2006 );
INSERT INTO populacia  VALUES( 2011, 543527, 165, 164 );
INSERT INTO populacia  VALUES( 2011, 543535, 940, 962 );
INSERT INTO populacia  VALUES( 2011, 543586, 886, 870 );
INSERT INTO populacia  VALUES( 2011, 543594, 1798, 1829 );
INSERT INTO populacia  VALUES( 2011, 543616, 607, 654 );
INSERT INTO populacia  VALUES( 2011, 543667, 574, 594 );
INSERT INTO populacia  VALUES( 2011, 543713, 290, 291 );
INSERT INTO populacia  VALUES( 2011, 543721, 206, 223 );
INSERT INTO populacia  VALUES( 2011, 560154, 4356, 4320 );
INSERT INTO populacia  VALUES( 2011, 513792, 216, 217 );
INSERT INTO populacia  VALUES( 2011, 513806, 214, 240 );
INSERT INTO populacia  VALUES( 2011, 513831, 106, 105 );
INSERT INTO populacia  VALUES( 2011, 513849, 202, 222 );
INSERT INTO populacia  VALUES( 2011, 528099, 11929, 12543 );
INSERT INTO populacia  VALUES( 2011, 528102, 302, 352 );
INSERT INTO populacia  VALUES( 2011, 528111, 319, 319 );
INSERT INTO populacia  VALUES( 2011, 528129, 155, 166 );
INSERT INTO populacia  VALUES( 2011, 528145, 718, 745 );
INSERT INTO populacia  VALUES( 2011, 528153, 297, 278 );
INSERT INTO populacia  VALUES( 2011, 528161, 364, 363 );
INSERT INTO populacia  VALUES( 2011, 528170, 587, 626 );
INSERT INTO populacia  VALUES( 2011, 528188, 642, 621 );
INSERT INTO populacia  VALUES( 2011, 528200, 315, 305 );
INSERT INTO populacia  VALUES( 2011, 528218, 362, 344 );
INSERT INTO populacia  VALUES( 2011, 528226, 70, 89 );
INSERT INTO populacia  VALUES( 2011, 528234, 572, 611 );
INSERT INTO populacia  VALUES( 2011, 528242, 268, 280 );
INSERT INTO populacia  VALUES( 2011, 528251, 402, 409 );
INSERT INTO populacia  VALUES( 2011, 528269, 84, 116 );
INSERT INTO populacia  VALUES( 2011, 528285, 232, 253 );
INSERT INTO populacia  VALUES( 2011, 528293, 1857, 2004 );
INSERT INTO populacia  VALUES( 2011, 528315, 279, 312 );
INSERT INTO populacia  VALUES( 2011, 528323, 226, 215 );
INSERT INTO populacia  VALUES( 2011, 528340, 284, 317 );
INSERT INTO populacia  VALUES( 2011, 528358, 224, 238 );
INSERT INTO populacia  VALUES( 2011, 528366, 766, 835 );
INSERT INTO populacia  VALUES( 2011, 528374, 449, 469 );
INSERT INTO populacia  VALUES( 2011, 528382, 224, 228 );
INSERT INTO populacia  VALUES( 2011, 528412, 135, 147 );
INSERT INTO populacia  VALUES( 2011, 528421, 433, 427 );
INSERT INTO populacia  VALUES( 2011, 528439, 110, 104 );
INSERT INTO populacia  VALUES( 2011, 528447, 3709, 3976 );
INSERT INTO populacia  VALUES( 2011, 528455, 164, 177 );
INSERT INTO populacia  VALUES( 2011, 528471, 827, 864 );
INSERT INTO populacia  VALUES( 2011, 528480, 190, 194 );
INSERT INTO populacia  VALUES( 2011, 528498, 159, 175 );
INSERT INTO populacia  VALUES( 2011, 528501, 562, 541 );
INSERT INTO populacia  VALUES( 2011, 528510, 863, 923 );
INSERT INTO populacia  VALUES( 2011, 528528, 156, 170 );
INSERT INTO populacia  VALUES( 2011, 528536, 259, 266 );
INSERT INTO populacia  VALUES( 2011, 528544, 542, 606 );
INSERT INTO populacia  VALUES( 2011, 528552, 545, 570 );
INSERT INTO populacia  VALUES( 2011, 528561, 212, 241 );
INSERT INTO populacia  VALUES( 2011, 528587, 966, 977 );
INSERT INTO populacia  VALUES( 2011, 528609, 706, 746 );
INSERT INTO populacia  VALUES( 2011, 528617, 493, 520 );
INSERT INTO populacia  VALUES( 2011, 528625, 300, 315 );
INSERT INTO populacia  VALUES( 2011, 528641, 388, 409 );
INSERT INTO populacia  VALUES( 2011, 528650, 390, 448 );
INSERT INTO populacia  VALUES( 2011, 528668, 260, 268 );
INSERT INTO populacia  VALUES( 2011, 528676, 951, 991 );
INSERT INTO populacia  VALUES( 2011, 528684, 491, 536 );
INSERT INTO populacia  VALUES( 2011, 528706, 272, 280 );
INSERT INTO populacia  VALUES( 2011, 528722, 4048, 4201 );
INSERT INTO populacia  VALUES( 2011, 543730, 300, 325 );
INSERT INTO populacia  VALUES( 2011, 543748, 397, 402 );
INSERT INTO populacia  VALUES( 2011, 543756, 516, 569 );
INSERT INTO populacia  VALUES( 2011, 543764, 109, 116 );
INSERT INTO populacia  VALUES( 2011, 543772, 749, 812 );
INSERT INTO populacia  VALUES( 2011, 543781, 73, 88 );
INSERT INTO populacia  VALUES( 2011, 543799, 314, 335 );
INSERT INTO populacia  VALUES( 2011, 543802, 1046, 1210 );
INSERT INTO populacia  VALUES( 2011, 543811, 130, 107 );
INSERT INTO populacia  VALUES( 2011, 543829, 81, 88 );
INSERT INTO populacia  VALUES( 2011, 543845, 416, 442 );
INSERT INTO populacia  VALUES( 2011, 543861, 365, 375 );
INSERT INTO populacia  VALUES( 2011, 543896, 699, 721 );
INSERT INTO populacia  VALUES( 2011, 543900, 507, 530 );
INSERT INTO populacia  VALUES( 2011, 543918, 378, 421 );
INSERT INTO populacia  VALUES( 2011, 543926, 236, 274 );
INSERT INTO populacia  VALUES( 2011, 543934, 124, 123 );
INSERT INTO populacia  VALUES( 2011, 543951, 1078, 1101 );
INSERT INTO populacia  VALUES( 2011, 543969, 268, 249 );
INSERT INTO populacia  VALUES( 2011, 543977, 394, 418 );
INSERT INTO populacia  VALUES( 2011, 543985, 178, 162 );
INSERT INTO populacia  VALUES( 2011, 543993, 192, 189 );
INSERT INTO populacia  VALUES( 2011, 544001, 421, 485 );
INSERT INTO populacia  VALUES( 2011, 544019, 741, 818 );
INSERT INTO populacia  VALUES( 2011, 544027, 542, 620 );
INSERT INTO populacia  VALUES( 2011, 544035, 330, 329 );
INSERT INTO populacia  VALUES( 2011, 544043, 234, 247 );
INSERT INTO populacia  VALUES( 2010, 528595, 19424, 21662 );
INSERT INTO populacia  VALUES( 2010, 529311, 10138, 11279 );
INSERT INTO populacia  VALUES( 2010, 529320, 32770, 39590 );
INSERT INTO populacia  VALUES( 2010, 529338, 9472, 10515 );
INSERT INTO populacia  VALUES( 2010, 529346, 17389, 20649 );
INSERT INTO populacia  VALUES( 2010, 529354, 9720, 10940 );
INSERT INTO populacia  VALUES( 2010, 529362, 2582, 2586 );
INSERT INTO populacia  VALUES( 2010, 529401, 567, 555 );
INSERT INTO populacia  VALUES( 2010, 529371, 7934, 8293 );
INSERT INTO populacia  VALUES( 2010, 529389, 16282, 18463 );
INSERT INTO populacia  VALUES( 2010, 529397, 16310, 18462 );
INSERT INTO populacia  VALUES( 2010, 529419, 3119, 3685 );
INSERT INTO populacia  VALUES( 2010, 529427, 1673, 1749 );
INSERT INTO populacia  VALUES( 2010, 529435, 540, 469 );
INSERT INTO populacia  VALUES( 2010, 529443, 715, 740 );
INSERT INTO populacia  VALUES( 2010, 529460, 53311, 58467 );
INSERT INTO populacia  VALUES( 2010, 529494, 1363, 1388 );
INSERT INTO populacia  VALUES( 2010, 507831, 319, 325 );
INSERT INTO populacia  VALUES( 2010, 507890, 1446, 1531 );
INSERT INTO populacia  VALUES( 2010, 507954, 565, 602 );
INSERT INTO populacia  VALUES( 2010, 507962, 761, 763 );
INSERT INTO populacia  VALUES( 2010, 508012, 605, 600 );
INSERT INTO populacia  VALUES( 2010, 508021, 864, 849 );
INSERT INTO populacia  VALUES( 2010, 508039, 711, 733 );
INSERT INTO populacia  VALUES( 2010, 508055, 1509, 1495 );
INSERT INTO populacia  VALUES( 2010, 508063, 8868, 9264 );
INSERT INTO populacia  VALUES( 2010, 504556, 589, 593 );
INSERT INTO populacia  VALUES( 2010, 508080, 643, 672 );
INSERT INTO populacia  VALUES( 2010, 508161, 403, 438 );
INSERT INTO populacia  VALUES( 2010, 504629, 341, 359 );
INSERT INTO populacia  VALUES( 2010, 504637, 355, 361 );
INSERT INTO populacia  VALUES( 2010, 508195, 1172, 1220 );
INSERT INTO populacia  VALUES( 2010, 504769, 1775, 1777 );
INSERT INTO populacia  VALUES( 2010, 504858, 776, 793 );
INSERT INTO populacia  VALUES( 2010, 504874, 817, 849 );
INSERT INTO populacia  VALUES( 2010, 508233, 4566, 4978 );
INSERT INTO populacia  VALUES( 2010, 508241, 321, 316 );
INSERT INTO populacia  VALUES( 2010, 504947, 1797, 1875 );
INSERT INTO populacia  VALUES( 2010, 508349, 1110, 1090 );
INSERT INTO populacia  VALUES( 2010, 500267, 101, 85 );
INSERT INTO populacia  VALUES( 2010, 508365, 890, 935 );
INSERT INTO populacia  VALUES( 2010, 504980, 1389, 1410 );
INSERT INTO populacia  VALUES( 2010, 508381, 1618, 1712 );
INSERT INTO populacia  VALUES( 2010, 507806, 875, 877 );
INSERT INTO populacia  VALUES( 2010, 507849, 1135, 1159 );
INSERT INTO populacia  VALUES( 2010, 507857, 1074, 1156 );
INSERT INTO populacia  VALUES( 2010, 507873, 511, 531 );
INSERT INTO populacia  VALUES( 2010, 507881, 438, 477 );
INSERT INTO populacia  VALUES( 2010, 507946, 461, 463 );
INSERT INTO populacia  VALUES( 2010, 508047, 828, 896 );
INSERT INTO populacia  VALUES( 2010, 508101, 4363, 4626 );
INSERT INTO populacia  VALUES( 2010, 508179, 10683, 11641 );
INSERT INTO populacia  VALUES( 2010, 508187, 161, 155 );
INSERT INTO populacia  VALUES( 2010, 508225, 1037, 1078 );
INSERT INTO populacia  VALUES( 2010, 507989, 2521, 2737 );
INSERT INTO populacia  VALUES( 2010, 508250, 2284, 2356 );
INSERT INTO populacia  VALUES( 2010, 508268, 170, 170 );
INSERT INTO populacia  VALUES( 2010, 508306, 1020, 1050 );
INSERT INTO populacia  VALUES( 2010, 508314, 593, 629 );
INSERT INTO populacia  VALUES( 2010, 508322, 692, 700 );
INSERT INTO populacia  VALUES( 2010, 507814, 2671, 2849 );
INSERT INTO populacia  VALUES( 2010, 507822, 797, 881 );
INSERT INTO populacia  VALUES( 2010, 503681, 220, 214 );
INSERT INTO populacia  VALUES( 2010, 507865, 539, 561 );
INSERT INTO populacia  VALUES( 2010, 545333, 2177, 2309 );
INSERT INTO populacia  VALUES( 2010, 507903, 717, 740 );
INSERT INTO populacia  VALUES( 2010, 503797, 226, 229 );
INSERT INTO populacia  VALUES( 2010, 503801, 369, 377 );
INSERT INTO populacia  VALUES( 2010, 503819, 136, 160 );
INSERT INTO populacia  VALUES( 2010, 507911, 1851, 1903 );
INSERT INTO populacia  VALUES( 2010, 555487, 274, 283 );
INSERT INTO populacia  VALUES( 2010, 507938, 2925, 3169 );
INSERT INTO populacia  VALUES( 2010, 507997, 599, 594 );
INSERT INTO populacia  VALUES( 2010, 555495, 357, 356 );
INSERT INTO populacia  VALUES( 2010, 503851, 252, 270 );
INSERT INTO populacia  VALUES( 2010, 503894, 798, 838 );
INSERT INTO populacia  VALUES( 2010, 508071, 865, 912 );
INSERT INTO populacia  VALUES( 2010, 508098, 856, 934 );
INSERT INTO populacia  VALUES( 2010, 508110, 1008, 1078 );
INSERT INTO populacia  VALUES( 2010, 508136, 1000, 1020 );
INSERT INTO populacia  VALUES( 2010, 582549, 33, 33 );
INSERT INTO populacia  VALUES( 2010, 503983, 704, 717 );
INSERT INTO populacia  VALUES( 2010, 508209, 1092, 1149 );
INSERT INTO populacia  VALUES( 2010, 508217, 8067, 8598 );
INSERT INTO populacia  VALUES( 2010, 508276, 1133, 1221 );
INSERT INTO populacia  VALUES( 2010, 508284, 500, 515 );
INSERT INTO populacia  VALUES( 2010, 508292, 1145, 1216 );
INSERT INTO populacia  VALUES( 2010, 508331, 218, 229 );
INSERT INTO populacia  VALUES( 2010, 555509, 727, 791 );
INSERT INTO populacia  VALUES( 2010, 501441, 249, 318 );
INSERT INTO populacia  VALUES( 2010, 501450, 543, 580 );
INSERT INTO populacia  VALUES( 2010, 501468, 356, 400 );
INSERT INTO populacia  VALUES( 2010, 555517, 119, 103 );
INSERT INTO populacia  VALUES( 2010, 501484, 196, 171 );
INSERT INTO populacia  VALUES( 2010, 501492, 436, 456 );
INSERT INTO populacia  VALUES( 2010, 503461, 123, 147 );
INSERT INTO populacia  VALUES( 2010, 501506, 182, 179 );
INSERT INTO populacia  VALUES( 2010, 501514, 285, 311 );
INSERT INTO populacia  VALUES( 2010, 580554, 556, 561 );
INSERT INTO populacia  VALUES( 2010, 501531, 619, 635 );
INSERT INTO populacia  VALUES( 2010, 501549, 209, 213 );
INSERT INTO populacia  VALUES( 2010, 501557, 297, 316 );
INSERT INTO populacia  VALUES( 2010, 501611, 1000, 972 );
INSERT INTO populacia  VALUES( 2010, 501433, 11100, 12304 );
INSERT INTO populacia  VALUES( 2010, 555541, 252, 251 );
INSERT INTO populacia  VALUES( 2010, 501573, 2616, 2593 );
INSERT INTO populacia  VALUES( 2010, 501581, 923, 1006 );
INSERT INTO populacia  VALUES( 2010, 501590, 942, 975 );
INSERT INTO populacia  VALUES( 2010, 555568, 476, 490 );
INSERT INTO populacia  VALUES( 2010, 501603, 680, 594 );
INSERT INTO populacia  VALUES( 2010, 501620, 279, 291 );
INSERT INTO populacia  VALUES( 2010, 501638, 311, 298 );
INSERT INTO populacia  VALUES( 2010, 501654, 759, 769 );
INSERT INTO populacia  VALUES( 2010, 501662, 420, 441 );
INSERT INTO populacia  VALUES( 2010, 501671, 243, 252 );
INSERT INTO populacia  VALUES( 2010, 501689, 186, 186 );
INSERT INTO populacia  VALUES( 2010, 501697, 653, 648 );
INSERT INTO populacia  VALUES( 2010, 501701, 533, 535 );
INSERT INTO populacia  VALUES( 2010, 501719, 660, 635 );
INSERT INTO populacia  VALUES( 2010, 501727, 481, 482 );
INSERT INTO populacia  VALUES( 2010, 580597, 83, 70 );
INSERT INTO populacia  VALUES( 2010, 501735, 1242, 1337 );
INSERT INTO populacia  VALUES( 2010, 501743, 383, 392 );
INSERT INTO populacia  VALUES( 2010, 555606, 116, 118 );
INSERT INTO populacia  VALUES( 2010, 555649, 257, 264 );
INSERT INTO populacia  VALUES( 2010, 555665, 507, 549 );
INSERT INTO populacia  VALUES( 2010, 501760, 242, 341 );
INSERT INTO populacia  VALUES( 2010, 501778, 224, 217 );
INSERT INTO populacia  VALUES( 2010, 501786, 452, 444 );
INSERT INTO populacia  VALUES( 2010, 501930, 318, 317 );
INSERT INTO populacia  VALUES( 2010, 501808, 1115, 1158 );
INSERT INTO populacia  VALUES( 2010, 501816, 600, 588 );
INSERT INTO populacia  VALUES( 2010, 501824, 1906, 1921 );
INSERT INTO populacia  VALUES( 2010, 501832, 182, 219 );
INSERT INTO populacia  VALUES( 2010, 501859, 836, 891 );
INSERT INTO populacia  VALUES( 2010, 501867, 456, 436 );
INSERT INTO populacia  VALUES( 2010, 501883, 440, 432 );
INSERT INTO populacia  VALUES( 2010, 582522, 140, 125 );
INSERT INTO populacia  VALUES( 2010, 555720, 428, 453 );
INSERT INTO populacia  VALUES( 2010, 501891, 546, 597 );
INSERT INTO populacia  VALUES( 2010, 501875, 257, 283 );
INSERT INTO populacia  VALUES( 2010, 501905, 6240, 6786 );
INSERT INTO populacia  VALUES( 2010, 501913, 861, 912 );
INSERT INTO populacia  VALUES( 2010, 501921, 1515, 1545 );
INSERT INTO populacia  VALUES( 2010, 555576, 1071, 1161 );
INSERT INTO populacia  VALUES( 2010, 501956, 210, 248 );
INSERT INTO populacia  VALUES( 2010, 501964, 270, 292 );
INSERT INTO populacia  VALUES( 2010, 501972, 403, 456 );
INSERT INTO populacia  VALUES( 2010, 501981, 732, 696 );
INSERT INTO populacia  VALUES( 2010, 555673, 520, 510 );
INSERT INTO populacia  VALUES( 2010, 501522, 4248, 4647 );
INSERT INTO populacia  VALUES( 2010, 555746, 217, 214 );
INSERT INTO populacia  VALUES( 2010, 501999, 231, 228 );
INSERT INTO populacia  VALUES( 2010, 502006, 1320, 1291 );
INSERT INTO populacia  VALUES( 2010, 502014, 734, 767 );
INSERT INTO populacia  VALUES( 2010, 502022, 1743, 1861 );
INSERT INTO populacia  VALUES( 2010, 503673, 541, 552 );
INSERT INTO populacia  VALUES( 2010, 503690, 718, 730 );
INSERT INTO populacia  VALUES( 2010, 503703, 806, 796 );
INSERT INTO populacia  VALUES( 2010, 555789, 703, 715 );
INSERT INTO populacia  VALUES( 2010, 503746, 983, 1004 );
INSERT INTO populacia  VALUES( 2010, 503754, 184, 213 );
INSERT INTO populacia  VALUES( 2010, 503665, 7854, 8204 );
INSERT INTO populacia  VALUES( 2010, 503762, 377, 344 );
INSERT INTO populacia  VALUES( 2010, 503771, 1589, 1669 );
INSERT INTO populacia  VALUES( 2010, 503789, 249, 255 );
INSERT INTO populacia  VALUES( 2010, 503827, 217, 250 );
INSERT INTO populacia  VALUES( 2010, 503835, 1990, 1982 );
INSERT INTO populacia  VALUES( 2010, 503843, 754, 766 );
INSERT INTO populacia  VALUES( 2010, 503860, 746, 776 );
INSERT INTO populacia  VALUES( 2010, 503878, 563, 584 );
INSERT INTO populacia  VALUES( 2010, 582638, 302, 306 );
INSERT INTO populacia  VALUES( 2010, 555754, 996, 1022 );
INSERT INTO populacia  VALUES( 2010, 503924, 814, 835 );
INSERT INTO populacia  VALUES( 2010, 503959, 1496, 1625 );
INSERT INTO populacia  VALUES( 2010, 503967, 319, 302 );
INSERT INTO populacia  VALUES( 2010, 503975, 803, 906 );
INSERT INTO populacia  VALUES( 2010, 504009, 8177, 8662 );
INSERT INTO populacia  VALUES( 2010, 504017, 2722, 2999 );
INSERT INTO populacia  VALUES( 2010, 504033, 223, 236 );
INSERT INTO populacia  VALUES( 2010, 504041, 897, 938 );
INSERT INTO populacia  VALUES( 2010, 504050, 2135, 2140 );
INSERT INTO populacia  VALUES( 2010, 504076, 811, 820 );
INSERT INTO populacia  VALUES( 2010, 504084, 426, 416 );
INSERT INTO populacia  VALUES( 2010, 504106, 1874, 1948 );
INSERT INTO populacia  VALUES( 2010, 504114, 1014, 1100 );
INSERT INTO populacia  VALUES( 2010, 504122, 1298, 1386 );
INSERT INTO populacia  VALUES( 2010, 504131, 2170, 2312 );
INSERT INTO populacia  VALUES( 2010, 504149, 632, 660 );
INSERT INTO populacia  VALUES( 2010, 504157, 786, 818 );
INSERT INTO populacia  VALUES( 2010, 504173, 571, 574 );
INSERT INTO populacia  VALUES( 2010, 504181, 442, 425 );
INSERT INTO populacia  VALUES( 2010, 506800, 689, 702 );
INSERT INTO populacia  VALUES( 2010, 506885, 793, 803 );
INSERT INTO populacia  VALUES( 2010, 506958, 171, 189 );
INSERT INTO populacia  VALUES( 2010, 506966, 326, 293 );
INSERT INTO populacia  VALUES( 2010, 556521, 270, 309 );
INSERT INTO populacia  VALUES( 2010, 507024, 1035, 1066 );
INSERT INTO populacia  VALUES( 2010, 507032, 10803, 11429 );
INSERT INTO populacia  VALUES( 2010, 507075, 458, 425 );
INSERT INTO populacia  VALUES( 2010, 556602, 279, 278 );
INSERT INTO populacia  VALUES( 2010, 556530, 334, 331 );
INSERT INTO populacia  VALUES( 2010, 507130, 253, 243 );
INSERT INTO populacia  VALUES( 2010, 507172, 484, 490 );
INSERT INTO populacia  VALUES( 2010, 507202, 320, 360 );
INSERT INTO populacia  VALUES( 2010, 507253, 2022, 2079 );
INSERT INTO populacia  VALUES( 2010, 507288, 1041, 1097 );
INSERT INTO populacia  VALUES( 2010, 507326, 209, 211 );
INSERT INTO populacia  VALUES( 2010, 507415, 521, 480 );
INSERT INTO populacia  VALUES( 2010, 518620, 150, 138 );
INSERT INTO populacia  VALUES( 2010, 507521, 441, 434 );
INSERT INTO populacia  VALUES( 2010, 507539, 327, 355 );
INSERT INTO populacia  VALUES( 2010, 556611, 76, 79 );
INSERT INTO populacia  VALUES( 2010, 556645, 138, 149 );
INSERT INTO populacia  VALUES( 2010, 507661, 749, 747 );
INSERT INTO populacia  VALUES( 2010, 507792, 319, 318 );
INSERT INTO populacia  VALUES( 2010, 581399, 1111, 1067 );
INSERT INTO populacia  VALUES( 2010, 558354, 173, 168 );
INSERT INTO populacia  VALUES( 2010, 506834, 486, 518 );
INSERT INTO populacia  VALUES( 2010, 506982, 473, 499 );
INSERT INTO populacia  VALUES( 2010, 506991, 1313, 1302 );
INSERT INTO populacia  VALUES( 2010, 507008, 498, 488 );
INSERT INTO populacia  VALUES( 2010, 558338, 190, 190 );
INSERT INTO populacia  VALUES( 2010, 556581, 239, 240 );
INSERT INTO populacia  VALUES( 2010, 507121, 1316, 1292 );
INSERT INTO populacia  VALUES( 2010, 507199, 253, 258 );
INSERT INTO populacia  VALUES( 2010, 507229, 695, 714 );
INSERT INTO populacia  VALUES( 2010, 507342, 1087, 1133 );
INSERT INTO populacia  VALUES( 2010, 507369, 257, 265 );
INSERT INTO populacia  VALUES( 2010, 507385, 590, 599 );
INSERT INTO populacia  VALUES( 2010, 507431, 248, 261 );
INSERT INTO populacia  VALUES( 2010, 507440, 13720, 15627 );
INSERT INTO populacia  VALUES( 2010, 507466, 418, 434 );
INSERT INTO populacia  VALUES( 2010, 507482, 275, 276 );
INSERT INTO populacia  VALUES( 2010, 507491, 505, 525 );
INSERT INTO populacia  VALUES( 2010, 507563, 613, 640 );
INSERT INTO populacia  VALUES( 2010, 558397, 149, 172 );
INSERT INTO populacia  VALUES( 2010, 556548, 256, 270 );
INSERT INTO populacia  VALUES( 2010, 507679, 618, 648 );
INSERT INTO populacia  VALUES( 2010, 507709, 1386, 1372 );
INSERT INTO populacia  VALUES( 2010, 556572, 550, 543 );
INSERT INTO populacia  VALUES( 2010, 507725, 584, 629 );
INSERT INTO populacia  VALUES( 2010, 507750, 2920, 3284 );
INSERT INTO populacia  VALUES( 2010, 504211, 98, 105 );
INSERT INTO populacia  VALUES( 2010, 504238, 1961, 2017 );
INSERT INTO populacia  VALUES( 2010, 504220, 742, 865 );
INSERT INTO populacia  VALUES( 2010, 504297, 552, 661 );
INSERT INTO populacia  VALUES( 2010, 504319, 625, 613 );
INSERT INTO populacia  VALUES( 2010, 504327, 298, 326 );
INSERT INTO populacia  VALUES( 2010, 504335, 639, 640 );
INSERT INTO populacia  VALUES( 2010, 504360, 464, 482 );
INSERT INTO populacia  VALUES( 2010, 504386, 340, 345 );
INSERT INTO populacia  VALUES( 2010, 504416, 1123, 1198 );
INSERT INTO populacia  VALUES( 2010, 504475, 375, 357 );
INSERT INTO populacia  VALUES( 2010, 504491, 388, 418 );
INSERT INTO populacia  VALUES( 2010, 504513, 2115, 2086 );
INSERT INTO populacia  VALUES( 2010, 504521, 548, 520 );
INSERT INTO populacia  VALUES( 2010, 504572, 1088, 1068 );
INSERT INTO populacia  VALUES( 2010, 504602, 290, 312 );
INSERT INTO populacia  VALUES( 2010, 504645, 317, 315 );
INSERT INTO populacia  VALUES( 2010, 504653, 302, 313 );
INSERT INTO populacia  VALUES( 2010, 504700, 363, 366 );
INSERT INTO populacia  VALUES( 2010, 504726, 493, 468 );
INSERT INTO populacia  VALUES( 2010, 556122, 149, 250 );
INSERT INTO populacia  VALUES( 2010, 504777, 211, 208 );
INSERT INTO populacia  VALUES( 2010, 556131, 228, 220 );
INSERT INTO populacia  VALUES( 2010, 556114, 858, 878 );
INSERT INTO populacia  VALUES( 2010, 504203, 10077, 10649 );
INSERT INTO populacia  VALUES( 2010, 504823, 471, 511 );
INSERT INTO populacia  VALUES( 2010, 504831, 358, 366 );
INSERT INTO populacia  VALUES( 2010, 504840, 737, 772 );
INSERT INTO populacia  VALUES( 2010, 504882, 538, 557 );
INSERT INTO populacia  VALUES( 2010, 504891, 2528, 2573 );
INSERT INTO populacia  VALUES( 2010, 504904, 826, 828 );
INSERT INTO populacia  VALUES( 2010, 504271, 1189, 1246 );
INSERT INTO populacia  VALUES( 2010, 504343, 316, 329 );
INSERT INTO populacia  VALUES( 2010, 504351, 2553, 2642 );
INSERT INTO populacia  VALUES( 2010, 504378, 5696, 6003 );
INSERT INTO populacia  VALUES( 2010, 504394, 183, 190 );
INSERT INTO populacia  VALUES( 2010, 504432, 302, 295 );
INSERT INTO populacia  VALUES( 2010, 504459, 1311, 1267 );
INSERT INTO populacia  VALUES( 2010, 504483, 76, 69 );
INSERT INTO populacia  VALUES( 2010, 504530, 265, 257 );
INSERT INTO populacia  VALUES( 2010, 504548, 155, 157 );
INSERT INTO populacia  VALUES( 2010, 504564, 343, 341 );
INSERT INTO populacia  VALUES( 2010, 504599, 172, 184 );
INSERT INTO populacia  VALUES( 2010, 504611, 540, 546 );
INSERT INTO populacia  VALUES( 2010, 504670, 449, 474 );
INSERT INTO populacia  VALUES( 2010, 504718, 258, 264 );
INSERT INTO populacia  VALUES( 2010, 504734, 295, 279 );
INSERT INTO populacia  VALUES( 2010, 504742, 919, 956 );
INSERT INTO populacia  VALUES( 2010, 504815, 7359, 7745 );
INSERT INTO populacia  VALUES( 2010, 504912, 153, 153 );
INSERT INTO populacia  VALUES( 2010, 504939, 595, 602 );
INSERT INTO populacia  VALUES( 2010, 504963, 379, 364 );
INSERT INTO populacia  VALUES( 2010, 580473, 713, 714 );
INSERT INTO populacia  VALUES( 2010, 506788, 331, 336 );
INSERT INTO populacia  VALUES( 2010, 506796, 558, 597 );
INSERT INTO populacia  VALUES( 2010, 506818, 1057, 1101 );
INSERT INTO populacia  VALUES( 2010, 506826, 192, 203 );
INSERT INTO populacia  VALUES( 2010, 506842, 1132, 1190 );
INSERT INTO populacia  VALUES( 2010, 506851, 1078, 1176 );
INSERT INTO populacia  VALUES( 2010, 506869, 330, 332 );
INSERT INTO populacia  VALUES( 2010, 506877, 1898, 2055 );
INSERT INTO populacia  VALUES( 2010, 506893, 904, 949 );
INSERT INTO populacia  VALUES( 2010, 556599, 176, 199 );
INSERT INTO populacia  VALUES( 2010, 506915, 401, 433 );
INSERT INTO populacia  VALUES( 2010, 506923, 1123, 1146 );
INSERT INTO populacia  VALUES( 2010, 506931, 311, 326 );
INSERT INTO populacia  VALUES( 2010, 556661, 378, 388 );
INSERT INTO populacia  VALUES( 2010, 506940, 623, 662 );
INSERT INTO populacia  VALUES( 2010, 507041, 246, 255 );
INSERT INTO populacia  VALUES( 2010, 507059, 177, 200 );
INSERT INTO populacia  VALUES( 2010, 507067, 935, 953 );
INSERT INTO populacia  VALUES( 2010, 581020, 1057, 1093 );
INSERT INTO populacia  VALUES( 2010, 507156, 998, 994 );
INSERT INTO populacia  VALUES( 2010, 507164, 602, 544 );
INSERT INTO populacia  VALUES( 2010, 507211, 386, 366 );
INSERT INTO populacia  VALUES( 2010, 556483, 888, 955 );
INSERT INTO populacia  VALUES( 2010, 556688, 273, 270 );
INSERT INTO populacia  VALUES( 2010, 507296, 915, 953 );
INSERT INTO populacia  VALUES( 2010, 507318, 672, 719 );
INSERT INTO populacia  VALUES( 2010, 507351, 228, 227 );
INSERT INTO populacia  VALUES( 2010, 556491, 465, 427 );
INSERT INTO populacia  VALUES( 2010, 556556, 247, 263 );
INSERT INTO populacia  VALUES( 2010, 556653, 202, 214 );
INSERT INTO populacia  VALUES( 2010, 507512, 731, 785 );
INSERT INTO populacia  VALUES( 2010, 556564, 232, 197 );
INSERT INTO populacia  VALUES( 2010, 507555, 1656, 1679 );
INSERT INTO populacia  VALUES( 2010, 507571, 913, 987 );
INSERT INTO populacia  VALUES( 2010, 556670, 390, 401 );
INSERT INTO populacia  VALUES( 2010, 507601, 1107, 1125 );
INSERT INTO populacia  VALUES( 2010, 507636, 1097, 1148 );
INSERT INTO populacia  VALUES( 2010, 506745, 32597, 34771 );
INSERT INTO populacia  VALUES( 2010, 507687, 640, 693 );
INSERT INTO populacia  VALUES( 2010, 556513, 610, 637 );
INSERT INTO populacia  VALUES( 2010, 507741, 715, 705 );
INSERT INTO populacia  VALUES( 2010, 507768, 1308, 1053 );
INSERT INTO populacia  VALUES( 2010, 507776, 1258, 1302 );
INSERT INTO populacia  VALUES( 2010, 581488, 367, 372 );
INSERT INTO populacia  VALUES( 2010, 542652, 9844, 10335 );
INSERT INTO populacia  VALUES( 2010, 556793, 117, 119 );
INSERT INTO populacia  VALUES( 2010, 542741, 231, 262 );
INSERT INTO populacia  VALUES( 2010, 542776, 45, 44 );
INSERT INTO populacia  VALUES( 2010, 542806, 55, 61 );
INSERT INTO populacia  VALUES( 2010, 542822, 316, 324 );
INSERT INTO populacia  VALUES( 2010, 542849, 213, 241 );
INSERT INTO populacia  VALUES( 2010, 542857, 50, 47 );
INSERT INTO populacia  VALUES( 2010, 542873, 227, 213 );
INSERT INTO populacia  VALUES( 2010, 542890, 175, 175 );
INSERT INTO populacia  VALUES( 2010, 542920, 185, 227 );
INSERT INTO populacia  VALUES( 2010, 556408, 107, 106 );
INSERT INTO populacia  VALUES( 2010, 543080, 254, 273 );
INSERT INTO populacia  VALUES( 2010, 543136, 255, 249 );
INSERT INTO populacia  VALUES( 2010, 556360, 70, 79 );
INSERT INTO populacia  VALUES( 2010, 505056, 66, 68 );
INSERT INTO populacia  VALUES( 2010, 505072, 184, 192 );
INSERT INTO populacia  VALUES( 2010, 505102, 227, 215 );
INSERT INTO populacia  VALUES( 2010, 505153, 137, 130 );
INSERT INTO populacia  VALUES( 2010, 505200, 209, 213 );
INSERT INTO populacia  VALUES( 2010, 505277, 19, 16 );
INSERT INTO populacia  VALUES( 2010, 556289, 202, 211 );
INSERT INTO populacia  VALUES( 2010, 505331, 214, 227 );
INSERT INTO populacia  VALUES( 2010, 505358, 423, 436 );
INSERT INTO populacia  VALUES( 2010, 556742, 124, 122 );
INSERT INTO populacia  VALUES( 2010, 505382, 147, 161 );
INSERT INTO populacia  VALUES( 2010, 505412, 253, 294 );
INSERT INTO populacia  VALUES( 2010, 505447, 246, 270 );
INSERT INTO populacia  VALUES( 2010, 505455, 756, 760 );
INSERT INTO populacia  VALUES( 2010, 505471, 232, 230 );
INSERT INTO populacia  VALUES( 2010, 505480, 99, 104 );
INSERT INTO populacia  VALUES( 2010, 505544, 79, 73 );
INSERT INTO populacia  VALUES( 2010, 505552, 241, 234 );
INSERT INTO populacia  VALUES( 2010, 505579, 254, 264 );
INSERT INTO populacia  VALUES( 2010, 505595, 21, 17 );
INSERT INTO populacia  VALUES( 2010, 505625, 757, 797 );
INSERT INTO populacia  VALUES( 2010, 505633, 20, 18 );
INSERT INTO populacia  VALUES( 2010, 545651, 324, 336 );
INSERT INTO populacia  VALUES( 2010, 505684, 283, 279 );
INSERT INTO populacia  VALUES( 2010, 505692, 230, 251 );
INSERT INTO populacia  VALUES( 2010, 505765, 64, 63 );
INSERT INTO populacia  VALUES( 2010, 505790, 330, 351 );
INSERT INTO populacia  VALUES( 2010, 505811, 230, 234 );
INSERT INTO populacia  VALUES( 2010, 582301, 366, 384 );
INSERT INTO populacia  VALUES( 2010, 512885, 766, 744 );
INSERT INTO populacia  VALUES( 2010, 557391, 206, 194 );
INSERT INTO populacia  VALUES( 2010, 512931, 365, 379 );
INSERT INTO populacia  VALUES( 2010, 513016, 12221, 12693 );
INSERT INTO populacia  VALUES( 2010, 513024, 492, 436 );
INSERT INTO populacia  VALUES( 2010, 513091, 548, 521 );
INSERT INTO populacia  VALUES( 2010, 513156, 2722, 2850 );
INSERT INTO populacia  VALUES( 2010, 557404, 240, 241 );
INSERT INTO populacia  VALUES( 2010, 513253, 1218, 1297 );
INSERT INTO populacia  VALUES( 2010, 513351, 503, 544 );
INSERT INTO populacia  VALUES( 2010, 557617, 133, 129 );
INSERT INTO populacia  VALUES( 2010, 513296, 1283, 1353 );
INSERT INTO populacia  VALUES( 2010, 513385, 513, 522 );
INSERT INTO populacia  VALUES( 2010, 513440, 5692, 5997 );
INSERT INTO populacia  VALUES( 2010, 513598, 1101, 1088 );
INSERT INTO populacia  VALUES( 2010, 557412, 209, 223 );
INSERT INTO populacia  VALUES( 2010, 557421, 306, 518 );
INSERT INTO populacia  VALUES( 2010, 513725, 395, 386 );
INSERT INTO populacia  VALUES( 2010, 557625, 121, 122 );
INSERT INTO populacia  VALUES( 2010, 513865, 276, 296 );
INSERT INTO populacia  VALUES( 2010, 504254, 488, 456 );
INSERT INTO populacia  VALUES( 2010, 504262, 2579, 2723 );
INSERT INTO populacia  VALUES( 2010, 504289, 199, 220 );
INSERT INTO populacia  VALUES( 2010, 506079, 231, 246 );
INSERT INTO populacia  VALUES( 2010, 504408, 174, 201 );
INSERT INTO populacia  VALUES( 2010, 504424, 240, 240 );
INSERT INTO populacia  VALUES( 2010, 506141, 316, 309 );
INSERT INTO populacia  VALUES( 2010, 504467, 217, 212 );
INSERT INTO populacia  VALUES( 2010, 506150, 779, 811 );
INSERT INTO populacia  VALUES( 2010, 504581, 5953, 6393 );
INSERT INTO populacia  VALUES( 2010, 506419, 111, 130 );
INSERT INTO populacia  VALUES( 2010, 504661, 196, 194 );
INSERT INTO populacia  VALUES( 2010, 504688, 338, 348 );
INSERT INTO populacia  VALUES( 2010, 504696, 191, 182 );
INSERT INTO populacia  VALUES( 2010, 504793, 393, 400 );
INSERT INTO populacia  VALUES( 2010, 504866, 358, 379 );
INSERT INTO populacia  VALUES( 2010, 504971, 738, 781 );
INSERT INTO populacia  VALUES( 2010, 505846, 613, 717 );
INSERT INTO populacia  VALUES( 2010, 505871, 680, 691 );
INSERT INTO populacia  VALUES( 2010, 505889, 268, 305 );
INSERT INTO populacia  VALUES( 2010, 505897, 1005, 1065 );
INSERT INTO populacia  VALUES( 2010, 505901, 1900, 1940 );
INSERT INTO populacia  VALUES( 2010, 505919, 530, 578 );
INSERT INTO populacia  VALUES( 2010, 505951, 462, 517 );
INSERT INTO populacia  VALUES( 2010, 556424, 34, 33 );
INSERT INTO populacia  VALUES( 2010, 506001, 616, 679 );
INSERT INTO populacia  VALUES( 2010, 505994, 344, 347 );
INSERT INTO populacia  VALUES( 2010, 506052, 331, 318 );
INSERT INTO populacia  VALUES( 2010, 506061, 370, 365 );
INSERT INTO populacia  VALUES( 2010, 506109, 523, 495 );
INSERT INTO populacia  VALUES( 2010, 506125, 726, 736 );
INSERT INTO populacia  VALUES( 2010, 506184, 715, 722 );
INSERT INTO populacia  VALUES( 2010, 506206, 299, 325 );
INSERT INTO populacia  VALUES( 2010, 506249, 246, 280 );
INSERT INTO populacia  VALUES( 2010, 506257, 97, 112 );
INSERT INTO populacia  VALUES( 2010, 506265, 1242, 1281 );
INSERT INTO populacia  VALUES( 2010, 506303, 590, 575 );
INSERT INTO populacia  VALUES( 2010, 506311, 94, 107 );
INSERT INTO populacia  VALUES( 2010, 556459, 263, 288 );
INSERT INTO populacia  VALUES( 2010, 506338, 9770, 10494 );
INSERT INTO populacia  VALUES( 2010, 506346, 244, 221 );
INSERT INTO populacia  VALUES( 2010, 506401, 580, 602 );
INSERT INTO populacia  VALUES( 2010, 506427, 958, 1027 );
INSERT INTO populacia  VALUES( 2010, 506435, 297, 301 );
INSERT INTO populacia  VALUES( 2010, 506443, 653, 669 );
INSERT INTO populacia  VALUES( 2010, 506516, 117, 120 );
INSERT INTO populacia  VALUES( 2010, 506524, 4646, 5011 );
INSERT INTO populacia  VALUES( 2010, 506583, 458, 447 );
INSERT INTO populacia  VALUES( 2010, 506630, 372, 376 );
INSERT INTO populacia  VALUES( 2010, 506672, 85, 85 );
INSERT INTO populacia  VALUES( 2010, 556441, 340, 411 );
INSERT INTO populacia  VALUES( 2010, 542733, 2036, 2191 );
INSERT INTO populacia  VALUES( 2010, 580449, 418, 405 );
INSERT INTO populacia  VALUES( 2010, 542962, 527, 502 );
INSERT INTO populacia  VALUES( 2010, 543004, 1370, 1379 );
INSERT INTO populacia  VALUES( 2010, 556416, 268, 246 );
INSERT INTO populacia  VALUES( 2010, 543047, 816, 774 );
INSERT INTO populacia  VALUES( 2010, 543055, 428, 438 );
INSERT INTO populacia  VALUES( 2010, 556246, 224, 249 );
INSERT INTO populacia  VALUES( 2010, 556173, 49, 60 );
INSERT INTO populacia  VALUES( 2010, 556190, 123, 124 );
INSERT INTO populacia  VALUES( 2010, 505129, 241, 251 );
INSERT INTO populacia  VALUES( 2010, 580953, 353, 368 );
INSERT INTO populacia  VALUES( 2010, 505170, 312, 309 );
INSERT INTO populacia  VALUES( 2010, 505196, 322, 315 );
INSERT INTO populacia  VALUES( 2010, 505307, 429, 437 );
INSERT INTO populacia  VALUES( 2010, 505315, 11562, 12482 );
INSERT INTO populacia  VALUES( 2010, 505323, 207, 202 );
INSERT INTO populacia  VALUES( 2010, 505463, 630, 655 );
INSERT INTO populacia  VALUES( 2010, 556271, 78, 71 );
INSERT INTO populacia  VALUES( 2010, 505706, 317, 311 );
INSERT INTO populacia  VALUES( 2010, 505722, 993, 993 );
INSERT INTO populacia  VALUES( 2010, 505731, 443, 471 );
INSERT INTO populacia  VALUES( 2010, 505803, 856, 851 );
INSERT INTO populacia  VALUES( 2010, 557633, 249, 241 );
INSERT INTO populacia  VALUES( 2010, 512915, 588, 587 );
INSERT INTO populacia  VALUES( 2010, 557561, 67, 69 );
INSERT INTO populacia  VALUES( 2010, 512966, 692, 728 );
INSERT INTO populacia  VALUES( 2010, 546640, 469, 361 );
INSERT INTO populacia  VALUES( 2010, 513008, 764, 742 );
INSERT INTO populacia  VALUES( 2010, 557609, 74, 81 );
INSERT INTO populacia  VALUES( 2010, 557510, 284, 312 );
INSERT INTO populacia  VALUES( 2010, 513083, 323, 325 );
INSERT INTO populacia  VALUES( 2010, 580856, 192, 186 );
INSERT INTO populacia  VALUES( 2010, 513172, 538, 543 );
INSERT INTO populacia  VALUES( 2010, 557552, 176, 173 );
INSERT INTO populacia  VALUES( 2010, 513245, 124, 128 );
INSERT INTO populacia  VALUES( 2010, 557579, 252, 250 );
INSERT INTO populacia  VALUES( 2010, 513466, 1280, 1277 );
INSERT INTO populacia  VALUES( 2010, 513474, 783, 825 );
INSERT INTO populacia  VALUES( 2010, 558222, 75, 69 );
INSERT INTO populacia  VALUES( 2010, 580864, 69, 64 );
INSERT INTO populacia  VALUES( 2010, 512842, 20125, 21385 );
INSERT INTO populacia  VALUES( 2010, 513563, 711, 693 );
INSERT INTO populacia  VALUES( 2010, 513601, 973, 992 );
INSERT INTO populacia  VALUES( 2010, 557595, 77, 83 );
INSERT INTO populacia  VALUES( 2010, 557480, 237, 251 );
INSERT INTO populacia  VALUES( 2010, 513687, 348, 339 );
INSERT INTO populacia  VALUES( 2010, 518913, 582, 530 );
INSERT INTO populacia  VALUES( 2010, 513741, 1067, 1116 );
INSERT INTO populacia  VALUES( 2010, 513784, 129, 115 );
INSERT INTO populacia  VALUES( 2010, 513822, 97, 80 );
INSERT INTO populacia  VALUES( 2010, 513903, 2345, 2560 );
INSERT INTO populacia  VALUES( 2010, 513911, 905, 957 );
INSERT INTO populacia  VALUES( 2010, 513920, 587, 598 );
INSERT INTO populacia  VALUES( 2010, 513938, 278, 245 );
INSERT INTO populacia  VALUES( 2010, 513946, 879, 869 );
INSERT INTO populacia  VALUES( 2010, 513954, 897, 875 );
INSERT INTO populacia  VALUES( 2010, 513962, 865, 918 );
INSERT INTO populacia  VALUES( 2010, 513971, 83, 101 );
INSERT INTO populacia  VALUES( 2010, 513989, 1344, 1291 );
INSERT INTO populacia  VALUES( 2010, 513997, 8744, 8876 );
INSERT INTO populacia  VALUES( 2010, 514004, 1025, 525 );
INSERT INTO populacia  VALUES( 2010, 514012, 300, 316 );
INSERT INTO populacia  VALUES( 2010, 514021, 694, 686 );
INSERT INTO populacia  VALUES( 2010, 514039, 130, 128 );
INSERT INTO populacia  VALUES( 2010, 557714, 295, 297 );
INSERT INTO populacia  VALUES( 2010, 514063, 902, 933 );
INSERT INTO populacia  VALUES( 2010, 514071, 2035, 2110 );
INSERT INTO populacia  VALUES( 2010, 514080, 563, 564 );
INSERT INTO populacia  VALUES( 2010, 514098, 227, 241 );
INSERT INTO populacia  VALUES( 2010, 514101, 234, 253 );
INSERT INTO populacia  VALUES( 2010, 514110, 606, 567 );
INSERT INTO populacia  VALUES( 2010, 514128, 793, 847 );
INSERT INTO populacia  VALUES( 2010, 514136, 1971, 1958 );
INSERT INTO populacia  VALUES( 2010, 514144, 610, 621 );
INSERT INTO populacia  VALUES( 2010, 557706, 227, 241 );
INSERT INTO populacia  VALUES( 2010, 514179, 344, 321 );
INSERT INTO populacia  VALUES( 2010, 514187, 453, 437 );
INSERT INTO populacia  VALUES( 2010, 514209, 1040, 1051 );
INSERT INTO populacia  VALUES( 2010, 514217, 139, 157 );
INSERT INTO populacia  VALUES( 2010, 514225, 1565, 1709 );
INSERT INTO populacia  VALUES( 2010, 514233, 990, 984 );
INSERT INTO populacia  VALUES( 2010, 514241, 599, 624 );
INSERT INTO populacia  VALUES( 2010, 514250, 624, 617 );
INSERT INTO populacia  VALUES( 2010, 514268, 2168, 2248 );
INSERT INTO populacia  VALUES( 2010, 514284, 734, 756 );
INSERT INTO populacia  VALUES( 2010, 514292, 1201, 1216 );
INSERT INTO populacia  VALUES( 2010, 514306, 151, 170 );
INSERT INTO populacia  VALUES( 2010, 514314, 295, 287 );
INSERT INTO populacia  VALUES( 2010, 514322, 657, 658 );
INSERT INTO populacia  VALUES( 2010, 514331, 640, 616 );
INSERT INTO populacia  VALUES( 2010, 513881, 24450, 25544 );
INSERT INTO populacia  VALUES( 2010, 514349, 272, 263 );
INSERT INTO populacia  VALUES( 2010, 514357, 615, 661 );
INSERT INTO populacia  VALUES( 2010, 514365, 370, 361 );
INSERT INTO populacia  VALUES( 2010, 514373, 864, 873 );
INSERT INTO populacia  VALUES( 2010, 514381, 177, 213 );
INSERT INTO populacia  VALUES( 2010, 514390, 206, 222 );
INSERT INTO populacia  VALUES( 2010, 514403, 128, 130 );
INSERT INTO populacia  VALUES( 2010, 514411, 627, 618 );
INSERT INTO populacia  VALUES( 2010, 514420, 1119, 1098 );
INSERT INTO populacia  VALUES( 2010, 514438, 233, 237 );
INSERT INTO populacia  VALUES( 2010, 514454, 821, 866 );
INSERT INTO populacia  VALUES( 2010, 512851, 2925, 3116 );
INSERT INTO populacia  VALUES( 2010, 512940, 903, 865 );
INSERT INTO populacia  VALUES( 2010, 512958, 411, 429 );
INSERT INTO populacia  VALUES( 2010, 557439, 576, 642 );
INSERT INTO populacia  VALUES( 2010, 557692, 228, 241 );
INSERT INTO populacia  VALUES( 2010, 513121, 413, 429 );
INSERT INTO populacia  VALUES( 2010, 557501, 331, 339 );
INSERT INTO populacia  VALUES( 2010, 513300, 656, 688 );
INSERT INTO populacia  VALUES( 2010, 513318, 495, 518 );
INSERT INTO populacia  VALUES( 2010, 513326, 2039, 2086 );
INSERT INTO populacia  VALUES( 2010, 513334, 468, 476 );
INSERT INTO populacia  VALUES( 2010, 513342, 1065, 1080 );
INSERT INTO populacia  VALUES( 2010, 513377, 255, 259 );
INSERT INTO populacia  VALUES( 2010, 513407, 247, 279 );
INSERT INTO populacia  VALUES( 2010, 557447, 357, 350 );
INSERT INTO populacia  VALUES( 2010, 513610, 8987, 9545 );
INSERT INTO populacia  VALUES( 2010, 557471, 442, 446 );
INSERT INTO populacia  VALUES( 2010, 513776, 457, 467 );
INSERT INTO populacia  VALUES( 2010, 557498, 170, 180 );
INSERT INTO populacia  VALUES( 2010, 513814, 349, 350 );
INSERT INTO populacia  VALUES( 2010, 500348, 449, 443 );
INSERT INTO populacia  VALUES( 2010, 505838, 409, 433 );
INSERT INTO populacia  VALUES( 2010, 505854, 364, 394 );
INSERT INTO populacia  VALUES( 2010, 505935, 427, 406 );
INSERT INTO populacia  VALUES( 2010, 505943, 1484, 1490 );
INSERT INTO populacia  VALUES( 2010, 505960, 1145, 1083 );
INSERT INTO populacia  VALUES( 2010, 505978, 463, 462 );
INSERT INTO populacia  VALUES( 2010, 506010, 1714, 1711 );
INSERT INTO populacia  VALUES( 2010, 506028, 195, 218 );
INSERT INTO populacia  VALUES( 2010, 506036, 1410, 1444 );
INSERT INTO populacia  VALUES( 2010, 506044, 219, 224 );
INSERT INTO populacia  VALUES( 2010, 506087, 901, 840 );
INSERT INTO populacia  VALUES( 2010, 506095, 455, 498 );
INSERT INTO populacia  VALUES( 2010, 506133, 322, 354 );
INSERT INTO populacia  VALUES( 2010, 506168, 175, 154 );
INSERT INTO populacia  VALUES( 2010, 545686, 783, 822 );
INSERT INTO populacia  VALUES( 2010, 506231, 620, 593 );
INSERT INTO populacia  VALUES( 2010, 506273, 403, 395 );
INSERT INTO populacia  VALUES( 2010, 506281, 3131, 3197 );
INSERT INTO populacia  VALUES( 2010, 506290, 396, 396 );
INSERT INTO populacia  VALUES( 2010, 506354, 975, 1019 );
INSERT INTO populacia  VALUES( 2010, 506371, 212, 201 );
INSERT INTO populacia  VALUES( 2010, 581348, 94, 82 );
INSERT INTO populacia  VALUES( 2010, 506478, 505, 509 );
INSERT INTO populacia  VALUES( 2010, 546682, 548, 600 );
INSERT INTO populacia  VALUES( 2010, 506508, 1056, 1082 );
INSERT INTO populacia  VALUES( 2010, 506532, 773, 792 );
INSERT INTO populacia  VALUES( 2010, 506541, 175, 197 );
INSERT INTO populacia  VALUES( 2010, 506559, 1992, 2054 );
INSERT INTO populacia  VALUES( 2010, 506567, 1566, 1554 );
INSERT INTO populacia  VALUES( 2010, 506591, 634, 586 );
INSERT INTO populacia  VALUES( 2010, 506605, 393, 396 );
INSERT INTO populacia  VALUES( 2010, 545741, 1550, 1607 );
INSERT INTO populacia  VALUES( 2010, 506613, 1942, 2183 );
INSERT INTO populacia  VALUES( 2010, 505820, 27054, 29349 );
INSERT INTO populacia  VALUES( 2010, 506648, 330, 352 );
INSERT INTO populacia  VALUES( 2010, 506656, 329, 319 );
INSERT INTO populacia  VALUES( 2010, 556475, 416, 438 );
INSERT INTO populacia  VALUES( 2010, 501034, 611, 639 );
INSERT INTO populacia  VALUES( 2010, 501395, 1696, 1794 );
INSERT INTO populacia  VALUES( 2010, 501042, 190, 184 );
INSERT INTO populacia  VALUES( 2010, 555819, 89, 115 );
INSERT INTO populacia  VALUES( 2010, 501069, 225, 243 );
INSERT INTO populacia  VALUES( 2010, 501077, 531, 606 );
INSERT INTO populacia  VALUES( 2010, 501085, 568, 629 );
INSERT INTO populacia  VALUES( 2010, 501093, 654, 647 );
INSERT INTO populacia  VALUES( 2010, 501107, 229, 252 );
INSERT INTO populacia  VALUES( 2010, 501123, 893, 934 );
INSERT INTO populacia  VALUES( 2010, 580911, 247, 231 );
INSERT INTO populacia  VALUES( 2010, 501140, 3934, 4179 );
INSERT INTO populacia  VALUES( 2010, 501158, 699, 734 );
INSERT INTO populacia  VALUES( 2010, 501166, 983, 1093 );
INSERT INTO populacia  VALUES( 2010, 501174, 820, 880 );
INSERT INTO populacia  VALUES( 2010, 501182, 974, 1013 );
INSERT INTO populacia  VALUES( 2010, 501191, 296, 243 );
INSERT INTO populacia  VALUES( 2010, 501204, 5326, 5420 );
INSERT INTO populacia  VALUES( 2010, 501026, 16980, 18684 );
INSERT INTO populacia  VALUES( 2010, 501212, 353, 392 );
INSERT INTO populacia  VALUES( 2010, 501221, 82, 84 );
INSERT INTO populacia  VALUES( 2010, 501239, 1895, 1968 );
INSERT INTO populacia  VALUES( 2010, 501247, 356, 372 );
INSERT INTO populacia  VALUES( 2010, 501255, 565, 602 );
INSERT INTO populacia  VALUES( 2010, 501263, 724, 755 );
INSERT INTO populacia  VALUES( 2010, 501271, 72, 48 );
INSERT INTO populacia  VALUES( 2010, 501280, 2469, 2561 );
INSERT INTO populacia  VALUES( 2010, 501301, 753, 735 );
INSERT INTO populacia  VALUES( 2010, 501310, 198, 200 );
INSERT INTO populacia  VALUES( 2010, 501328, 1484, 1531 );
INSERT INTO populacia  VALUES( 2010, 501336, 361, 384 );
INSERT INTO populacia  VALUES( 2010, 501344, 603, 653 );
INSERT INTO populacia  VALUES( 2010, 501115, 1338, 1421 );
INSERT INTO populacia  VALUES( 2010, 501352, 241, 236 );
INSERT INTO populacia  VALUES( 2010, 501361, 397, 418 );
INSERT INTO populacia  VALUES( 2010, 501379, 390, 335 );
INSERT INTO populacia  VALUES( 2010, 501387, 511, 522 );
INSERT INTO populacia  VALUES( 2010, 555827, 145, 156 );
INSERT INTO populacia  VALUES( 2010, 501409, 279, 305 );
INSERT INTO populacia  VALUES( 2010, 501417, 1299, 1273 );
INSERT INTO populacia  VALUES( 2010, 501425, 1238, 1245 );
INSERT INTO populacia  VALUES( 2010, 502049, 177, 157 );
INSERT INTO populacia  VALUES( 2010, 502057, 541, 567 );
INSERT INTO populacia  VALUES( 2010, 502065, 313, 321 );
INSERT INTO populacia  VALUES( 2010, 502073, 112, 127 );
INSERT INTO populacia  VALUES( 2010, 580937, 70, 80 );
INSERT INTO populacia  VALUES( 2010, 502090, 144, 162 );
INSERT INTO populacia  VALUES( 2010, 502103, 145, 164 );
INSERT INTO populacia  VALUES( 2010, 502111, 494, 519 );
INSERT INTO populacia  VALUES( 2010, 502120, 392, 445 );
INSERT INTO populacia  VALUES( 2010, 555843, 540, 574 );
INSERT INTO populacia  VALUES( 2010, 502154, 503, 530 );
INSERT INTO populacia  VALUES( 2010, 502162, 202, 196 );
INSERT INTO populacia  VALUES( 2010, 502171, 220, 217 );
INSERT INTO populacia  VALUES( 2010, 502189, 262, 279 );
INSERT INTO populacia  VALUES( 2010, 502197, 469, 524 );
INSERT INTO populacia  VALUES( 2010, 502201, 124, 127 );
INSERT INTO populacia  VALUES( 2010, 502219, 201, 197 );
INSERT INTO populacia  VALUES( 2010, 502227, 662, 715 );
INSERT INTO populacia  VALUES( 2010, 502243, 268, 286 );
INSERT INTO populacia  VALUES( 2010, 502251, 269, 295 );
INSERT INTO populacia  VALUES( 2010, 545350, 154, 174 );
INSERT INTO populacia  VALUES( 2010, 502260, 250, 300 );
INSERT INTO populacia  VALUES( 2010, 502278, 288, 329 );
INSERT INTO populacia  VALUES( 2010, 502286, 288, 309 );
INSERT INTO populacia  VALUES( 2010, 502294, 144, 150 );
INSERT INTO populacia  VALUES( 2010, 581895, 141, 164 );
INSERT INTO populacia  VALUES( 2010, 502324, 767, 786 );
INSERT INTO populacia  VALUES( 2010, 502332, 717, 764 );
INSERT INTO populacia  VALUES( 2010, 502341, 337, 352 );
INSERT INTO populacia  VALUES( 2010, 502359, 100, 97 );
INSERT INTO populacia  VALUES( 2010, 502367, 140, 165 );
INSERT INTO populacia  VALUES( 2010, 502375, 424, 456 );
INSERT INTO populacia  VALUES( 2010, 502383, 104, 102 );
INSERT INTO populacia  VALUES( 2010, 556777, 19, 24 );
INSERT INTO populacia  VALUES( 2010, 502391, 463, 481 );
INSERT INTO populacia  VALUES( 2010, 502413, 1007, 1094 );
INSERT INTO populacia  VALUES( 2010, 502472, 305, 371 );
INSERT INTO populacia  VALUES( 2010, 502421, 973, 1049 );
INSERT INTO populacia  VALUES( 2010, 502430, 403, 342 );
INSERT INTO populacia  VALUES( 2010, 502448, 139, 151 );
INSERT INTO populacia  VALUES( 2010, 502456, 305, 348 );
INSERT INTO populacia  VALUES( 2010, 502464, 270, 264 );
INSERT INTO populacia  VALUES( 2010, 502031, 16616, 18256 );
INSERT INTO populacia  VALUES( 2010, 502481, 499, 518 );
INSERT INTO populacia  VALUES( 2010, 502499, 369, 340 );
INSERT INTO populacia  VALUES( 2010, 502502, 90, 104 );
INSERT INTO populacia  VALUES( 2010, 502511, 244, 256 );
INSERT INTO populacia  VALUES( 2010, 581135, 187, 222 );
INSERT INTO populacia  VALUES( 2010, 502537, 91, 99 );
INSERT INTO populacia  VALUES( 2010, 502570, 487, 503 );
INSERT INTO populacia  VALUES( 2010, 502588, 729, 812 );
INSERT INTO populacia  VALUES( 2010, 502596, 426, 430 );
INSERT INTO populacia  VALUES( 2010, 502600, 281, 285 );
INSERT INTO populacia  VALUES( 2010, 502618, 244, 234 );
INSERT INTO populacia  VALUES( 2010, 502626, 271, 271 );
INSERT INTO populacia  VALUES( 2010, 502634, 68, 64 );
INSERT INTO populacia  VALUES( 2010, 502642, 772, 879 );
INSERT INTO populacia  VALUES( 2010, 502651, 443, 468 );
INSERT INTO populacia  VALUES( 2010, 502669, 371, 366 );
INSERT INTO populacia  VALUES( 2010, 502677, 655, 699 );
INSERT INTO populacia  VALUES( 2010, 502693, 966, 1053 );
INSERT INTO populacia  VALUES( 2010, 502707, 676, 718 );
INSERT INTO populacia  VALUES( 2010, 502715, 366, 405 );
INSERT INTO populacia  VALUES( 2010, 502723, 239, 246 );
INSERT INTO populacia  VALUES( 2010, 502731, 325, 322 );
INSERT INTO populacia  VALUES( 2010, 502740, 178, 178 );
INSERT INTO populacia  VALUES( 2010, 502758, 93, 98 );
INSERT INTO populacia  VALUES( 2010, 502766, 706, 742 );
INSERT INTO populacia  VALUES( 2010, 502782, 3751, 4160 );
INSERT INTO populacia  VALUES( 2010, 502791, 192, 197 );
INSERT INTO populacia  VALUES( 2010, 502804, 809, 840 );
INSERT INTO populacia  VALUES( 2010, 502812, 273, 257 );
INSERT INTO populacia  VALUES( 2010, 502821, 1482, 1513 );
INSERT INTO populacia  VALUES( 2010, 502847, 163, 187 );
INSERT INTO populacia  VALUES( 2010, 502863, 1926, 2041 );
INSERT INTO populacia  VALUES( 2010, 502871, 298, 312 );
INSERT INTO populacia  VALUES( 2010, 502880, 121, 119 );
INSERT INTO populacia  VALUES( 2010, 502898, 111, 101 );
INSERT INTO populacia  VALUES( 2010, 581160, 352, 369 );
INSERT INTO populacia  VALUES( 2010, 502910, 784, 842 );
INSERT INTO populacia  VALUES( 2010, 502928, 397, 390 );
INSERT INTO populacia  VALUES( 2010, 502936, 597, 692 );
INSERT INTO populacia  VALUES( 2010, 502944, 346, 330 );
INSERT INTO populacia  VALUES( 2010, 502952, 83, 100 );
INSERT INTO populacia  VALUES( 2010, 502961, 78, 79 );
INSERT INTO populacia  VALUES( 2010, 502979, 248, 271 );
INSERT INTO populacia  VALUES( 2010, 502987, 3544, 3923 );
INSERT INTO populacia  VALUES( 2010, 502995, 597, 656 );
INSERT INTO populacia  VALUES( 2010, 503002, 76, 89 );
INSERT INTO populacia  VALUES( 2010, 500020, 820, 884 );
INSERT INTO populacia  VALUES( 2010, 500046, 532, 531 );
INSERT INTO populacia  VALUES( 2010, 581623, 331, 341 );
INSERT INTO populacia  VALUES( 2010, 582697, 167, 164 );
INSERT INTO populacia  VALUES( 2010, 500071, 1060, 1107 );
INSERT INTO populacia  VALUES( 2010, 545589, 1907, 1988 );
INSERT INTO populacia  VALUES( 2010, 582387, 368, 412 );
INSERT INTO populacia  VALUES( 2010, 500101, 562, 577 );
INSERT INTO populacia  VALUES( 2010, 555886, 509, 549 );
INSERT INTO populacia  VALUES( 2010, 500135, 461, 477 );
INSERT INTO populacia  VALUES( 2010, 500160, 318, 308 );
INSERT INTO populacia  VALUES( 2010, 582425, 276, 261 );
INSERT INTO populacia  VALUES( 2010, 500194, 578, 600 );
INSERT INTO populacia  VALUES( 2010, 500232, 652, 686 );
INSERT INTO populacia  VALUES( 2010, 545635, 427, 480 );
INSERT INTO populacia  VALUES( 2010, 555959, 184, 185 );
INSERT INTO populacia  VALUES( 2010, 500313, 235, 261 );
INSERT INTO populacia  VALUES( 2010, 558320, 1186, 1300 );
INSERT INTO populacia  VALUES( 2010, 500356, 938, 974 );
INSERT INTO populacia  VALUES( 2010, 500372, 995, 1038 );
INSERT INTO populacia  VALUES( 2010, 500381, 496, 511 );
INSERT INTO populacia  VALUES( 2010, 500399, 106, 96 );
INSERT INTO populacia  VALUES( 2010, 500402, 720, 628 );
INSERT INTO populacia  VALUES( 2010, 500411, 737, 794 );
INSERT INTO populacia  VALUES( 2010, 500453, 964, 1001 );
INSERT INTO populacia  VALUES( 2010, 500470, 442, 483 );
INSERT INTO populacia  VALUES( 2010, 581097, 104, 139 );
INSERT INTO populacia  VALUES( 2010, 500488, 560, 589 );
INSERT INTO populacia  VALUES( 2010, 580899, 1371, 1451 );
INSERT INTO populacia  VALUES( 2010, 556785, 204, 185 );
INSERT INTO populacia  VALUES( 2010, 500534, 125, 146 );
INSERT INTO populacia  VALUES( 2010, 555908, 199, 201 );
INSERT INTO populacia  VALUES( 2010, 555851, 251, 285 );
INSERT INTO populacia  VALUES( 2010, 500569, 215, 237 );
INSERT INTO populacia  VALUES( 2010, 500577, 1393, 1430 );
INSERT INTO populacia  VALUES( 2010, 500011, 39983, 43461 );
INSERT INTO populacia  VALUES( 2010, 556696, 970, 1022 );
INSERT INTO populacia  VALUES( 2010, 500631, 630, 677 );
INSERT INTO populacia  VALUES( 2010, 500640, 636, 688 );
INSERT INTO populacia  VALUES( 2010, 500666, 154, 178 );
INSERT INTO populacia  VALUES( 2010, 500674, 562, 547 );
INSERT INTO populacia  VALUES( 2010, 500682, 548, 552 );
INSERT INTO populacia  VALUES( 2010, 500691, 297, 322 );
INSERT INTO populacia  VALUES( 2010, 500704, 1037, 1114 );
INSERT INTO populacia  VALUES( 2010, 500712, 391, 424 );
INSERT INTO populacia  VALUES( 2010, 555991, 656, 698 );
INSERT INTO populacia  VALUES( 2010, 581691, 154, 148 );
INSERT INTO populacia  VALUES( 2010, 582719, 367, 358 );
INSERT INTO populacia  VALUES( 2010, 500780, 283, 308 );
INSERT INTO populacia  VALUES( 2010, 500798, 137, 152 );
INSERT INTO populacia  VALUES( 2010, 555967, 188, 197 );
INSERT INTO populacia  VALUES( 2010, 500844, 352, 312 );
INSERT INTO populacia  VALUES( 2010, 500518, 146, 168 );
INSERT INTO populacia  VALUES( 2010, 500887, 2064, 2191 );
INSERT INTO populacia  VALUES( 2010, 500895, 789, 858 );
INSERT INTO populacia  VALUES( 2010, 555860, 555, 578 );
INSERT INTO populacia  VALUES( 2010, 500917, 957, 1018 );
INSERT INTO populacia  VALUES( 2010, 500933, 4519, 4788 );
INSERT INTO populacia  VALUES( 2010, 500941, 1069, 1116 );
INSERT INTO populacia  VALUES( 2010, 500950, 1096, 1169 );
INSERT INTO populacia  VALUES( 2010, 500992, 651, 734 );
INSERT INTO populacia  VALUES( 2010, 501018, 169, 181 );
INSERT INTO populacia  VALUES( 2010, 503029, 675, 695 );
INSERT INTO populacia  VALUES( 2010, 503037, 194, 214 );
INSERT INTO populacia  VALUES( 2010, 503045, 1841, 1906 );
INSERT INTO populacia  VALUES( 2010, 503053, 454, 348 );
INSERT INTO populacia  VALUES( 2010, 503061, 194, 199 );
INSERT INTO populacia  VALUES( 2010, 503070, 818, 891 );
INSERT INTO populacia  VALUES( 2010, 503088, 700, 764 );
INSERT INTO populacia  VALUES( 2010, 503096, 285, 289 );
INSERT INTO populacia  VALUES( 2010, 503100, 309, 322 );
INSERT INTO populacia  VALUES( 2010, 503118, 138, 164 );
INSERT INTO populacia  VALUES( 2010, 503126, 509, 510 );
INSERT INTO populacia  VALUES( 2010, 503134, 378, 402 );
INSERT INTO populacia  VALUES( 2010, 503151, 780, 832 );
INSERT INTO populacia  VALUES( 2010, 503169, 853, 871 );
INSERT INTO populacia  VALUES( 2010, 503177, 2557, 2611 );
INSERT INTO populacia  VALUES( 2010, 503185, 1088, 1141 );
INSERT INTO populacia  VALUES( 2010, 503193, 600, 640 );
INSERT INTO populacia  VALUES( 2010, 503207, 359, 342 );
INSERT INTO populacia  VALUES( 2010, 503215, 574, 658 );
INSERT INTO populacia  VALUES( 2010, 503223, 382, 395 );
INSERT INTO populacia  VALUES( 2010, 503231, 594, 780 );
INSERT INTO populacia  VALUES( 2010, 503240, 717, 792 );
INSERT INTO populacia  VALUES( 2010, 503258, 503, 543 );
INSERT INTO populacia  VALUES( 2010, 503266, 460, 456 );
INSERT INTO populacia  VALUES( 2010, 503274, 746, 708 );
INSERT INTO populacia  VALUES( 2010, 503282, 2091, 2184 );
INSERT INTO populacia  VALUES( 2010, 503291, 436, 502 );
INSERT INTO populacia  VALUES( 2010, 503312, 171, 216 );
INSERT INTO populacia  VALUES( 2010, 503321, 824, 779 );
INSERT INTO populacia  VALUES( 2010, 503339, 227, 236 );
INSERT INTO populacia  VALUES( 2010, 503347, 188, 217 );
INSERT INTO populacia  VALUES( 2010, 503355, 194, 187 );
INSERT INTO populacia  VALUES( 2010, 503363, 961, 1157 );
INSERT INTO populacia  VALUES( 2010, 503371, 339, 366 );
INSERT INTO populacia  VALUES( 2010, 503398, 678, 701 );
INSERT INTO populacia  VALUES( 2010, 503401, 978, 1020 );
INSERT INTO populacia  VALUES( 2010, 556092, 582, 634 );
INSERT INTO populacia  VALUES( 2010, 503436, 371, 385 );
INSERT INTO populacia  VALUES( 2010, 503011, 18999, 21095 );
INSERT INTO populacia  VALUES( 2010, 582361, 553, 604 );
INSERT INTO populacia  VALUES( 2010, 503452, 2176, 2232 );
INSERT INTO populacia  VALUES( 2010, 556033, 120, 133 );
INSERT INTO populacia  VALUES( 2010, 503479, 538, 556 );
INSERT INTO populacia  VALUES( 2010, 503487, 250, 266 );
INSERT INTO populacia  VALUES( 2010, 503495, 390, 410 );
INSERT INTO populacia  VALUES( 2010, 503509, 444, 464 );
INSERT INTO populacia  VALUES( 2010, 503517, 463, 490 );
INSERT INTO populacia  VALUES( 2010, 503525, 499, 528 );
INSERT INTO populacia  VALUES( 2010, 503533, 681, 748 );
INSERT INTO populacia  VALUES( 2010, 503541, 217, 241 );
INSERT INTO populacia  VALUES( 2010, 503550, 979, 1093 );
INSERT INTO populacia  VALUES( 2010, 503568, 1254, 1372 );
INSERT INTO populacia  VALUES( 2010, 503576, 165, 206 );
INSERT INTO populacia  VALUES( 2010, 503584, 5204, 5529 );
INSERT INTO populacia  VALUES( 2010, 503592, 5005, 5260 );
INSERT INTO populacia  VALUES( 2010, 503606, 521, 572 );
INSERT INTO populacia  VALUES( 2010, 503614, 2618, 2698 );
INSERT INTO populacia  VALUES( 2010, 556050, 746, 808 );
INSERT INTO populacia  VALUES( 2010, 503631, 983, 1001 );
INSERT INTO populacia  VALUES( 2010, 503380, 1510, 1531 );
INSERT INTO populacia  VALUES( 2010, 556025, 157, 166 );
INSERT INTO populacia  VALUES( 2010, 503649, 1141, 1165 );
INSERT INTO populacia  VALUES( 2010, 503711, 1115, 1185 );
INSERT INTO populacia  VALUES( 2010, 503720, 432, 454 );
INSERT INTO populacia  VALUES( 2010, 500241, 622, 715 );
INSERT INTO populacia  VALUES( 2010, 555878, 917, 871 );
INSERT INTO populacia  VALUES( 2010, 503886, 830, 895 );
INSERT INTO populacia  VALUES( 2010, 500739, 2188, 2254 );
INSERT INTO populacia  VALUES( 2010, 503932, 1542, 1597 );
INSERT INTO populacia  VALUES( 2010, 503991, 1464, 1495 );
INSERT INTO populacia  VALUES( 2010, 504025, 11457, 12188 );
INSERT INTO populacia  VALUES( 2010, 504068, 1833, 1955 );
INSERT INTO populacia  VALUES( 2010, 504092, 1371, 1371 );
INSERT INTO populacia  VALUES( 2010, 504165, 1667, 1794 );
INSERT INTO populacia  VALUES( 2010, 504190, 812, 879 );
INSERT INTO populacia  VALUES( 2010, 556220, 108, 107 );
INSERT INTO populacia  VALUES( 2010, 542661, 146, 158 );
INSERT INTO populacia  VALUES( 2010, 542695, 111, 107 );
INSERT INTO populacia  VALUES( 2010, 542709, 180, 180 );
INSERT INTO populacia  VALUES( 2010, 542717, 1020, 1019 );
INSERT INTO populacia  VALUES( 2010, 556297, 242, 227 );
INSERT INTO populacia  VALUES( 2010, 542792, 183, 197 );
INSERT INTO populacia  VALUES( 2010, 556262, 394, 375 );
INSERT INTO populacia  VALUES( 2010, 542881, 147, 196 );
INSERT INTO populacia  VALUES( 2010, 556351, 180, 178 );
INSERT INTO populacia  VALUES( 2010, 542938, 825, 751 );
INSERT INTO populacia  VALUES( 2010, 542954, 227, 254 );
INSERT INTO populacia  VALUES( 2010, 542971, 537, 602 );
INSERT INTO populacia  VALUES( 2010, 556165, 374, 401 );
INSERT INTO populacia  VALUES( 2010, 556157, 911, 927 );
INSERT INTO populacia  VALUES( 2010, 543039, 298, 324 );
INSERT INTO populacia  VALUES( 2010, 543063, 303, 320 );
INSERT INTO populacia  VALUES( 2010, 543071, 856, 748 );
INSERT INTO populacia  VALUES( 2010, 543101, 625, 672 );
INSERT INTO populacia  VALUES( 2010, 543110, 162, 139 );
INSERT INTO populacia  VALUES( 2010, 556149, 884, 924 );
INSERT INTO populacia  VALUES( 2010, 581704, 361, 363 );
INSERT INTO populacia  VALUES( 2010, 505021, 157, 177 );
INSERT INTO populacia  VALUES( 2010, 505048, 920, 920 );
INSERT INTO populacia  VALUES( 2010, 505064, 111, 104 );
INSERT INTO populacia  VALUES( 2010, 505137, 268, 284 );
INSERT INTO populacia  VALUES( 2010, 581305, 459, 488 );
INSERT INTO populacia  VALUES( 2010, 505226, 150, 162 );
INSERT INTO populacia  VALUES( 2010, 505234, 593, 599 );
INSERT INTO populacia  VALUES( 2010, 505242, 368, 380 );
INSERT INTO populacia  VALUES( 2010, 505251, 164, 164 );
INSERT INTO populacia  VALUES( 2010, 505285, 452, 450 );
INSERT INTO populacia  VALUES( 2010, 556211, 145, 148 );
INSERT INTO populacia  VALUES( 2010, 505340, 145, 161 );
INSERT INTO populacia  VALUES( 2010, 505374, 1056, 1044 );
INSERT INTO populacia  VALUES( 2010, 581658, 494, 502 );
INSERT INTO populacia  VALUES( 2010, 505404, 746, 741 );
INSERT INTO populacia  VALUES( 2010, 505421, 983, 1014 );
INSERT INTO populacia  VALUES( 2010, 505439, 273, 281 );
INSERT INTO populacia  VALUES( 2010, 505498, 1284, 1270 );
INSERT INTO populacia  VALUES( 2010, 556327, 133, 128 );
INSERT INTO populacia  VALUES( 2010, 505510, 234, 255 );
INSERT INTO populacia  VALUES( 2010, 556238, 101, 105 );
INSERT INTO populacia  VALUES( 2010, 505536, 251, 256 );
INSERT INTO populacia  VALUES( 2010, 505561, 366, 353 );
INSERT INTO populacia  VALUES( 2010, 504998, 13651, 14620 );
INSERT INTO populacia  VALUES( 2010, 580457, 690, 754 );
INSERT INTO populacia  VALUES( 2010, 505617, 246, 237 );
INSERT INTO populacia  VALUES( 2010, 505641, 666, 762 );
INSERT INTO populacia  VALUES( 2010, 505676, 350, 334 );
INSERT INTO populacia  VALUES( 2010, 505714, 1036, 1089 );
INSERT INTO populacia  VALUES( 2010, 505749, 260, 263 );
INSERT INTO populacia  VALUES( 2010, 505757, 170, 169 );
INSERT INTO populacia  VALUES( 2010, 505773, 311, 295 );
INSERT INTO populacia  VALUES( 2010, 500062, 764, 794 );
INSERT INTO populacia  VALUES( 2010, 500127, 261, 275 );
INSERT INTO populacia  VALUES( 2010, 555916, 194, 224 );
INSERT INTO populacia  VALUES( 2010, 500151, 549, 556 );
INSERT INTO populacia  VALUES( 2010, 500283, 587, 616 );
INSERT INTO populacia  VALUES( 2010, 500305, 379, 374 );
INSERT INTO populacia  VALUES( 2010, 500321, 263, 260 );
INSERT INTO populacia  VALUES( 2010, 500364, 452, 517 );
INSERT INTO populacia  VALUES( 2010, 500429, 180, 196 );
INSERT INTO populacia  VALUES( 2010, 500437, 378, 397 );
INSERT INTO populacia  VALUES( 2010, 500461, 339, 341 );
INSERT INTO populacia  VALUES( 2010, 500500, 492, 559 );
INSERT INTO populacia  VALUES( 2010, 555924, 164, 145 );
INSERT INTO populacia  VALUES( 2010, 500542, 259, 273 );
INSERT INTO populacia  VALUES( 2010, 500551, 263, 265 );
INSERT INTO populacia  VALUES( 2010, 500585, 347, 369 );
INSERT INTO populacia  VALUES( 2010, 500593, 323, 341 );
INSERT INTO populacia  VALUES( 2010, 500607, 317, 307 );
INSERT INTO populacia  VALUES( 2010, 500658, 733, 765 );
INSERT INTO populacia  VALUES( 2010, 500721, 501, 531 );
INSERT INTO populacia  VALUES( 2010, 500747, 853, 883 );
INSERT INTO populacia  VALUES( 2010, 500755, 392, 473 );
INSERT INTO populacia  VALUES( 2010, 517305, 521, 533 );
INSERT INTO populacia  VALUES( 2010, 500810, 840, 853 );
INSERT INTO populacia  VALUES( 2010, 500828, 1374, 1464 );
INSERT INTO populacia  VALUES( 2010, 500836, 381, 463 );
INSERT INTO populacia  VALUES( 2010, 555932, 246, 250 );
INSERT INTO populacia  VALUES( 2010, 500909, 231, 229 );
INSERT INTO populacia  VALUES( 2010, 500925, 526, 522 );
INSERT INTO populacia  VALUES( 2010, 500968, 6306, 6699 );
INSERT INTO populacia  VALUES( 2010, 500976, 112, 119 );
INSERT INTO populacia  VALUES( 2010, 500984, 259, 269 );
INSERT INTO populacia  VALUES( 2010, 582816, 965, 984 );
INSERT INTO populacia  VALUES( 2010, 517461, 5632, 5950 );
INSERT INTO populacia  VALUES( 2010, 581984, 459, 482 );
INSERT INTO populacia  VALUES( 2010, 517623, 579, 617 );
INSERT INTO populacia  VALUES( 2010, 517631, 458, 410 );
INSERT INTO populacia  VALUES( 2010, 517674, 961, 891 );
INSERT INTO populacia  VALUES( 2010, 517691, 978, 977 );
INSERT INTO populacia  VALUES( 2010, 517798, 399, 416 );
INSERT INTO populacia  VALUES( 2010, 517861, 764, 780 );
INSERT INTO populacia  VALUES( 2010, 517895, 692, 716 );
INSERT INTO populacia  VALUES( 2010, 517992, 450, 489 );
INSERT INTO populacia  VALUES( 2010, 518018, 2030, 2075 );
INSERT INTO populacia  VALUES( 2010, 518085, 1923, 1983 );
INSERT INTO populacia  VALUES( 2010, 509132, 12478, 12854 );
INSERT INTO populacia  VALUES( 2010, 509159, 2209, 2190 );
INSERT INTO populacia  VALUES( 2010, 509167, 268, 256 );
INSERT INTO populacia  VALUES( 2010, 509183, 558, 613 );
INSERT INTO populacia  VALUES( 2010, 509213, 1210, 1245 );
INSERT INTO populacia  VALUES( 2010, 509221, 264, 279 );
INSERT INTO populacia  VALUES( 2010, 509230, 1125, 1065 );
INSERT INTO populacia  VALUES( 2010, 509248, 3454, 3496 );
INSERT INTO populacia  VALUES( 2010, 509299, 916, 931 );
INSERT INTO populacia  VALUES( 2010, 509311, 1449, 1366 );
INSERT INTO populacia  VALUES( 2010, 509337, 1014, 983 );
INSERT INTO populacia  VALUES( 2010, 509345, 2846, 2859 );
INSERT INTO populacia  VALUES( 2010, 509361, 639, 670 );
INSERT INTO populacia  VALUES( 2010, 509396, 412, 436 );
INSERT INTO populacia  VALUES( 2010, 509400, 2628, 2671 );
INSERT INTO populacia  VALUES( 2010, 509451, 2534, 2680 );
INSERT INTO populacia  VALUES( 2010, 509477, 1405, 1350 );
INSERT INTO populacia  VALUES( 2010, 509485, 1424, 1349 );
INSERT INTO populacia  VALUES( 2010, 509493, 1774, 1735 );
INSERT INTO populacia  VALUES( 2010, 509507, 3791, 3912 );
INSERT INTO populacia  VALUES( 2010, 509515, 1401, 1447 );
INSERT INTO populacia  VALUES( 2010, 509523, 907, 919 );
INSERT INTO populacia  VALUES( 2010, 509531, 1109, 1138 );
INSERT INTO populacia  VALUES( 2010, 580813, 284, 273 );
INSERT INTO populacia  VALUES( 2010, 509639, 705, 690 );
INSERT INTO populacia  VALUES( 2010, 509540, 9504, 10059 );
INSERT INTO populacia  VALUES( 2010, 509671, 272, 280 );
INSERT INTO populacia  VALUES( 2010, 509698, 810, 780 );
INSERT INTO populacia  VALUES( 2010, 509701, 696, 716 );
INSERT INTO populacia  VALUES( 2010, 509710, 215, 186 );
INSERT INTO populacia  VALUES( 2010, 509744, 227, 227 );
INSERT INTO populacia  VALUES( 2010, 509761, 420, 399 );
INSERT INTO populacia  VALUES( 2010, 509787, 137, 122 );
INSERT INTO populacia  VALUES( 2010, 509825, 401, 460 );
INSERT INTO populacia  VALUES( 2010, 509833, 246, 229 );
INSERT INTO populacia  VALUES( 2010, 509922, 471, 489 );
INSERT INTO populacia  VALUES( 2010, 509957, 651, 680 );
INSERT INTO populacia  VALUES( 2010, 509965, 76, 65 );
INSERT INTO populacia  VALUES( 2010, 509973, 385, 422 );
INSERT INTO populacia  VALUES( 2010, 509990, 80, 93 );
INSERT INTO populacia  VALUES( 2010, 510009, 236, 239 );
INSERT INTO populacia  VALUES( 2010, 510017, 379, 377 );
INSERT INTO populacia  VALUES( 2010, 510041, 261, 252 );
INSERT INTO populacia  VALUES( 2010, 510165, 494, 506 );
INSERT INTO populacia  VALUES( 2010, 510181, 321, 321 );
INSERT INTO populacia  VALUES( 2010, 510211, 1352, 1384 );
INSERT INTO populacia  VALUES( 2010, 510254, 834, 847 );
INSERT INTO populacia  VALUES( 2010, 509175, 240, 211 );
INSERT INTO populacia  VALUES( 2010, 509205, 823, 780 );
INSERT INTO populacia  VALUES( 2010, 509256, 7929, 8335 );
INSERT INTO populacia  VALUES( 2010, 509264, 1166, 1181 );
INSERT INTO populacia  VALUES( 2010, 509272, 479, 474 );
INSERT INTO populacia  VALUES( 2010, 509281, 231, 235 );
INSERT INTO populacia  VALUES( 2010, 509302, 1636, 1637 );
INSERT INTO populacia  VALUES( 2010, 509329, 950, 997 );
INSERT INTO populacia  VALUES( 2010, 509370, 549, 602 );
INSERT INTO populacia  VALUES( 2010, 580791, 710, 730 );
INSERT INTO populacia  VALUES( 2010, 509426, 862, 848 );
INSERT INTO populacia  VALUES( 2010, 509434, 178, 213 );
INSERT INTO populacia  VALUES( 2010, 509442, 516, 480 );
INSERT INTO populacia  VALUES( 2010, 509469, 506, 516 );
INSERT INTO populacia  VALUES( 2010, 510271, 242, 222 );
INSERT INTO populacia  VALUES( 2010, 510319, 96, 89 );
INSERT INTO populacia  VALUES( 2010, 510327, 869, 916 );
INSERT INTO populacia  VALUES( 2010, 510335, 54, 67 );
INSERT INTO populacia  VALUES( 2010, 510351, 64, 54 );
INSERT INTO populacia  VALUES( 2010, 510386, 178, 132 );
INSERT INTO populacia  VALUES( 2010, 510408, 596, 676 );
INSERT INTO populacia  VALUES( 2010, 510416, 122, 133 );
INSERT INTO populacia  VALUES( 2010, 510424, 214, 217 );
INSERT INTO populacia  VALUES( 2010, 510459, 93, 99 );
INSERT INTO populacia  VALUES( 2010, 510467, 776, 803 );
INSERT INTO populacia  VALUES( 2010, 556807, 47, 38 );
INSERT INTO populacia  VALUES( 2010, 510505, 188, 196 );
INSERT INTO populacia  VALUES( 2010, 510513, 149, 166 );
INSERT INTO populacia  VALUES( 2010, 510521, 222, 247 );
INSERT INTO populacia  VALUES( 2010, 507393, 118, 110 );
INSERT INTO populacia  VALUES( 2010, 510564, 298, 313 );
INSERT INTO populacia  VALUES( 2010, 510572, 268, 292 );
INSERT INTO populacia  VALUES( 2010, 510581, 210, 204 );
INSERT INTO populacia  VALUES( 2010, 510602, 51, 45 );
INSERT INTO populacia  VALUES( 2010, 510611, 446, 514 );
INSERT INTO populacia  VALUES( 2010, 558281, 576, 615 );
INSERT INTO populacia  VALUES( 2010, 510653, 312, 319 );
INSERT INTO populacia  VALUES( 2010, 510688, 32, 30 );
INSERT INTO populacia  VALUES( 2010, 510696, 172, 176 );
INSERT INTO populacia  VALUES( 2010, 510700, 145, 144 );
INSERT INTO populacia  VALUES( 2010, 510726, 3594, 4017 );
INSERT INTO populacia  VALUES( 2010, 510734, 444, 495 );
INSERT INTO populacia  VALUES( 2010, 510262, 15470, 16814 );
INSERT INTO populacia  VALUES( 2010, 510751, 295, 306 );
INSERT INTO populacia  VALUES( 2010, 580287, 680, 692 );
INSERT INTO populacia  VALUES( 2010, 510777, 259, 282 );
INSERT INTO populacia  VALUES( 2010, 510793, 531, 581 );
INSERT INTO populacia  VALUES( 2010, 510831, 103, 106 );
INSERT INTO populacia  VALUES( 2010, 510840, 79, 91 );
INSERT INTO populacia  VALUES( 2010, 510858, 124, 137 );
INSERT INTO populacia  VALUES( 2010, 510874, 80, 79 );
INSERT INTO populacia  VALUES( 2010, 510904, 637, 619 );
INSERT INTO populacia  VALUES( 2010, 510912, 164, 201 );
INSERT INTO populacia  VALUES( 2010, 510921, 125, 135 );
INSERT INTO populacia  VALUES( 2010, 510947, 429, 488 );
INSERT INTO populacia  VALUES( 2010, 510963, 687, 700 );
INSERT INTO populacia  VALUES( 2010, 510971, 73, 86 );
INSERT INTO populacia  VALUES( 2010, 511013, 342, 293 );
INSERT INTO populacia  VALUES( 2010, 511048, 417, 412 );
INSERT INTO populacia  VALUES( 2010, 511072, 106, 125 );
INSERT INTO populacia  VALUES( 2010, 511099, 233, 247 );
INSERT INTO populacia  VALUES( 2010, 511111, 320, 333 );
INSERT INTO populacia  VALUES( 2010, 511129, 1185, 1188 );
INSERT INTO populacia  VALUES( 2010, 511137, 28, 32 );
INSERT INTO populacia  VALUES( 2010, 511145, 186, 194 );
INSERT INTO populacia  VALUES( 2010, 511153, 314, 306 );
INSERT INTO populacia  VALUES( 2010, 511170, 1091, 1134 );
INSERT INTO populacia  VALUES( 2010, 511188, 57, 61 );
INSERT INTO populacia  VALUES( 2010, 511196, 619, 640 );
INSERT INTO populacia  VALUES( 2010, 511200, 216, 216 );
INSERT INTO populacia  VALUES( 2010, 512052, 626, 636 );
INSERT INTO populacia  VALUES( 2010, 512061, 156, 155 );
INSERT INTO populacia  VALUES( 2010, 512079, 454, 479 );
INSERT INTO populacia  VALUES( 2010, 512133, 699, 713 );
INSERT INTO populacia  VALUES( 2010, 512150, 262, 258 );
INSERT INTO populacia  VALUES( 2010, 512168, 136, 144 );
INSERT INTO populacia  VALUES( 2010, 512206, 37, 48 );
INSERT INTO populacia  VALUES( 2010, 512214, 396, 389 );
INSERT INTO populacia  VALUES( 2010, 512257, 57, 75 );
INSERT INTO populacia  VALUES( 2010, 512290, 78, 81 );
INSERT INTO populacia  VALUES( 2010, 512346, 56, 57 );
INSERT INTO populacia  VALUES( 2010, 512354, 798, 762 );
INSERT INTO populacia  VALUES( 2010, 512371, 568, 595 );
INSERT INTO populacia  VALUES( 2010, 512389, 577, 551 );
INSERT INTO populacia  VALUES( 2010, 512397, 56, 50 );
INSERT INTO populacia  VALUES( 2010, 512419, 67, 74 );
INSERT INTO populacia  VALUES( 2010, 512435, 465, 447 );
INSERT INTO populacia  VALUES( 2010, 512036, 27891, 30096 );
INSERT INTO populacia  VALUES( 2010, 512478, 447, 401 );
INSERT INTO populacia  VALUES( 2010, 512486, 116, 117 );
INSERT INTO populacia  VALUES( 2010, 512508, 347, 323 );
INSERT INTO populacia  VALUES( 2010, 512524, 531, 553 );
INSERT INTO populacia  VALUES( 2010, 512541, 156, 160 );
INSERT INTO populacia  VALUES( 2010, 512567, 91, 85 );
INSERT INTO populacia  VALUES( 2010, 512583, 308, 316 );
INSERT INTO populacia  VALUES( 2010, 512591, 104, 91 );
INSERT INTO populacia  VALUES( 2010, 512613, 207, 213 );
INSERT INTO populacia  VALUES( 2010, 512630, 129, 108 );
INSERT INTO populacia  VALUES( 2010, 512648, 2296, 2430 );
INSERT INTO populacia  VALUES( 2010, 512656, 240, 281 );
INSERT INTO populacia  VALUES( 2010, 512664, 237, 259 );
INSERT INTO populacia  VALUES( 2010, 512672, 129, 119 );
INSERT INTO populacia  VALUES( 2010, 512681, 2130, 2215 );
INSERT INTO populacia  VALUES( 2010, 512702, 437, 446 );
INSERT INTO populacia  VALUES( 2010, 545961, 195, 180 );
INSERT INTO populacia  VALUES( 2010, 512711, 453, 460 );
INSERT INTO populacia  VALUES( 2010, 512737, 82, 98 );
INSERT INTO populacia  VALUES( 2010, 512753, 196, 209 );
INSERT INTO populacia  VALUES( 2010, 512761, 749, 761 );
INSERT INTO populacia  VALUES( 2010, 512796, 154, 317 );
INSERT INTO populacia  VALUES( 2010, 557358, 3625, 3832 );
INSERT INTO populacia  VALUES( 2010, 512818, 65, 71 );
INSERT INTO populacia  VALUES( 2010, 512834, 581, 601 );
INSERT INTO populacia  VALUES( 2010, 509558, 707, 710 );
INSERT INTO populacia  VALUES( 2010, 509566, 377, 379 );
INSERT INTO populacia  VALUES( 2010, 509582, 798, 827 );
INSERT INTO populacia  VALUES( 2010, 509591, 833, 751 );
INSERT INTO populacia  VALUES( 2010, 509680, 1610, 1617 );
INSERT INTO populacia  VALUES( 2010, 509728, 1095, 1091 );
INSERT INTO populacia  VALUES( 2010, 509779, 492, 451 );
INSERT INTO populacia  VALUES( 2010, 509809, 1134, 1111 );
INSERT INTO populacia  VALUES( 2010, 509817, 434, 403 );
INSERT INTO populacia  VALUES( 2010, 509850, 1472, 1420 );
INSERT INTO populacia  VALUES( 2010, 509868, 4035, 4102 );
INSERT INTO populacia  VALUES( 2010, 509884, 1689, 1678 );
INSERT INTO populacia  VALUES( 2010, 509892, 866, 862 );
INSERT INTO populacia  VALUES( 2010, 509906, 1621, 1660 );
INSERT INTO populacia  VALUES( 2010, 509914, 1906, 1875 );
INSERT INTO populacia  VALUES( 2010, 509931, 1453, 1412 );
INSERT INTO populacia  VALUES( 2010, 510025, 2352, 2278 );
INSERT INTO populacia  VALUES( 2010, 510033, 1035, 929 );
INSERT INTO populacia  VALUES( 2010, 510050, 1067, 996 );
INSERT INTO populacia  VALUES( 2010, 510092, 329, 327 );
INSERT INTO populacia  VALUES( 2010, 510149, 392, 402 );
INSERT INTO populacia  VALUES( 2010, 510157, 721, 705 );
INSERT INTO populacia  VALUES( 2010, 510203, 2596, 2591 );
INSERT INTO populacia  VALUES( 2010, 510246, 1071, 1092 );
INSERT INTO populacia  VALUES( 2010, 510301, 201, 205 );
INSERT INTO populacia  VALUES( 2010, 510441, 532, 551 );
INSERT INTO populacia  VALUES( 2010, 507300, 264, 269 );
INSERT INTO populacia  VALUES( 2010, 510530, 235, 242 );
INSERT INTO populacia  VALUES( 2010, 510548, 727, 767 );
INSERT INTO populacia  VALUES( 2010, 510599, 1451, 1673 );
INSERT INTO populacia  VALUES( 2010, 510629, 1424, 1477 );
INSERT INTO populacia  VALUES( 2010, 510637, 811, 836 );
INSERT INTO populacia  VALUES( 2010, 510661, 518, 530 );
INSERT INTO populacia  VALUES( 2010, 510670, 512, 494 );
INSERT INTO populacia  VALUES( 2010, 510718, 784, 832 );
INSERT INTO populacia  VALUES( 2010, 511005, 1848, 1918 );
INSERT INTO populacia  VALUES( 2010, 510742, 137, 156 );
INSERT INTO populacia  VALUES( 2010, 510785, 1031, 1079 );
INSERT INTO populacia  VALUES( 2010, 510807, 543, 555 );
INSERT INTO populacia  VALUES( 2010, 510815, 882, 890 );
INSERT INTO populacia  VALUES( 2010, 510823, 492, 516 );
INSERT INTO populacia  VALUES( 2010, 510866, 196, 190 );
INSERT INTO populacia  VALUES( 2010, 510955, 51, 66 );
INSERT INTO populacia  VALUES( 2010, 510998, 14120, 15405 );
INSERT INTO populacia  VALUES( 2010, 511030, 611, 631 );
INSERT INTO populacia  VALUES( 2010, 511056, 300, 323 );
INSERT INTO populacia  VALUES( 2010, 511064, 415, 414 );
INSERT INTO populacia  VALUES( 2010, 507407, 106, 108 );
INSERT INTO populacia  VALUES( 2010, 511102, 380, 415 );
INSERT INTO populacia  VALUES( 2010, 512044, 78, 99 );
INSERT INTO populacia  VALUES( 2010, 512087, 94, 74 );
INSERT INTO populacia  VALUES( 2010, 512095, 127, 125 );
INSERT INTO populacia  VALUES( 2010, 512109, 53, 73 );
INSERT INTO populacia  VALUES( 2010, 512117, 73, 65 );
INSERT INTO populacia  VALUES( 2010, 512125, 98, 115 );
INSERT INTO populacia  VALUES( 2010, 512141, 41, 46 );
INSERT INTO populacia  VALUES( 2010, 512222, 372, 363 );
INSERT INTO populacia  VALUES( 2010, 512265, 228, 259 );
INSERT INTO populacia  VALUES( 2010, 512273, 857, 812 );
INSERT INTO populacia  VALUES( 2010, 512303, 54, 47 );
INSERT INTO populacia  VALUES( 2010, 512311, 80, 69 );
INSERT INTO populacia  VALUES( 2010, 512320, 155, 153 );
INSERT INTO populacia  VALUES( 2010, 512338, 39, 44 );
INSERT INTO populacia  VALUES( 2010, 512427, 26, 27 );
INSERT INTO populacia  VALUES( 2010, 512443, 262, 257 );
INSERT INTO populacia  VALUES( 2010, 512451, 33, 31 );
INSERT INTO populacia  VALUES( 2010, 512460, 635, 707 );
INSERT INTO populacia  VALUES( 2010, 512494, 29, 27 );
INSERT INTO populacia  VALUES( 2010, 512559, 104, 116 );
INSERT INTO populacia  VALUES( 2010, 512575, 110, 111 );
INSERT INTO populacia  VALUES( 2010, 512605, 389, 362 );
INSERT INTO populacia  VALUES( 2010, 512621, 467, 489 );
INSERT INTO populacia  VALUES( 2010, 512699, 334, 347 );
INSERT INTO populacia  VALUES( 2010, 512729, 3300, 3578 );
INSERT INTO populacia  VALUES( 2010, 512788, 103, 122 );
INSERT INTO populacia  VALUES( 2010, 509604, 687, 664 );
INSERT INTO populacia  VALUES( 2010, 518719, 340, 342 );
INSERT INTO populacia  VALUES( 2010, 509655, 661, 686 );
INSERT INTO populacia  VALUES( 2010, 509663, 505, 487 );
INSERT INTO populacia  VALUES( 2010, 509795, 1387, 1368 );
INSERT INTO populacia  VALUES( 2010, 509876, 2017, 2024 );
INSERT INTO populacia  VALUES( 2010, 509949, 334, 336 );
INSERT INTO populacia  VALUES( 2010, 509981, 641, 654 );
INSERT INTO populacia  VALUES( 2010, 510076, 685, 674 );
INSERT INTO populacia  VALUES( 2010, 510084, 345, 311 );
INSERT INTO populacia  VALUES( 2010, 510106, 3753, 3841 );
INSERT INTO populacia  VALUES( 2010, 510114, 4747, 4680 );
INSERT INTO populacia  VALUES( 2010, 510173, 646, 646 );
INSERT INTO populacia  VALUES( 2010, 510190, 391, 428 );
INSERT INTO populacia  VALUES( 2010, 510238, 913, 954 );
INSERT INTO populacia  VALUES( 2010, 517429, 1646, 1701 );
INSERT INTO populacia  VALUES( 2010, 547522, 357, 330 );
INSERT INTO populacia  VALUES( 2010, 547557, 261, 257 );
INSERT INTO populacia  VALUES( 2010, 517470, 84, 99 );
INSERT INTO populacia  VALUES( 2010, 517488, 1249, 1223 );
INSERT INTO populacia  VALUES( 2010, 517496, 487, 479 );
INSERT INTO populacia  VALUES( 2010, 517500, 968, 1021 );
INSERT INTO populacia  VALUES( 2010, 517518, 641, 663 );
INSERT INTO populacia  VALUES( 2010, 517526, 754, 794 );
INSERT INTO populacia  VALUES( 2010, 557986, 540, 537 );
INSERT INTO populacia  VALUES( 2010, 517542, 357, 334 );
INSERT INTO populacia  VALUES( 2010, 517551, 591, 622 );
INSERT INTO populacia  VALUES( 2010, 517593, 398, 396 );
INSERT INTO populacia  VALUES( 2010, 517577, 344, 355 );
INSERT INTO populacia  VALUES( 2010, 547590, 191, 191 );
INSERT INTO populacia  VALUES( 2010, 517640, 307, 311 );
INSERT INTO populacia  VALUES( 2010, 517658, 924, 919 );
INSERT INTO populacia  VALUES( 2010, 557994, 174, 192 );
INSERT INTO populacia  VALUES( 2010, 517682, 748, 729 );
INSERT INTO populacia  VALUES( 2010, 517704, 215, 227 );
INSERT INTO populacia  VALUES( 2010, 517712, 631, 633 );
INSERT INTO populacia  VALUES( 2010, 517721, 492, 491 );
INSERT INTO populacia  VALUES( 2010, 517739, 689, 744 );
INSERT INTO populacia  VALUES( 2010, 557935, 869, 923 );
INSERT INTO populacia  VALUES( 2010, 517755, 776, 854 );
INSERT INTO populacia  VALUES( 2010, 517763, 415, 352 );
INSERT INTO populacia  VALUES( 2010, 517771, 412, 423 );
INSERT INTO populacia  VALUES( 2010, 517780, 167, 181 );
INSERT INTO populacia  VALUES( 2010, 517801, 331, 324 );
INSERT INTO populacia  VALUES( 2010, 517828, 486, 480 );
INSERT INTO populacia  VALUES( 2010, 558168, 194, 176 );
INSERT INTO populacia  VALUES( 2010, 547611, 273, 270 );
INSERT INTO populacia  VALUES( 2010, 547620, 112, 130 );
INSERT INTO populacia  VALUES( 2010, 517879, 414, 388 );
INSERT INTO populacia  VALUES( 2010, 557960, 222, 239 );
INSERT INTO populacia  VALUES( 2010, 517917, 2994, 3073 );
INSERT INTO populacia  VALUES( 2010, 517925, 642, 623 );
INSERT INTO populacia  VALUES( 2010, 517933, 1427, 1511 );
INSERT INTO populacia  VALUES( 2010, 517941, 1483, 1543 );
INSERT INTO populacia  VALUES( 2010, 517950, 900, 938 );
INSERT INTO populacia  VALUES( 2010, 517968, 367, 358 );
INSERT INTO populacia  VALUES( 2010, 517976, 315, 349 );
INSERT INTO populacia  VALUES( 2010, 517984, 1304, 1352 );
INSERT INTO populacia  VALUES( 2010, 518000, 495, 539 );
INSERT INTO populacia  VALUES( 2010, 581712, 160, 153 );
INSERT INTO populacia  VALUES( 2010, 518034, 1782, 1989 );
INSERT INTO populacia  VALUES( 2010, 518042, 2077, 1999 );
INSERT INTO populacia  VALUES( 2010, 518051, 936, 1073 );
INSERT INTO populacia  VALUES( 2010, 518069, 1782, 1862 );
INSERT INTO populacia  VALUES( 2010, 518077, 177, 181 );
INSERT INTO populacia  VALUES( 2010, 518093, 1299, 1376 );
INSERT INTO populacia  VALUES( 2010, 518131, 430, 446 );
INSERT INTO populacia  VALUES( 2010, 517402, 40945, 44184 );
INSERT INTO populacia  VALUES( 2010, 508454, 866, 962 );
INSERT INTO populacia  VALUES( 2010, 508471, 102, 108 );
INSERT INTO populacia  VALUES( 2010, 508438, 37557, 42262 );
INSERT INTO populacia  VALUES( 2010, 508675, 1031, 1111 );
INSERT INTO populacia  VALUES( 2010, 508519, 220, 227 );
INSERT INTO populacia  VALUES( 2010, 508543, 186, 197 );
INSERT INTO populacia  VALUES( 2010, 508551, 116, 122 );
INSERT INTO populacia  VALUES( 2010, 508560, 124, 100 );
INSERT INTO populacia  VALUES( 2010, 508586, 176, 196 );
INSERT INTO populacia  VALUES( 2010, 508594, 442, 450 );
INSERT INTO populacia  VALUES( 2010, 508616, 233, 270 );
INSERT INTO populacia  VALUES( 2010, 508632, 237, 286 );
INSERT INTO populacia  VALUES( 2010, 508641, 187, 198 );
INSERT INTO populacia  VALUES( 2010, 508659, 709, 748 );
INSERT INTO populacia  VALUES( 2010, 580236, 325, 330 );
INSERT INTO populacia  VALUES( 2010, 508713, 181, 157 );
INSERT INTO populacia  VALUES( 2010, 508721, 305, 330 );
INSERT INTO populacia  VALUES( 2010, 557277, 201, 195 );
INSERT INTO populacia  VALUES( 2010, 508748, 515, 528 );
INSERT INTO populacia  VALUES( 2010, 508756, 324, 326 );
INSERT INTO populacia  VALUES( 2010, 580244, 510, 531 );
INSERT INTO populacia  VALUES( 2010, 508764, 622, 676 );
INSERT INTO populacia  VALUES( 2010, 508799, 108, 103 );
INSERT INTO populacia  VALUES( 2010, 508802, 61, 57 );
INSERT INTO populacia  VALUES( 2010, 508781, 175, 176 );
INSERT INTO populacia  VALUES( 2010, 557285, 568, 583 );
INSERT INTO populacia  VALUES( 2010, 508837, 83, 101 );
INSERT INTO populacia  VALUES( 2010, 508861, 417, 462 );
INSERT INTO populacia  VALUES( 2010, 508896, 39, 43 );
INSERT INTO populacia  VALUES( 2010, 508918, 771, 819 );
INSERT INTO populacia  VALUES( 2010, 508926, 76, 76 );
INSERT INTO populacia  VALUES( 2010, 508942, 453, 473 );
INSERT INTO populacia  VALUES( 2010, 508969, 328, 380 );
INSERT INTO populacia  VALUES( 2010, 508977, 189, 199 );
INSERT INTO populacia  VALUES( 2010, 508985, 1072, 1097 );
INSERT INTO populacia  VALUES( 2010, 509001, 1571, 1670 );
INSERT INTO populacia  VALUES( 2010, 509019, 261, 270 );
INSERT INTO populacia  VALUES( 2010, 509027, 388, 409 );
INSERT INTO populacia  VALUES( 2010, 509035, 99, 94 );
INSERT INTO populacia  VALUES( 2010, 509060, 295, 275 );
INSERT INTO populacia  VALUES( 2010, 557269, 74, 66 );
INSERT INTO populacia  VALUES( 2010, 557293, 558, 611 );
INSERT INTO populacia  VALUES( 2010, 516601, 113, 104 );
INSERT INTO populacia  VALUES( 2010, 516627, 615, 645 );
INSERT INTO populacia  VALUES( 2010, 516643, 5054, 5414 );
INSERT INTO populacia  VALUES( 2010, 516651, 224, 238 );
INSERT INTO populacia  VALUES( 2010, 516678, 58, 73 );
INSERT INTO populacia  VALUES( 2010, 516716, 114, 101 );
INSERT INTO populacia  VALUES( 2010, 516856, 139, 183 );
INSERT INTO populacia  VALUES( 2010, 516953, 80, 90 );
INSERT INTO populacia  VALUES( 2010, 517071, 93, 82 );
INSERT INTO populacia  VALUES( 2010, 517160, 48, 63 );
INSERT INTO populacia  VALUES( 2010, 517143, 169, 194 );
INSERT INTO populacia  VALUES( 2010, 517178, 292, 313 );
INSERT INTO populacia  VALUES( 2010, 516597, 586, 629 );
INSERT INTO populacia  VALUES( 2010, 517283, 398, 396 );
INSERT INTO populacia  VALUES( 2010, 517372, 61, 69 );
INSERT INTO populacia  VALUES( 2010, 508446, 479, 522 );
INSERT INTO populacia  VALUES( 2010, 508462, 597, 592 );
INSERT INTO populacia  VALUES( 2010, 508489, 340, 356 );
INSERT INTO populacia  VALUES( 2010, 508497, 10540, 11238 );
INSERT INTO populacia  VALUES( 2010, 557251, 99, 93 );
INSERT INTO populacia  VALUES( 2010, 508527, 2574, 2627 );
INSERT INTO populacia  VALUES( 2010, 508535, 382, 356 );
INSERT INTO populacia  VALUES( 2010, 508578, 99, 123 );
INSERT INTO populacia  VALUES( 2010, 508608, 1345, 1464 );
INSERT INTO populacia  VALUES( 2010, 508624, 287, 310 );
INSERT INTO populacia  VALUES( 2010, 508667, 563, 613 );
INSERT INTO populacia  VALUES( 2010, 508691, 28, 20 );
INSERT INTO populacia  VALUES( 2010, 508705, 533, 583 );
INSERT INTO populacia  VALUES( 2010, 508730, 147, 134 );
INSERT INTO populacia  VALUES( 2010, 508772, 651, 724 );
INSERT INTO populacia  VALUES( 2010, 508811, 260, 268 );
INSERT INTO populacia  VALUES( 2010, 508829, 903, 942 );
INSERT INTO populacia  VALUES( 2010, 508845, 202, 182 );
INSERT INTO populacia  VALUES( 2010, 508853, 2007, 2081 );
INSERT INTO populacia  VALUES( 2010, 508870, 1075, 1282 );
INSERT INTO populacia  VALUES( 2010, 508888, 802, 839 );
INSERT INTO populacia  VALUES( 2010, 508900, 1485, 1590 );
INSERT INTO populacia  VALUES( 2010, 508934, 673, 691 );
INSERT INTO populacia  VALUES( 2010, 508951, 130, 156 );
INSERT INTO populacia  VALUES( 2010, 508993, 99, 97 );
INSERT INTO populacia  VALUES( 2010, 509043, 655, 690 );
INSERT INTO populacia  VALUES( 2010, 509051, 753, 783 );
INSERT INTO populacia  VALUES( 2010, 509086, 1890, 1958 );
INSERT INTO populacia  VALUES( 2010, 509094, 183, 192 );
INSERT INTO populacia  VALUES( 2010, 509124, 1187, 1228 );
INSERT INTO populacia  VALUES( 2010, 518263, 7183, 7557 );
INSERT INTO populacia  VALUES( 2010, 518271, 369, 366 );
INSERT INTO populacia  VALUES( 2010, 518379, 457, 505 );
INSERT INTO populacia  VALUES( 2010, 518450, 111, 107 );
INSERT INTO populacia  VALUES( 2010, 518468, 3775, 3992 );
INSERT INTO populacia  VALUES( 2010, 518492, 222, 262 );
INSERT INTO populacia  VALUES( 2010, 580520, 498, 489 );
INSERT INTO populacia  VALUES( 2010, 518549, 841, 823 );
INSERT INTO populacia  VALUES( 2010, 511510, 271, 281 );
INSERT INTO populacia  VALUES( 2010, 511731, 299, 296 );
INSERT INTO populacia  VALUES( 2010, 518794, 242, 242 );
INSERT INTO populacia  VALUES( 2010, 518816, 164, 180 );
INSERT INTO populacia  VALUES( 2010, 518824, 449, 477 );
INSERT INTO populacia  VALUES( 2010, 518921, 807, 885 );
INSERT INTO populacia  VALUES( 2010, 518930, 184, 180 );
INSERT INTO populacia  VALUES( 2010, 518212, 552, 548 );
INSERT INTO populacia  VALUES( 2010, 518239, 282, 304 );
INSERT INTO populacia  VALUES( 2010, 518247, 141, 132 );
INSERT INTO populacia  VALUES( 2010, 518255, 185, 207 );
INSERT INTO populacia  VALUES( 2010, 518280, 148, 167 );
INSERT INTO populacia  VALUES( 2010, 518301, 60, 64 );
INSERT INTO populacia  VALUES( 2010, 518310, 131, 127 );
INSERT INTO populacia  VALUES( 2010, 518336, 80, 97 );
INSERT INTO populacia  VALUES( 2010, 518344, 70, 64 );
INSERT INTO populacia  VALUES( 2010, 518352, 58, 58 );
INSERT INTO populacia  VALUES( 2010, 518387, 690, 805 );
INSERT INTO populacia  VALUES( 2010, 518409, 457, 445 );
INSERT INTO populacia  VALUES( 2010, 518417, 781, 795 );
INSERT INTO populacia  VALUES( 2010, 518425, 442, 473 );
INSERT INTO populacia  VALUES( 2010, 518433, 71, 106 );
INSERT INTO populacia  VALUES( 2010, 518441, 87, 89 );
INSERT INTO populacia  VALUES( 2010, 518484, 94, 105 );
INSERT INTO populacia  VALUES( 2010, 518514, 96, 81 );
INSERT INTO populacia  VALUES( 2010, 518531, 75, 100 );
INSERT INTO populacia  VALUES( 2010, 518557, 3709, 4079 );
INSERT INTO populacia  VALUES( 2010, 518565, 52, 49 );
INSERT INTO populacia  VALUES( 2010, 518573, 166, 157 );
INSERT INTO populacia  VALUES( 2010, 518603, 133, 123 );
INSERT INTO populacia  VALUES( 2010, 518611, 387, 405 );
INSERT INTO populacia  VALUES( 2010, 518646, 118, 134 );
INSERT INTO populacia  VALUES( 2010, 518701, 145, 165 );
INSERT INTO populacia  VALUES( 2010, 518735, 595, 625 );
INSERT INTO populacia  VALUES( 2010, 518743, 51, 53 );
INSERT INTO populacia  VALUES( 2010, 518751, 397, 371 );
INSERT INTO populacia  VALUES( 2010, 518832, 33, 29 );
INSERT INTO populacia  VALUES( 2010, 518841, 121, 111 );
INSERT INTO populacia  VALUES( 2010, 518867, 314, 360 );
INSERT INTO populacia  VALUES( 2010, 518883, 57, 50 );
INSERT INTO populacia  VALUES( 2010, 518905, 96, 90 );
INSERT INTO populacia  VALUES( 2010, 518956, 45, 60 );
INSERT INTO populacia  VALUES( 2010, 518999, 33, 27 );
INSERT INTO populacia  VALUES( 2010, 511226, 112, 121 );
INSERT INTO populacia  VALUES( 2010, 511234, 286, 354 );
INSERT INTO populacia  VALUES( 2010, 557315, 555, 582 );
INSERT INTO populacia  VALUES( 2010, 511251, 314, 323 );
INSERT INTO populacia  VALUES( 2010, 511277, 119, 127 );
INSERT INTO populacia  VALUES( 2010, 558273, 135, 152 );
INSERT INTO populacia  VALUES( 2010, 511293, 271, 262 );
INSERT INTO populacia  VALUES( 2010, 511323, 491, 578 );
INSERT INTO populacia  VALUES( 2010, 511331, 278, 259 );
INSERT INTO populacia  VALUES( 2010, 511358, 1008, 1037 );
INSERT INTO populacia  VALUES( 2010, 511366, 317, 344 );
INSERT INTO populacia  VALUES( 2010, 511391, 4902, 5436 );
INSERT INTO populacia  VALUES( 2010, 511404, 442, 444 );
INSERT INTO populacia  VALUES( 2010, 557331, 78, 75 );
INSERT INTO populacia  VALUES( 2010, 511421, 816, 858 );
INSERT INTO populacia  VALUES( 2010, 511439, 345, 346 );
INSERT INTO populacia  VALUES( 2010, 511463, 154, 132 );
INSERT INTO populacia  VALUES( 2010, 511480, 111, 105 );
INSERT INTO populacia  VALUES( 2010, 511374, 164, 162 );
INSERT INTO populacia  VALUES( 2010, 511528, 171, 174 );
INSERT INTO populacia  VALUES( 2010, 511536, 53, 41 );
INSERT INTO populacia  VALUES( 2010, 511544, 131, 136 );
INSERT INTO populacia  VALUES( 2010, 511552, 988, 1086 );
INSERT INTO populacia  VALUES( 2010, 511561, 155, 175 );
INSERT INTO populacia  VALUES( 2010, 511218, 12670, 14678 );
INSERT INTO populacia  VALUES( 2010, 511579, 117, 118 );
INSERT INTO populacia  VALUES( 2010, 511609, 161, 150 );
INSERT INTO populacia  VALUES( 2010, 580309, 138, 137 );
INSERT INTO populacia  VALUES( 2010, 511625, 368, 369 );
INSERT INTO populacia  VALUES( 2010, 511641, 560, 617 );
INSERT INTO populacia  VALUES( 2010, 511668, 163, 158 );
INSERT INTO populacia  VALUES( 2010, 511676, 94, 100 );
INSERT INTO populacia  VALUES( 2010, 511692, 365, 364 );
INSERT INTO populacia  VALUES( 2010, 511706, 118, 126 );
INSERT INTO populacia  VALUES( 2010, 511714, 132, 149 );
INSERT INTO populacia  VALUES( 2010, 511722, 107, 111 );
INSERT INTO populacia  VALUES( 2010, 511749, 273, 296 );
INSERT INTO populacia  VALUES( 2010, 511757, 75, 66 );
INSERT INTO populacia  VALUES( 2010, 511773, 49, 46 );
INSERT INTO populacia  VALUES( 2010, 511781, 87, 88 );
INSERT INTO populacia  VALUES( 2010, 511790, 784, 794 );
INSERT INTO populacia  VALUES( 2010, 511803, 490, 514 );
INSERT INTO populacia  VALUES( 2010, 511811, 171, 174 );
INSERT INTO populacia  VALUES( 2010, 511838, 427, 444 );
INSERT INTO populacia  VALUES( 2010, 511846, 288, 360 );
INSERT INTO populacia  VALUES( 2010, 511854, 287, 295 );
INSERT INTO populacia  VALUES( 2010, 511862, 153, 164 );
INSERT INTO populacia  VALUES( 2010, 511871, 614, 611 );
INSERT INTO populacia  VALUES( 2010, 511897, 233, 233 );
INSERT INTO populacia  VALUES( 2010, 511901, 167, 167 );
INSERT INTO populacia  VALUES( 2010, 511919, 705, 726 );
INSERT INTO populacia  VALUES( 2010, 511927, 479, 460 );
INSERT INTO populacia  VALUES( 2010, 557340, 212, 232 );
INSERT INTO populacia  VALUES( 2010, 511943, 189, 204 );
INSERT INTO populacia  VALUES( 2010, 511994, 439, 478 );
INSERT INTO populacia  VALUES( 2010, 512010, 327, 349 );
INSERT INTO populacia  VALUES( 2010, 557307, 871, 935 );
INSERT INTO populacia  VALUES( 2010, 511269, 392, 402 );
INSERT INTO populacia  VALUES( 2010, 511315, 1147, 1206 );
INSERT INTO populacia  VALUES( 2010, 511340, 237, 269 );
INSERT INTO populacia  VALUES( 2010, 557323, 53, 49 );
INSERT INTO populacia  VALUES( 2010, 511447, 121, 140 );
INSERT INTO populacia  VALUES( 2010, 514900, 490, 505 );
INSERT INTO populacia  VALUES( 2010, 514918, 407, 441 );
INSERT INTO populacia  VALUES( 2010, 511471, 1118, 1184 );
INSERT INTO populacia  VALUES( 2010, 511498, 1507, 1536 );
INSERT INTO populacia  VALUES( 2010, 511501, 23, 27 );
INSERT INTO populacia  VALUES( 2010, 511595, 711, 729 );
INSERT INTO populacia  VALUES( 2010, 511617, 56, 52 );
INSERT INTO populacia  VALUES( 2010, 511684, 171, 176 );
INSERT INTO populacia  VALUES( 2010, 511765, 2819, 3050 );
INSERT INTO populacia  VALUES( 2010, 511820, 126, 136 );
INSERT INTO populacia  VALUES( 2010, 515515, 44, 56 );
INSERT INTO populacia  VALUES( 2010, 515591, 210, 237 );
INSERT INTO populacia  VALUES( 2010, 511889, 61, 69 );
INSERT INTO populacia  VALUES( 2010, 511978, 296, 274 );
INSERT INTO populacia  VALUES( 2010, 580317, 502, 533 );
INSERT INTO populacia  VALUES( 2010, 512001, 215, 236 );
INSERT INTO populacia  VALUES( 2010, 582051, 231, 254 );
INSERT INTO populacia  VALUES( 2010, 514675, 255, 275 );
INSERT INTO populacia  VALUES( 2010, 514721, 409, 413 );
INSERT INTO populacia  VALUES( 2010, 514756, 487, 480 );
INSERT INTO populacia  VALUES( 2010, 525677, 185, 176 );
INSERT INTO populacia  VALUES( 2010, 525685, 144, 153 );
INSERT INTO populacia  VALUES( 2010, 514896, 28, 40 );
INSERT INTO populacia  VALUES( 2010, 525766, 421, 431 );
INSERT INTO populacia  VALUES( 2010, 514977, 80, 90 );
INSERT INTO populacia  VALUES( 2010, 525774, 202, 211 );
INSERT INTO populacia  VALUES( 2010, 525791, 1608, 1605 );
INSERT INTO populacia  VALUES( 2010, 525812, 404, 363 );
INSERT INTO populacia  VALUES( 2010, 515574, 51, 44 );
INSERT INTO populacia  VALUES( 2010, 515159, 117, 124 );
INSERT INTO populacia  VALUES( 2010, 525901, 359, 344 );
INSERT INTO populacia  VALUES( 2010, 525928, 624, 673 );
INSERT INTO populacia  VALUES( 2010, 525944, 232, 207 );
INSERT INTO populacia  VALUES( 2010, 580384, 270, 292 );
INSERT INTO populacia  VALUES( 2010, 525987, 613, 642 );
INSERT INTO populacia  VALUES( 2010, 525995, 447, 440 );
INSERT INTO populacia  VALUES( 2010, 526002, 97, 103 );
INSERT INTO populacia  VALUES( 2010, 526011, 117, 97 );
INSERT INTO populacia  VALUES( 2010, 526029, 134, 124 );
INSERT INTO populacia  VALUES( 2010, 526037, 148, 133 );
INSERT INTO populacia  VALUES( 2010, 515256, 143, 151 );
INSERT INTO populacia  VALUES( 2010, 515302, 41, 36 );
INSERT INTO populacia  VALUES( 2010, 515311, 65, 64 );
INSERT INTO populacia  VALUES( 2010, 526100, 44, 37 );
INSERT INTO populacia  VALUES( 2010, 526118, 233, 198 );
INSERT INTO populacia  VALUES( 2010, 515361, 60, 68 );
INSERT INTO populacia  VALUES( 2010, 515370, 276, 274 );
INSERT INTO populacia  VALUES( 2010, 515400, 187, 198 );
INSERT INTO populacia  VALUES( 2010, 526142, 6195, 6590 );
INSERT INTO populacia  VALUES( 2010, 526151, 157, 165 );
INSERT INTO populacia  VALUES( 2010, 515507, 72, 72 );
INSERT INTO populacia  VALUES( 2010, 557820, 84, 82 );
INSERT INTO populacia  VALUES( 2010, 526258, 557, 580 );
INSERT INTO populacia  VALUES( 2010, 515523, 119, 120 );
INSERT INTO populacia  VALUES( 2010, 526304, 210, 184 );
INSERT INTO populacia  VALUES( 2010, 515612, 3705, 4074 );
INSERT INTO populacia  VALUES( 2010, 526321, 134, 126 );
INSERT INTO populacia  VALUES( 2010, 515761, 33, 28 );
INSERT INTO populacia  VALUES( 2010, 515833, 71, 81 );
INSERT INTO populacia  VALUES( 2010, 557757, 314, 299 );
INSERT INTO populacia  VALUES( 2010, 514489, 37, 36 );
INSERT INTO populacia  VALUES( 2010, 514501, 257, 243 );
INSERT INTO populacia  VALUES( 2010, 514519, 497, 503 );
INSERT INTO populacia  VALUES( 2010, 514535, 90, 93 );
INSERT INTO populacia  VALUES( 2010, 514543, 373, 392 );
INSERT INTO populacia  VALUES( 2010, 514551, 107, 104 );
INSERT INTO populacia  VALUES( 2010, 514586, 19, 25 );
INSERT INTO populacia  VALUES( 2010, 514594, 157, 144 );
INSERT INTO populacia  VALUES( 2010, 514608, 262, 270 );
INSERT INTO populacia  VALUES( 2010, 514616, 80, 71 );
INSERT INTO populacia  VALUES( 2010, 514624, 332, 359 );
INSERT INTO populacia  VALUES( 2010, 514632, 87, 115 );
INSERT INTO populacia  VALUES( 2010, 514641, 108, 127 );
INSERT INTO populacia  VALUES( 2010, 514659, 125, 119 );
INSERT INTO populacia  VALUES( 2010, 514667, 108, 100 );
INSERT INTO populacia  VALUES( 2010, 514683, 61, 95 );
INSERT INTO populacia  VALUES( 2010, 514691, 274, 286 );
INSERT INTO populacia  VALUES( 2010, 557919, 101, 104 );
INSERT INTO populacia  VALUES( 2010, 514713, 221, 197 );
INSERT INTO populacia  VALUES( 2010, 514730, 47, 56 );
INSERT INTO populacia  VALUES( 2010, 514764, 204, 226 );
INSERT INTO populacia  VALUES( 2010, 557889, 52, 47 );
INSERT INTO populacia  VALUES( 2010, 514781, 313, 343 );
INSERT INTO populacia  VALUES( 2010, 514799, 257, 256 );
INSERT INTO populacia  VALUES( 2010, 514811, 578, 629 );
INSERT INTO populacia  VALUES( 2010, 514829, 3649, 3833 );
INSERT INTO populacia  VALUES( 2010, 514837, 686, 785 );
INSERT INTO populacia  VALUES( 2010, 514845, 99, 101 );
INSERT INTO populacia  VALUES( 2010, 514853, 80, 65 );
INSERT INTO populacia  VALUES( 2010, 514861, 481, 495 );
INSERT INTO populacia  VALUES( 2010, 514870, 104, 97 );
INSERT INTO populacia  VALUES( 2010, 514888, 415, 427 );
INSERT INTO populacia  VALUES( 2010, 514926, 91, 106 );
INSERT INTO populacia  VALUES( 2010, 514934, 63, 72 );
INSERT INTO populacia  VALUES( 2010, 514942, 264, 271 );
INSERT INTO populacia  VALUES( 2010, 514951, 331, 372 );
INSERT INTO populacia  VALUES( 2010, 514969, 199, 217 );
INSERT INTO populacia  VALUES( 2010, 514985, 135, 106 );
INSERT INTO populacia  VALUES( 2010, 514993, 107, 111 );
INSERT INTO populacia  VALUES( 2010, 515001, 1100, 1157 );
INSERT INTO populacia  VALUES( 2010, 515019, 74, 84 );
INSERT INTO populacia  VALUES( 2010, 515027, 328, 387 );
INSERT INTO populacia  VALUES( 2010, 515035, 120, 107 );
INSERT INTO populacia  VALUES( 2010, 515043, 1576, 1623 );
INSERT INTO populacia  VALUES( 2010, 515051, 98, 106 );
INSERT INTO populacia  VALUES( 2010, 515060, 151, 154 );
INSERT INTO populacia  VALUES( 2010, 515078, 461, 464 );
INSERT INTO populacia  VALUES( 2010, 515086, 73, 66 );
INSERT INTO populacia  VALUES( 2010, 515094, 19, 14 );
INSERT INTO populacia  VALUES( 2010, 515108, 168, 172 );
INSERT INTO populacia  VALUES( 2010, 515116, 45, 32 );
INSERT INTO populacia  VALUES( 2010, 515124, 152, 138 );
INSERT INTO populacia  VALUES( 2010, 515132, 273, 273 );
INSERT INTO populacia  VALUES( 2010, 515141, 96, 103 );
INSERT INTO populacia  VALUES( 2010, 515167, 47, 50 );
INSERT INTO populacia  VALUES( 2010, 515175, 98, 91 );
INSERT INTO populacia  VALUES( 2010, 515183, 95, 107 );
INSERT INTO populacia  VALUES( 2010, 515205, 149, 119 );
INSERT INTO populacia  VALUES( 2010, 557790, 89, 99 );
INSERT INTO populacia  VALUES( 2010, 515230, 252, 267 );
INSERT INTO populacia  VALUES( 2010, 515248, 62, 82 );
INSERT INTO populacia  VALUES( 2010, 515264, 745, 832 );
INSERT INTO populacia  VALUES( 2010, 515272, 81, 88 );
INSERT INTO populacia  VALUES( 2010, 515281, 173, 185 );
INSERT INTO populacia  VALUES( 2010, 515299, 119, 126 );
INSERT INTO populacia  VALUES( 2010, 515337, 7, 8 );
INSERT INTO populacia  VALUES( 2010, 515345, 19, 19 );
INSERT INTO populacia  VALUES( 2010, 515353, 381, 380 );
INSERT INTO populacia  VALUES( 2010, 557854, 125, 155 );
INSERT INTO populacia  VALUES( 2010, 515388, 18, 27 );
INSERT INTO populacia  VALUES( 2010, 515396, 18, 26 );
INSERT INTO populacia  VALUES( 2010, 557765, 130, 118 );
INSERT INTO populacia  VALUES( 2010, 515426, 261, 244 );
INSERT INTO populacia  VALUES( 2010, 515442, 952, 1016 );
INSERT INTO populacia  VALUES( 2010, 514462, 11393, 12647 );
INSERT INTO populacia  VALUES( 2010, 515451, 269, 264 );
INSERT INTO populacia  VALUES( 2010, 515469, 613, 656 );
INSERT INTO populacia  VALUES( 2010, 557811, 171, 169 );
INSERT INTO populacia  VALUES( 2010, 515485, 76, 64 );
INSERT INTO populacia  VALUES( 2010, 515493, 201, 193 );
INSERT INTO populacia  VALUES( 2010, 515531, 113, 96 );
INSERT INTO populacia  VALUES( 2010, 515540, 151, 177 );
INSERT INTO populacia  VALUES( 2010, 515566, 170, 162 );
INSERT INTO populacia  VALUES( 2010, 515582, 134, 154 );
INSERT INTO populacia  VALUES( 2010, 515604, 268, 240 );
INSERT INTO populacia  VALUES( 2010, 515621, 278, 266 );
INSERT INTO populacia  VALUES( 2010, 515639, 457, 470 );
INSERT INTO populacia  VALUES( 2010, 515647, 38, 35 );
INSERT INTO populacia  VALUES( 2010, 515655, 177, 194 );
INSERT INTO populacia  VALUES( 2010, 515663, 251, 280 );
INSERT INTO populacia  VALUES( 2010, 515671, 144, 128 );
INSERT INTO populacia  VALUES( 2010, 515680, 1963, 2086 );
INSERT INTO populacia  VALUES( 2010, 515698, 100, 103 );
INSERT INTO populacia  VALUES( 2010, 515701, 349, 366 );
INSERT INTO populacia  VALUES( 2010, 515795, 162, 167 );
INSERT INTO populacia  VALUES( 2010, 515710, 394, 426 );
INSERT INTO populacia  VALUES( 2010, 515728, 118, 147 );
INSERT INTO populacia  VALUES( 2010, 515736, 406, 395 );
INSERT INTO populacia  VALUES( 2010, 515744, 537, 656 );
INSERT INTO populacia  VALUES( 2010, 515752, 77, 77 );
INSERT INTO populacia  VALUES( 2010, 515779, 179, 184 );
INSERT INTO populacia  VALUES( 2010, 557901, 178, 161 );
INSERT INTO populacia  VALUES( 2010, 515809, 73, 75 );
INSERT INTO populacia  VALUES( 2010, 515817, 62, 77 );
INSERT INTO populacia  VALUES( 2010, 557927, 186, 182 );
INSERT INTO populacia  VALUES( 2010, 515841, 115, 118 );
INSERT INTO populacia  VALUES( 2010, 515868, 416, 449 );
INSERT INTO populacia  VALUES( 2010, 515876, 178, 183 );
INSERT INTO populacia  VALUES( 2010, 515884, 57, 44 );
INSERT INTO populacia  VALUES( 2010, 515892, 704, 763 );
INSERT INTO populacia  VALUES( 2010, 515906, 521, 515 );
INSERT INTO populacia  VALUES( 2010, 515914, 276, 210 );
INSERT INTO populacia  VALUES( 2010, 515922, 225, 226 );
INSERT INTO populacia  VALUES( 2010, 515931, 13, 22 );
INSERT INTO populacia  VALUES( 2010, 515949, 206, 209 );
INSERT INTO populacia  VALUES( 2010, 515957, 224, 253 );
INSERT INTO populacia  VALUES( 2010, 515965, 483, 511 );
INSERT INTO populacia  VALUES( 2010, 515973, 293, 310 );
INSERT INTO populacia  VALUES( 2010, 515981, 97, 89 );
INSERT INTO populacia  VALUES( 2010, 515990, 64, 70 );
INSERT INTO populacia  VALUES( 2010, 516007, 56, 51 );
INSERT INTO populacia  VALUES( 2010, 516015, 96, 95 );
INSERT INTO populacia  VALUES( 2010, 516023, 107, 107 );
INSERT INTO populacia  VALUES( 2010, 516031, 129, 132 );
INSERT INTO populacia  VALUES( 2010, 516040, 436, 448 );
INSERT INTO populacia  VALUES( 2010, 516058, 112, 110 );
INSERT INTO populacia  VALUES( 2010, 516066, 80, 70 );
INSERT INTO populacia  VALUES( 2010, 516074, 343, 305 );
INSERT INTO populacia  VALUES( 2010, 516082, 173, 186 );
INSERT INTO populacia  VALUES( 2010, 516091, 153, 158 );
INSERT INTO populacia  VALUES( 2010, 516104, 146, 158 );
INSERT INTO populacia  VALUES( 2010, 516112, 131, 142 );
INSERT INTO populacia  VALUES( 2010, 516121, 299, 312 );
INSERT INTO populacia  VALUES( 2010, 516139, 199, 236 );
INSERT INTO populacia  VALUES( 2010, 516147, 192, 179 );
INSERT INTO populacia  VALUES( 2010, 516155, 225, 274 );
INSERT INTO populacia  VALUES( 2010, 516163, 76, 90 );
INSERT INTO populacia  VALUES( 2010, 516171, 106, 115 );
INSERT INTO populacia  VALUES( 2010, 558206, 82, 67 );
INSERT INTO populacia  VALUES( 2010, 516198, 135, 147 );
INSERT INTO populacia  VALUES( 2010, 558192, 238, 262 );
INSERT INTO populacia  VALUES( 2010, 516210, 798, 787 );
INSERT INTO populacia  VALUES( 2010, 516228, 163, 166 );
INSERT INTO populacia  VALUES( 2010, 516236, 661, 715 );
INSERT INTO populacia  VALUES( 2010, 516244, 196, 203 );
INSERT INTO populacia  VALUES( 2010, 516252, 244, 254 );
INSERT INTO populacia  VALUES( 2010, 516261, 144, 160 );
INSERT INTO populacia  VALUES( 2010, 516279, 348, 334 );
INSERT INTO populacia  VALUES( 2010, 516287, 61, 61 );
INSERT INTO populacia  VALUES( 2010, 516295, 411, 439 );
INSERT INTO populacia  VALUES( 2010, 516309, 38, 40 );
INSERT INTO populacia  VALUES( 2010, 516317, 267, 299 );
INSERT INTO populacia  VALUES( 2010, 516333, 186, 207 );
INSERT INTO populacia  VALUES( 2010, 516341, 97, 109 );
INSERT INTO populacia  VALUES( 2010, 516368, 91, 124 );
INSERT INTO populacia  VALUES( 2010, 516376, 399, 439 );
INSERT INTO populacia  VALUES( 2010, 516384, 292, 281 );
INSERT INTO populacia  VALUES( 2010, 516392, 78, 82 );
INSERT INTO populacia  VALUES( 2010, 516406, 307, 365 );
INSERT INTO populacia  VALUES( 2010, 516414, 132, 133 );
INSERT INTO populacia  VALUES( 2010, 516422, 57, 63 );
INSERT INTO populacia  VALUES( 2010, 516431, 99, 117 );
INSERT INTO populacia  VALUES( 2010, 516449, 37, 44 );
INSERT INTO populacia  VALUES( 2010, 516457, 88, 106 );
INSERT INTO populacia  VALUES( 2010, 516465, 276, 305 );
INSERT INTO populacia  VALUES( 2010, 516473, 223, 205 );
INSERT INTO populacia  VALUES( 2010, 558214, 82, 69 );
INSERT INTO populacia  VALUES( 2010, 516490, 248, 252 );
INSERT INTO populacia  VALUES( 2010, 515850, 6275, 6829 );
INSERT INTO populacia  VALUES( 2010, 516503, 115, 104 );
INSERT INTO populacia  VALUES( 2010, 516511, 113, 106 );
INSERT INTO populacia  VALUES( 2010, 516520, 893, 993 );
INSERT INTO populacia  VALUES( 2010, 516538, 179, 193 );
INSERT INTO populacia  VALUES( 2010, 516546, 324, 380 );
INSERT INTO populacia  VALUES( 2010, 516554, 263, 259 );
INSERT INTO populacia  VALUES( 2010, 516562, 67, 72 );
INSERT INTO populacia  VALUES( 2010, 516571, 650, 688 );
INSERT INTO populacia  VALUES( 2010, 518166, 248, 266 );
INSERT INTO populacia  VALUES( 2010, 518174, 74, 84 );
INSERT INTO populacia  VALUES( 2010, 518191, 178, 179 );
INSERT INTO populacia  VALUES( 2010, 518204, 616, 633 );
INSERT INTO populacia  VALUES( 2010, 518221, 56, 67 );
INSERT INTO populacia  VALUES( 2010, 518298, 892, 938 );
INSERT INTO populacia  VALUES( 2010, 518361, 130, 135 );
INSERT INTO populacia  VALUES( 2010, 518476, 137, 132 );
INSERT INTO populacia  VALUES( 2010, 518506, 752, 749 );
INSERT INTO populacia  VALUES( 2010, 518581, 20, 24 );
INSERT INTO populacia  VALUES( 2010, 558133, 695, 756 );
INSERT INTO populacia  VALUES( 2010, 558087, 81, 71 );
INSERT INTO populacia  VALUES( 2010, 518654, 22, 20 );
INSERT INTO populacia  VALUES( 2010, 518662, 1252, 1325 );
INSERT INTO populacia  VALUES( 2010, 518671, 143, 133 );
INSERT INTO populacia  VALUES( 2010, 518689, 1118, 1169 );
INSERT INTO populacia  VALUES( 2010, 518697, 221, 206 );
INSERT INTO populacia  VALUES( 2010, 518727, 495, 473 );
INSERT INTO populacia  VALUES( 2010, 518760, 643, 678 );
INSERT INTO populacia  VALUES( 2010, 518808, 2408, 2557 );
INSERT INTO populacia  VALUES( 2010, 518875, 193, 179 );
INSERT INTO populacia  VALUES( 2010, 518891, 180, 196 );
INSERT INTO populacia  VALUES( 2010, 581585, 234, 238 );
INSERT INTO populacia  VALUES( 2010, 518158, 19971, 22235 );
INSERT INTO populacia  VALUES( 2010, 518972, 1328, 1482 );
INSERT INTO populacia  VALUES( 2010, 518981, 265, 272 );
INSERT INTO populacia  VALUES( 2010, 581607, 566, 525 );
INSERT INTO populacia  VALUES( 2010, 516759, 1086, 1094 );
INSERT INTO populacia  VALUES( 2010, 516805, 327, 314 );
INSERT INTO populacia  VALUES( 2010, 516813, 297, 291 );
INSERT INTO populacia  VALUES( 2010, 516830, 622, 611 );
INSERT INTO populacia  VALUES( 2010, 516902, 116, 115 );
INSERT INTO populacia  VALUES( 2010, 517062, 472, 451 );
INSERT INTO populacia  VALUES( 2010, 517097, 3561, 3839 );
INSERT INTO populacia  VALUES( 2010, 580546, 286, 267 );
INSERT INTO populacia  VALUES( 2010, 517119, 296, 275 );
INSERT INTO populacia  VALUES( 2010, 517127, 73, 72 );
INSERT INTO populacia  VALUES( 2010, 517232, 253, 255 );
INSERT INTO populacia  VALUES( 2010, 517291, 587, 644 );
INSERT INTO populacia  VALUES( 2010, 517330, 606, 585 );
INSERT INTO populacia  VALUES( 2010, 517348, 220, 202 );
INSERT INTO populacia  VALUES( 2010, 517356, 310, 338 );
INSERT INTO populacia  VALUES( 2010, 517381, 3069, 3266 );
INSERT INTO populacia  VALUES( 2010, 517399, 410, 411 );
INSERT INTO populacia  VALUES( 2010, 516660, 178, 228 );
INSERT INTO populacia  VALUES( 2010, 516708, 279, 257 );
INSERT INTO populacia  VALUES( 2010, 516724, 161, 185 );
INSERT INTO populacia  VALUES( 2010, 516732, 124, 121 );
INSERT INTO populacia  VALUES( 2010, 516741, 362, 395 );
INSERT INTO populacia  VALUES( 2010, 516767, 1431, 1549 );
INSERT INTO populacia  VALUES( 2010, 581747, 366, 371 );
INSERT INTO populacia  VALUES( 2010, 516791, 279, 272 );
INSERT INTO populacia  VALUES( 2010, 516821, 211, 205 );
INSERT INTO populacia  VALUES( 2010, 516848, 253, 304 );
INSERT INTO populacia  VALUES( 2010, 516872, 452, 478 );
INSERT INTO populacia  VALUES( 2010, 516881, 291, 274 );
INSERT INTO populacia  VALUES( 2010, 516937, 226, 212 );
INSERT INTO populacia  VALUES( 2010, 516945, 212, 212 );
INSERT INTO populacia  VALUES( 2010, 516961, 93, 99 );
INSERT INTO populacia  VALUES( 2010, 516970, 2561, 2864 );
INSERT INTO populacia  VALUES( 2010, 516988, 129, 128 );
INSERT INTO populacia  VALUES( 2010, 516996, 127, 120 );
INSERT INTO populacia  VALUES( 2010, 599328, 397, 403 );
INSERT INTO populacia  VALUES( 2010, 517011, 204, 201 );
INSERT INTO populacia  VALUES( 2010, 517020, 334, 359 );
INSERT INTO populacia  VALUES( 2010, 517038, 759, 800 );
INSERT INTO populacia  VALUES( 2010, 517046, 116, 110 );
INSERT INTO populacia  VALUES( 2010, 599336, 617, 688 );
INSERT INTO populacia  VALUES( 2010, 517089, 210, 223 );
INSERT INTO populacia  VALUES( 2010, 517135, 328, 332 );
INSERT INTO populacia  VALUES( 2010, 517186, 335, 333 );
INSERT INTO populacia  VALUES( 2010, 517194, 293, 298 );
INSERT INTO populacia  VALUES( 2010, 517216, 150, 150 );
INSERT INTO populacia  VALUES( 2010, 517241, 211, 209 );
INSERT INTO populacia  VALUES( 2010, 517259, 233, 241 );
INSERT INTO populacia  VALUES( 2010, 517267, 558, 571 );
INSERT INTO populacia  VALUES( 2010, 517313, 566, 588 );
INSERT INTO populacia  VALUES( 2010, 517364, 640, 660 );
INSERT INTO populacia  VALUES( 2010, 516589, 9228, 10070 );
INSERT INTO populacia  VALUES( 2010, 519014, 181, 183 );
INSERT INTO populacia  VALUES( 2010, 519022, 183, 164 );
INSERT INTO populacia  VALUES( 2010, 519006, 16445, 16917 );
INSERT INTO populacia  VALUES( 2010, 519049, 349, 354 );
INSERT INTO populacia  VALUES( 2010, 519057, 128, 132 );
INSERT INTO populacia  VALUES( 2010, 519065, 409, 430 );
INSERT INTO populacia  VALUES( 2010, 519073, 71, 59 );
INSERT INTO populacia  VALUES( 2010, 519081, 205, 199 );
INSERT INTO populacia  VALUES( 2010, 519090, 42, 57 );
INSERT INTO populacia  VALUES( 2010, 519103, 107, 117 );
INSERT INTO populacia  VALUES( 2010, 519111, 253, 280 );
INSERT INTO populacia  VALUES( 2010, 519138, 172, 168 );
INSERT INTO populacia  VALUES( 2010, 519154, 132, 150 );
INSERT INTO populacia  VALUES( 2010, 519162, 339, 352 );
INSERT INTO populacia  VALUES( 2010, 519171, 250, 260 );
INSERT INTO populacia  VALUES( 2010, 519189, 498, 505 );
INSERT INTO populacia  VALUES( 2010, 519201, 197, 200 );
INSERT INTO populacia  VALUES( 2010, 519219, 114, 151 );
INSERT INTO populacia  VALUES( 2010, 519227, 572, 580 );
INSERT INTO populacia  VALUES( 2010, 519235, 503, 518 );
INSERT INTO populacia  VALUES( 2010, 519243, 238, 257 );
INSERT INTO populacia  VALUES( 2010, 519251, 239, 268 );
INSERT INTO populacia  VALUES( 2010, 519260, 278, 290 );
INSERT INTO populacia  VALUES( 2010, 519278, 37, 48 );
INSERT INTO populacia  VALUES( 2010, 519286, 194, 206 );
INSERT INTO populacia  VALUES( 2010, 519294, 216, 215 );
INSERT INTO populacia  VALUES( 2010, 519308, 28, 47 );
INSERT INTO populacia  VALUES( 2010, 519324, 533, 514 );
INSERT INTO populacia  VALUES( 2010, 519341, 437, 420 );
INSERT INTO populacia  VALUES( 2010, 519359, 127, 121 );
INSERT INTO populacia  VALUES( 2010, 519367, 206, 202 );
INSERT INTO populacia  VALUES( 2010, 519375, 349, 343 );
INSERT INTO populacia  VALUES( 2010, 519383, 66, 61 );
INSERT INTO populacia  VALUES( 2010, 519405, 97, 113 );
INSERT INTO populacia  VALUES( 2010, 519413, 42, 36 );
INSERT INTO populacia  VALUES( 2010, 519421, 486, 508 );
INSERT INTO populacia  VALUES( 2010, 519430, 159, 156 );
INSERT INTO populacia  VALUES( 2010, 519456, 570, 556 );
INSERT INTO populacia  VALUES( 2010, 519464, 289, 290 );
INSERT INTO populacia  VALUES( 2010, 519472, 273, 271 );
INSERT INTO populacia  VALUES( 2010, 519481, 522, 559 );
INSERT INTO populacia  VALUES( 2010, 519499, 33, 40 );
INSERT INTO populacia  VALUES( 2010, 519502, 41, 49 );
INSERT INTO populacia  VALUES( 2010, 519511, 25, 28 );
INSERT INTO populacia  VALUES( 2010, 519529, 162, 161 );
INSERT INTO populacia  VALUES( 2010, 519545, 182, 195 );
INSERT INTO populacia  VALUES( 2010, 519553, 313, 293 );
INSERT INTO populacia  VALUES( 2010, 519570, 764, 748 );
INSERT INTO populacia  VALUES( 2010, 519588, 484, 501 );
INSERT INTO populacia  VALUES( 2010, 519600, 70, 66 );
INSERT INTO populacia  VALUES( 2010, 519618, 366, 361 );
INSERT INTO populacia  VALUES( 2010, 519626, 135, 122 );
INSERT INTO populacia  VALUES( 2010, 519634, 126, 129 );
INSERT INTO populacia  VALUES( 2010, 519642, 141, 149 );
INSERT INTO populacia  VALUES( 2010, 519669, 264, 234 );
INSERT INTO populacia  VALUES( 2010, 519677, 88, 74 );
INSERT INTO populacia  VALUES( 2010, 519685, 10, 14 );
INSERT INTO populacia  VALUES( 2010, 519693, 81, 81 );
INSERT INTO populacia  VALUES( 2010, 519707, 461, 506 );
INSERT INTO populacia  VALUES( 2010, 519715, 380, 383 );
INSERT INTO populacia  VALUES( 2010, 519723, 186, 186 );
INSERT INTO populacia  VALUES( 2010, 519731, 107, 121 );
INSERT INTO populacia  VALUES( 2010, 519936, 1325, 1373 );
INSERT INTO populacia  VALUES( 2010, 519740, 18, 12 );
INSERT INTO populacia  VALUES( 2010, 519758, 165, 163 );
INSERT INTO populacia  VALUES( 2010, 519766, 489, 492 );
INSERT INTO populacia  VALUES( 2010, 519774, 293, 263 );
INSERT INTO populacia  VALUES( 2010, 519782, 354, 367 );
INSERT INTO populacia  VALUES( 2010, 519791, 324, 331 );
INSERT INTO populacia  VALUES( 2010, 519804, 132, 118 );
INSERT INTO populacia  VALUES( 2010, 519812, 157, 167 );
INSERT INTO populacia  VALUES( 2010, 519821, 269, 317 );
INSERT INTO populacia  VALUES( 2010, 519839, 264, 290 );
INSERT INTO populacia  VALUES( 2010, 519847, 150, 157 );
INSERT INTO populacia  VALUES( 2010, 519855, 70, 62 );
INSERT INTO populacia  VALUES( 2010, 519863, 273, 293 );
INSERT INTO populacia  VALUES( 2010, 519871, 183, 203 );
INSERT INTO populacia  VALUES( 2010, 519880, 146, 169 );
INSERT INTO populacia  VALUES( 2010, 518964, 174, 197 );
INSERT INTO populacia  VALUES( 2010, 519901, 110, 86 );
INSERT INTO populacia  VALUES( 2010, 519910, 62, 49 );
INSERT INTO populacia  VALUES( 2010, 519928, 204, 197 );
INSERT INTO populacia  VALUES( 2010, 519944, 76, 74 );
INSERT INTO populacia  VALUES( 2010, 519952, 67, 49 );
INSERT INTO populacia  VALUES( 2010, 519961, 1547, 1587 );
INSERT INTO populacia  VALUES( 2010, 519979, 377, 389 );
INSERT INTO populacia  VALUES( 2010, 520012, 109, 111 );
INSERT INTO populacia  VALUES( 2010, 520021, 208, 200 );
INSERT INTO populacia  VALUES( 2010, 520055, 644, 677 );
INSERT INTO populacia  VALUES( 2010, 520063, 285, 273 );
INSERT INTO populacia  VALUES( 2010, 520110, 79, 95 );
INSERT INTO populacia  VALUES( 2010, 520152, 84, 93 );
INSERT INTO populacia  VALUES( 2010, 559644, 60, 63 );
INSERT INTO populacia  VALUES( 2010, 520195, 282, 267 );
INSERT INTO populacia  VALUES( 2010, 559598, 347, 359 );
INSERT INTO populacia  VALUES( 2010, 520225, 286, 291 );
INSERT INTO populacia  VALUES( 2010, 520233, 233, 255 );
INSERT INTO populacia  VALUES( 2010, 520241, 206, 219 );
INSERT INTO populacia  VALUES( 2010, 520004, 16772, 17848 );
INSERT INTO populacia  VALUES( 2010, 520268, 284, 277 );
INSERT INTO populacia  VALUES( 2010, 520276, 180, 238 );
INSERT INTO populacia  VALUES( 2010, 520292, 139, 126 );
INSERT INTO populacia  VALUES( 2010, 559547, 601, 575 );
INSERT INTO populacia  VALUES( 2010, 520331, 1177, 1162 );
INSERT INTO populacia  VALUES( 2010, 520349, 288, 276 );
INSERT INTO populacia  VALUES( 2010, 520357, 206, 236 );
INSERT INTO populacia  VALUES( 2010, 520373, 373, 371 );
INSERT INTO populacia  VALUES( 2010, 528803, 290, 298 );
INSERT INTO populacia  VALUES( 2010, 520403, 317, 295 );
INSERT INTO populacia  VALUES( 2010, 582140, 295, 300 );
INSERT INTO populacia  VALUES( 2010, 520446, 219, 212 );
INSERT INTO populacia  VALUES( 2010, 520454, 435, 407 );
INSERT INTO populacia  VALUES( 2010, 520462, 251, 262 );
INSERT INTO populacia  VALUES( 2010, 559652, 22, 25 );
INSERT INTO populacia  VALUES( 2010, 520497, 495, 534 );
INSERT INTO populacia  VALUES( 2010, 520501, 277, 281 );
INSERT INTO populacia  VALUES( 2010, 520527, 51, 51 );
INSERT INTO populacia  VALUES( 2010, 520535, 97, 90 );
INSERT INTO populacia  VALUES( 2010, 528897, 164, 169 );
INSERT INTO populacia  VALUES( 2010, 520543, 170, 190 );
INSERT INTO populacia  VALUES( 2010, 520560, 318, 324 );
INSERT INTO populacia  VALUES( 2010, 528951, 238, 235 );
INSERT INTO populacia  VALUES( 2010, 520624, 511, 508 );
INSERT INTO populacia  VALUES( 2010, 520667, 127, 156 );
INSERT INTO populacia  VALUES( 2010, 529010, 31, 30 );
INSERT INTO populacia  VALUES( 2010, 520683, 303, 335 );
INSERT INTO populacia  VALUES( 2010, 529061, 11, 2 );
INSERT INTO populacia  VALUES( 2010, 520250, 155, 154 );
INSERT INTO populacia  VALUES( 2010, 520721, 212, 258 );
INSERT INTO populacia  VALUES( 2010, 529087, 56, 53 );
INSERT INTO populacia  VALUES( 2010, 529095, 121, 130 );
INSERT INTO populacia  VALUES( 2010, 520772, 257, 272 );
INSERT INTO populacia  VALUES( 2010, 520781, 60, 72 );
INSERT INTO populacia  VALUES( 2010, 559636, 66, 52 );
INSERT INTO populacia  VALUES( 2010, 520896, 431, 419 );
INSERT INTO populacia  VALUES( 2010, 520900, 156, 163 );
INSERT INTO populacia  VALUES( 2010, 520926, 610, 592 );
INSERT INTO populacia  VALUES( 2010, 518638, 0, 0 );
INSERT INTO populacia  VALUES( 2010, 520977, 170, 164 );
INSERT INTO populacia  VALUES( 2010, 520985, 164, 153 );
INSERT INTO populacia  VALUES( 2010, 521019, 27, 25 );
INSERT INTO populacia  VALUES( 2010, 529249, 187, 203 );
INSERT INTO populacia  VALUES( 2010, 521027, 100, 116 );
INSERT INTO populacia  VALUES( 2010, 521035, 237, 235 );
INSERT INTO populacia  VALUES( 2010, 529273, 28, 37 );
INSERT INTO populacia  VALUES( 2010, 521043, 264, 256 );
INSERT INTO populacia  VALUES( 2010, 521086, 324, 296 );
INSERT INTO populacia  VALUES( 2010, 521116, 181, 187 );
INSERT INTO populacia  VALUES( 2010, 523399, 117, 131 );
INSERT INTO populacia  VALUES( 2010, 523411, 156, 146 );
INSERT INTO populacia  VALUES( 2010, 523429, 101, 129 );
INSERT INTO populacia  VALUES( 2010, 523461, 21, 20 );
INSERT INTO populacia  VALUES( 2010, 523470, 466, 429 );
INSERT INTO populacia  VALUES( 2010, 523500, 45, 54 );
INSERT INTO populacia  VALUES( 2010, 523526, 1279, 1367 );
INSERT INTO populacia  VALUES( 2010, 523534, 731, 733 );
INSERT INTO populacia  VALUES( 2010, 523569, 58, 51 );
INSERT INTO populacia  VALUES( 2010, 523577, 475, 485 );
INSERT INTO populacia  VALUES( 2010, 523585, 8031, 8758 );
INSERT INTO populacia  VALUES( 2010, 523607, 1002, 994 );
INSERT INTO populacia  VALUES( 2010, 523615, 145, 145 );
INSERT INTO populacia  VALUES( 2010, 523623, 2606, 2413 );
INSERT INTO populacia  VALUES( 2010, 523682, 2087, 2122 );
INSERT INTO populacia  VALUES( 2010, 523674, 45, 45 );
INSERT INTO populacia  VALUES( 2010, 559938, 93, 91 );
INSERT INTO populacia  VALUES( 2010, 581241, 479, 478 );
INSERT INTO populacia  VALUES( 2010, 523712, 399, 389 );
INSERT INTO populacia  VALUES( 2010, 523739, 308, 324 );
INSERT INTO populacia  VALUES( 2010, 523771, 168, 164 );
INSERT INTO populacia  VALUES( 2010, 523780, 963, 951 );
INSERT INTO populacia  VALUES( 2010, 523798, 1317, 1218 );
INSERT INTO populacia  VALUES( 2010, 523801, 177, 171 );
INSERT INTO populacia  VALUES( 2010, 523810, 919, 942 );
INSERT INTO populacia  VALUES( 2010, 523828, 3183, 3242 );
INSERT INTO populacia  VALUES( 2010, 523836, 1124, 1153 );
INSERT INTO populacia  VALUES( 2010, 523861, 392, 356 );
INSERT INTO populacia  VALUES( 2010, 523887, 480, 514 );
INSERT INTO populacia  VALUES( 2010, 523909, 816, 813 );
INSERT INTO populacia  VALUES( 2010, 523976, 919, 920 );
INSERT INTO populacia  VALUES( 2010, 523984, 334, 353 );
INSERT INTO populacia  VALUES( 2010, 523992, 172, 176 );
INSERT INTO populacia  VALUES( 2010, 524000, 2212, 2091 );
INSERT INTO populacia  VALUES( 2010, 524042, 340, 354 );
INSERT INTO populacia  VALUES( 2010, 524051, 237, 232 );
INSERT INTO populacia  VALUES( 2010, 524069, 143, 141 );
INSERT INTO populacia  VALUES( 2010, 524077, 693, 646 );
INSERT INTO populacia  VALUES( 2010, 524085, 542, 512 );
INSERT INTO populacia  VALUES( 2010, 524115, 43, 39 );
INSERT INTO populacia  VALUES( 2010, 524123, 417, 401 );
INSERT INTO populacia  VALUES( 2010, 526371, 82, 94 );
INSERT INTO populacia  VALUES( 2010, 526380, 80, 84 );
INSERT INTO populacia  VALUES( 2010, 526401, 437, 453 );
INSERT INTO populacia  VALUES( 2010, 526410, 103, 93 );
INSERT INTO populacia  VALUES( 2010, 526428, 134, 128 );
INSERT INTO populacia  VALUES( 2010, 526452, 269, 259 );
INSERT INTO populacia  VALUES( 2010, 526461, 252, 268 );
INSERT INTO populacia  VALUES( 2010, 526479, 458, 478 );
INSERT INTO populacia  VALUES( 2010, 526487, 415, 350 );
INSERT INTO populacia  VALUES( 2010, 526495, 171, 176 );
INSERT INTO populacia  VALUES( 2010, 526517, 285, 294 );
INSERT INTO populacia  VALUES( 2010, 526525, 36, 33 );
INSERT INTO populacia  VALUES( 2010, 543179, 473, 496 );
INSERT INTO populacia  VALUES( 2010, 543225, 297, 288 );
INSERT INTO populacia  VALUES( 2010, 581640, 49, 55 );
INSERT INTO populacia  VALUES( 2010, 543276, 205, 180 );
INSERT INTO populacia  VALUES( 2010, 543292, 7363, 7550 );
INSERT INTO populacia  VALUES( 2010, 543314, 66, 60 );
INSERT INTO populacia  VALUES( 2010, 543381, 194, 196 );
INSERT INTO populacia  VALUES( 2010, 543390, 92, 102 );
INSERT INTO populacia  VALUES( 2010, 543420, 150, 139 );
INSERT INTO populacia  VALUES( 2010, 543446, 86, 83 );
INSERT INTO populacia  VALUES( 2010, 543454, 29, 34 );
INSERT INTO populacia  VALUES( 2010, 543462, 82, 95 );
INSERT INTO populacia  VALUES( 2010, 543471, 47, 48 );
INSERT INTO populacia  VALUES( 2010, 543578, 1974, 2003 );
INSERT INTO populacia  VALUES( 2010, 543608, 653, 682 );
INSERT INTO populacia  VALUES( 2010, 543624, 1226, 1215 );
INSERT INTO populacia  VALUES( 2010, 543641, 238, 235 );
INSERT INTO populacia  VALUES( 2010, 543675, 189, 158 );
INSERT INTO populacia  VALUES( 2010, 543691, 90, 97 );
INSERT INTO populacia  VALUES( 2010, 526606, 49, 54 );
INSERT INTO populacia  VALUES( 2010, 526614, 157, 152 );
INSERT INTO populacia  VALUES( 2010, 520071, 61, 48 );
INSERT INTO populacia  VALUES( 2010, 520098, 181, 184 );
INSERT INTO populacia  VALUES( 2010, 520101, 186, 199 );
INSERT INTO populacia  VALUES( 2010, 520128, 182, 191 );
INSERT INTO populacia  VALUES( 2010, 520187, 241, 248 );
INSERT INTO populacia  VALUES( 2010, 520314, 113, 179 );
INSERT INTO populacia  VALUES( 2010, 520411, 226, 235 );
INSERT INTO populacia  VALUES( 2010, 520471, 3169, 3268 );
INSERT INTO populacia  VALUES( 2010, 520519, 212, 208 );
INSERT INTO populacia  VALUES( 2010, 520578, 159, 170 );
INSERT INTO populacia  VALUES( 2010, 520586, 16, 18 );
INSERT INTO populacia  VALUES( 2010, 520616, 87, 99 );
INSERT INTO populacia  VALUES( 2010, 520691, 292, 293 );
INSERT INTO populacia  VALUES( 2010, 520705, 75, 82 );
INSERT INTO populacia  VALUES( 2010, 559610, 93, 83 );
INSERT INTO populacia  VALUES( 2010, 520713, 90, 106 );
INSERT INTO populacia  VALUES( 2010, 520853, 68, 65 );
INSERT INTO populacia  VALUES( 2010, 520861, 57, 65 );
INSERT INTO populacia  VALUES( 2010, 520951, 19, 16 );
INSERT INTO populacia  VALUES( 2010, 520993, 132, 173 );
INSERT INTO populacia  VALUES( 2010, 521001, 86, 94 );
INSERT INTO populacia  VALUES( 2010, 521060, 85, 86 );
INSERT INTO populacia  VALUES( 2010, 521078, 57, 55 );
INSERT INTO populacia  VALUES( 2010, 523402, 1065, 1191 );
INSERT INTO populacia  VALUES( 2010, 523437, 651, 646 );
INSERT INTO populacia  VALUES( 2010, 523445, 406, 400 );
INSERT INTO populacia  VALUES( 2010, 523496, 427, 435 );
INSERT INTO populacia  VALUES( 2010, 523488, 897, 900 );
INSERT INTO populacia  VALUES( 2010, 523518, 1465, 1383 );
INSERT INTO populacia  VALUES( 2010, 523542, 680, 652 );
INSERT INTO populacia  VALUES( 2010, 523593, 439, 403 );
INSERT INTO populacia  VALUES( 2010, 523631, 1169, 1204 );
INSERT INTO populacia  VALUES( 2010, 523658, 487, 503 );
INSERT INTO populacia  VALUES( 2010, 523721, 299, 328 );
INSERT INTO populacia  VALUES( 2010, 523747, 210, 220 );
INSERT INTO populacia  VALUES( 2010, 523763, 806, 757 );
INSERT INTO populacia  VALUES( 2010, 523381, 26061, 28210 );
INSERT INTO populacia  VALUES( 2010, 523844, 1077, 1094 );
INSERT INTO populacia  VALUES( 2010, 523852, 1242, 1189 );
INSERT INTO populacia  VALUES( 2010, 523879, 1209, 1219 );
INSERT INTO populacia  VALUES( 2010, 523925, 3600, 3971 );
INSERT INTO populacia  VALUES( 2010, 559890, 259, 261 );
INSERT INTO populacia  VALUES( 2010, 523933, 1789, 1878 );
INSERT INTO populacia  VALUES( 2010, 524107, 965, 969 );
INSERT INTO populacia  VALUES( 2010, 523950, 593, 628 );
INSERT INTO populacia  VALUES( 2010, 580368, 117, 103 );
INSERT INTO populacia  VALUES( 2010, 524018, 624, 641 );
INSERT INTO populacia  VALUES( 2010, 524026, 301, 308 );
INSERT INTO populacia  VALUES( 2010, 524034, 918, 925 );
INSERT INTO populacia  VALUES( 2010, 524093, 564, 532 );
INSERT INTO populacia  VALUES( 2010, 560103, 2055, 2361 );
INSERT INTO populacia  VALUES( 2010, 524131, 687, 695 );
INSERT INTO populacia  VALUES( 2010, 524158, 292, 317 );
INSERT INTO populacia  VALUES( 2010, 524174, 224, 222 );
INSERT INTO populacia  VALUES( 2010, 524191, 253, 233 );
INSERT INTO populacia  VALUES( 2010, 524212, 223, 235 );
INSERT INTO populacia  VALUES( 2010, 524221, 175, 189 );
INSERT INTO populacia  VALUES( 2010, 524255, 83, 76 );
INSERT INTO populacia  VALUES( 2010, 524263, 366, 370 );
INSERT INTO populacia  VALUES( 2010, 524271, 161, 145 );
INSERT INTO populacia  VALUES( 2010, 524301, 412, 421 );
INSERT INTO populacia  VALUES( 2010, 524336, 548, 554 );
INSERT INTO populacia  VALUES( 2010, 524352, 1031, 1078 );
INSERT INTO populacia  VALUES( 2010, 524361, 377, 364 );
INSERT INTO populacia  VALUES( 2010, 524387, 353, 338 );
INSERT INTO populacia  VALUES( 2010, 524395, 933, 893 );
INSERT INTO populacia  VALUES( 2010, 524409, 565, 516 );
INSERT INTO populacia  VALUES( 2010, 524417, 201, 192 );
INSERT INTO populacia  VALUES( 2010, 524425, 68, 67 );
INSERT INTO populacia  VALUES( 2010, 524433, 390, 411 );
INSERT INTO populacia  VALUES( 2010, 518522, 327, 314 );
INSERT INTO populacia  VALUES( 2010, 524450, 122, 108 );
INSERT INTO populacia  VALUES( 2010, 524468, 818, 778 );
INSERT INTO populacia  VALUES( 2010, 524476, 357, 330 );
INSERT INTO populacia  VALUES( 2010, 524506, 505, 474 );
INSERT INTO populacia  VALUES( 2010, 524514, 196, 226 );
INSERT INTO populacia  VALUES( 2010, 524549, 424, 427 );
INSERT INTO populacia  VALUES( 2010, 524522, 627, 638 );
INSERT INTO populacia  VALUES( 2010, 524531, 1001, 959 );
INSERT INTO populacia  VALUES( 2010, 524581, 143, 145 );
INSERT INTO populacia  VALUES( 2010, 524590, 114, 138 );
INSERT INTO populacia  VALUES( 2010, 524620, 1037, 1087 );
INSERT INTO populacia  VALUES( 2010, 524638, 887, 894 );
INSERT INTO populacia  VALUES( 2010, 524646, 109, 102 );
INSERT INTO populacia  VALUES( 2010, 524654, 538, 511 );
INSERT INTO populacia  VALUES( 2010, 524662, 348, 357 );
INSERT INTO populacia  VALUES( 2010, 524697, 177, 176 );
INSERT INTO populacia  VALUES( 2010, 524701, 131, 126 );
INSERT INTO populacia  VALUES( 2010, 524727, 413, 423 );
INSERT INTO populacia  VALUES( 2010, 524735, 84, 75 );
INSERT INTO populacia  VALUES( 2010, 524743, 875, 970 );
INSERT INTO populacia  VALUES( 2010, 524751, 160, 177 );
INSERT INTO populacia  VALUES( 2010, 524760, 554, 424 );
INSERT INTO populacia  VALUES( 2010, 559971, 222, 242 );
INSERT INTO populacia  VALUES( 2010, 524786, 273, 251 );
INSERT INTO populacia  VALUES( 2010, 518590, 1522, 1570 );
INSERT INTO populacia  VALUES( 2010, 524794, 256, 261 );
INSERT INTO populacia  VALUES( 2010, 524808, 75, 81 );
INSERT INTO populacia  VALUES( 2010, 524832, 410, 409 );
INSERT INTO populacia  VALUES( 2010, 524841, 727, 740 );
INSERT INTO populacia  VALUES( 2010, 556823, 357, 351 );
INSERT INTO populacia  VALUES( 2010, 524867, 155, 167 );
INSERT INTO populacia  VALUES( 2010, 524883, 578, 580 );
INSERT INTO populacia  VALUES( 2010, 524905, 87, 100 );
INSERT INTO populacia  VALUES( 2010, 524913, 248, 211 );
INSERT INTO populacia  VALUES( 2010, 524930, 226, 249 );
INSERT INTO populacia  VALUES( 2010, 524964, 28, 35 );
INSERT INTO populacia  VALUES( 2010, 524999, 334, 347 );
INSERT INTO populacia  VALUES( 2010, 525014, 865, 933 );
INSERT INTO populacia  VALUES( 2010, 525022, 370, 376 );
INSERT INTO populacia  VALUES( 2010, 525031, 176, 197 );
INSERT INTO populacia  VALUES( 2010, 524140, 43485, 47350 );
INSERT INTO populacia  VALUES( 2010, 525057, 228, 228 );
INSERT INTO populacia  VALUES( 2010, 525065, 271, 269 );
INSERT INTO populacia  VALUES( 2010, 525073, 373, 376 );
INSERT INTO populacia  VALUES( 2010, 525111, 440, 479 );
INSERT INTO populacia  VALUES( 2010, 525138, 555, 544 );
INSERT INTO populacia  VALUES( 2010, 525154, 510, 517 );
INSERT INTO populacia  VALUES( 2010, 525162, 72, 63 );
INSERT INTO populacia  VALUES( 2010, 559989, 93, 99 );
INSERT INTO populacia  VALUES( 2010, 525171, 826, 827 );
INSERT INTO populacia  VALUES( 2010, 525189, 234, 257 );
INSERT INTO populacia  VALUES( 2010, 525197, 145, 158 );
INSERT INTO populacia  VALUES( 2010, 525201, 325, 357 );
INSERT INTO populacia  VALUES( 2010, 525251, 284, 273 );
INSERT INTO populacia  VALUES( 2010, 525260, 1195, 1192 );
INSERT INTO populacia  VALUES( 2010, 525278, 118, 104 );
INSERT INTO populacia  VALUES( 2010, 525286, 267, 262 );
INSERT INTO populacia  VALUES( 2010, 525294, 552, 600 );
INSERT INTO populacia  VALUES( 2010, 525324, 109, 117 );
INSERT INTO populacia  VALUES( 2010, 525332, 240, 220 );
INSERT INTO populacia  VALUES( 2010, 525341, 660, 664 );
INSERT INTO populacia  VALUES( 2010, 525383, 624, 638 );
INSERT INTO populacia  VALUES( 2010, 525391, 169, 171 );
INSERT INTO populacia  VALUES( 2010, 525405, 2573, 2716 );
INSERT INTO populacia  VALUES( 2010, 525413, 992, 1002 );
INSERT INTO populacia  VALUES( 2010, 525430, 552, 579 );
INSERT INTO populacia  VALUES( 2010, 525448, 290, 279 );
INSERT INTO populacia  VALUES( 2010, 525456, 457, 484 );
INSERT INTO populacia  VALUES( 2010, 525472, 214, 218 );
INSERT INTO populacia  VALUES( 2010, 525499, 512, 494 );
INSERT INTO populacia  VALUES( 2010, 525502, 141, 129 );
INSERT INTO populacia  VALUES( 2010, 525511, 692, 661 );
INSERT INTO populacia  VALUES( 2010, 524182, 152, 151 );
INSERT INTO populacia  VALUES( 2010, 524204, 164, 164 );
INSERT INTO populacia  VALUES( 2010, 524239, 848, 831 );
INSERT INTO populacia  VALUES( 2010, 524247, 218, 205 );
INSERT INTO populacia  VALUES( 2010, 524280, 245, 235 );
INSERT INTO populacia  VALUES( 2010, 524298, 406, 419 );
INSERT INTO populacia  VALUES( 2010, 524310, 379, 381 );
INSERT INTO populacia  VALUES( 2010, 524328, 49, 43 );
INSERT INTO populacia  VALUES( 2010, 524344, 370, 344 );
INSERT INTO populacia  VALUES( 2010, 524379, 771, 757 );
INSERT INTO populacia  VALUES( 2010, 524441, 73, 59 );
INSERT INTO populacia  VALUES( 2010, 524492, 213, 217 );
INSERT INTO populacia  VALUES( 2010, 524557, 178, 167 );
INSERT INTO populacia  VALUES( 2010, 524565, 210, 199 );
INSERT INTO populacia  VALUES( 2010, 524573, 484, 468 );
INSERT INTO populacia  VALUES( 2010, 524603, 2786, 2812 );
INSERT INTO populacia  VALUES( 2010, 524611, 954, 913 );
INSERT INTO populacia  VALUES( 2010, 524671, 360, 354 );
INSERT INTO populacia  VALUES( 2010, 524689, 593, 574 );
INSERT INTO populacia  VALUES( 2010, 524778, 3215, 3269 );
INSERT INTO populacia  VALUES( 2010, 524816, 353, 322 );
INSERT INTO populacia  VALUES( 2010, 524824, 217, 234 );
INSERT INTO populacia  VALUES( 2010, 524875, 338, 339 );
INSERT INTO populacia  VALUES( 2010, 524921, 400, 416 );
INSERT INTO populacia  VALUES( 2010, 524948, 223, 212 );
INSERT INTO populacia  VALUES( 2010, 524956, 209, 201 );
INSERT INTO populacia  VALUES( 2010, 524981, 925, 915 );
INSERT INTO populacia  VALUES( 2010, 525006, 1188, 1236 );
INSERT INTO populacia  VALUES( 2010, 525049, 485, 467 );
INSERT INTO populacia  VALUES( 2010, 525081, 71, 74 );
INSERT INTO populacia  VALUES( 2010, 525090, 746, 757 );
INSERT INTO populacia  VALUES( 2010, 525103, 86, 94 );
INSERT INTO populacia  VALUES( 2010, 525120, 675, 632 );
INSERT INTO populacia  VALUES( 2010, 525146, 6225, 6397 );
INSERT INTO populacia  VALUES( 2010, 525219, 648, 606 );
INSERT INTO populacia  VALUES( 2010, 525235, 1382, 1406 );
INSERT INTO populacia  VALUES( 2010, 525243, 254, 259 );
INSERT INTO populacia  VALUES( 2010, 525308, 176, 177 );
INSERT INTO populacia  VALUES( 2010, 525316, 739, 771 );
INSERT INTO populacia  VALUES( 2010, 525359, 260, 258 );
INSERT INTO populacia  VALUES( 2010, 525367, 202, 203 );
INSERT INTO populacia  VALUES( 2010, 525375, 299, 305 );
INSERT INTO populacia  VALUES( 2010, 525421, 76, 63 );
INSERT INTO populacia  VALUES( 2010, 520039, 1669, 1711 );
INSERT INTO populacia  VALUES( 2010, 520080, 19, 35 );
INSERT INTO populacia  VALUES( 2010, 520136, 75, 82 );
INSERT INTO populacia  VALUES( 2010, 520161, 1001, 1005 );
INSERT INTO populacia  VALUES( 2010, 520179, 88, 160 );
INSERT INTO populacia  VALUES( 2010, 520209, 174, 136 );
INSERT INTO populacia  VALUES( 2010, 520217, 28, 34 );
INSERT INTO populacia  VALUES( 2010, 520284, 44, 37 );
INSERT INTO populacia  VALUES( 2010, 520322, 281, 282 );
INSERT INTO populacia  VALUES( 2010, 520365, 249, 270 );
INSERT INTO populacia  VALUES( 2010, 520381, 48, 50 );
INSERT INTO populacia  VALUES( 2010, 520390, 291, 287 );
INSERT INTO populacia  VALUES( 2010, 520438, 165, 146 );
INSERT INTO populacia  VALUES( 2010, 520489, 48, 54 );
INSERT INTO populacia  VALUES( 2010, 520551, 152, 133 );
INSERT INTO populacia  VALUES( 2010, 520594, 109, 82 );
INSERT INTO populacia  VALUES( 2010, 520632, 16, 20 );
INSERT INTO populacia  VALUES( 2010, 520641, 279, 298 );
INSERT INTO populacia  VALUES( 2010, 520659, 271, 301 );
INSERT INTO populacia  VALUES( 2010, 520675, 29, 30 );
INSERT INTO populacia  VALUES( 2010, 520730, 19, 35 );
INSERT INTO populacia  VALUES( 2010, 520748, 44, 59 );
INSERT INTO populacia  VALUES( 2010, 520764, 57, 73 );
INSERT INTO populacia  VALUES( 2010, 520802, 10231, 10760 );
INSERT INTO populacia  VALUES( 2010, 520829, 1206, 1264 );
INSERT INTO populacia  VALUES( 2010, 520811, 162, 159 );
INSERT INTO populacia  VALUES( 2010, 520845, 71, 73 );
INSERT INTO populacia  VALUES( 2010, 520870, 51, 42 );
INSERT INTO populacia  VALUES( 2010, 520888, 67, 84 );
INSERT INTO populacia  VALUES( 2010, 520918, 368, 464 );
INSERT INTO populacia  VALUES( 2010, 520934, 459, 463 );
INSERT INTO populacia  VALUES( 2010, 520942, 130, 138 );
INSERT INTO populacia  VALUES( 2010, 521051, 184, 215 );
INSERT INTO populacia  VALUES( 2010, 521108, 631, 640 );
INSERT INTO populacia  VALUES( 2010, 526673, 613, 616 );
INSERT INTO populacia  VALUES( 2010, 526681, 121, 139 );
INSERT INTO populacia  VALUES( 2010, 526690, 209, 210 );
INSERT INTO populacia  VALUES( 2010, 526703, 44, 37 );
INSERT INTO populacia  VALUES( 2010, 526711, 331, 337 );
INSERT INTO populacia  VALUES( 2010, 526720, 715, 730 );
INSERT INTO populacia  VALUES( 2010, 526738, 109, 97 );
INSERT INTO populacia  VALUES( 2010, 526746, 248, 253 );
INSERT INTO populacia  VALUES( 2010, 526754, 468, 485 );
INSERT INTO populacia  VALUES( 2010, 526762, 1301, 1298 );
INSERT INTO populacia  VALUES( 2010, 526771, 432, 448 );
INSERT INTO populacia  VALUES( 2010, 526789, 694, 706 );
INSERT INTO populacia  VALUES( 2010, 526797, 582, 540 );
INSERT INTO populacia  VALUES( 2010, 526801, 54, 48 );
INSERT INTO populacia  VALUES( 2010, 526819, 347, 384 );
INSERT INTO populacia  VALUES( 2010, 526827, 89, 78 );
INSERT INTO populacia  VALUES( 2010, 526835, 86, 40 );
INSERT INTO populacia  VALUES( 2010, 526843, 274, 249 );
INSERT INTO populacia  VALUES( 2010, 526851, 304, 318 );
INSERT INTO populacia  VALUES( 2010, 526860, 1141, 1096 );
INSERT INTO populacia  VALUES( 2010, 526878, 678, 697 );
INSERT INTO populacia  VALUES( 2010, 526886, 240, 221 );
INSERT INTO populacia  VALUES( 2010, 526894, 28, 34 );
INSERT INTO populacia  VALUES( 2010, 526908, 345, 314 );
INSERT INTO populacia  VALUES( 2010, 526916, 303, 313 );
INSERT INTO populacia  VALUES( 2010, 526924, 1442, 1475 );
INSERT INTO populacia  VALUES( 2010, 526932, 24, 18 );
INSERT INTO populacia  VALUES( 2010, 526941, 338, 368 );
INSERT INTO populacia  VALUES( 2010, 526959, 935, 903 );
INSERT INTO populacia  VALUES( 2010, 526967, 796, 828 );
INSERT INTO populacia  VALUES( 2010, 526975, 1649, 1651 );
INSERT INTO populacia  VALUES( 2010, 526983, 105, 120 );
INSERT INTO populacia  VALUES( 2010, 526991, 40, 59 );
INSERT INTO populacia  VALUES( 2010, 526665, 8171, 8213 );
INSERT INTO populacia  VALUES( 2010, 527009, 27, 23 );
INSERT INTO populacia  VALUES( 2010, 527017, 104, 97 );
INSERT INTO populacia  VALUES( 2010, 527025, 197, 179 );
INSERT INTO populacia  VALUES( 2010, 527033, 200, 217 );
INSERT INTO populacia  VALUES( 2010, 527041, 603, 634 );
INSERT INTO populacia  VALUES( 2010, 527050, 193, 213 );
INSERT INTO populacia  VALUES( 2010, 527068, 243, 241 );
INSERT INTO populacia  VALUES( 2010, 527076, 501, 499 );
INSERT INTO populacia  VALUES( 2010, 527084, 122, 126 );
INSERT INTO populacia  VALUES( 2010, 527092, 636, 701 );
INSERT INTO populacia  VALUES( 2010, 527114, 92, 84 );
INSERT INTO populacia  VALUES( 2010, 527157, 372, 403 );
INSERT INTO populacia  VALUES( 2010, 527165, 63, 52 );
INSERT INTO populacia  VALUES( 2010, 527173, 212, 225 );
INSERT INTO populacia  VALUES( 2010, 527181, 255, 262 );
INSERT INTO populacia  VALUES( 2010, 527190, 7, 20 );
INSERT INTO populacia  VALUES( 2010, 527203, 68, 91 );
INSERT INTO populacia  VALUES( 2010, 527262, 223, 247 );
INSERT INTO populacia  VALUES( 2010, 527289, 101, 106 );
INSERT INTO populacia  VALUES( 2010, 527297, 208, 198 );
INSERT INTO populacia  VALUES( 2010, 527335, 275, 273 );
INSERT INTO populacia  VALUES( 2010, 527343, 22, 23 );
INSERT INTO populacia  VALUES( 2010, 527386, 95, 89 );
INSERT INTO populacia  VALUES( 2010, 527408, 37, 44 );
INSERT INTO populacia  VALUES( 2010, 527416, 39, 34 );
INSERT INTO populacia  VALUES( 2010, 527467, 19, 13 );
INSERT INTO populacia  VALUES( 2010, 527793, 109, 113 );
INSERT INTO populacia  VALUES( 2010, 527475, 136, 152 );
INSERT INTO populacia  VALUES( 2010, 527513, 124, 135 );
INSERT INTO populacia  VALUES( 2010, 527521, 100, 96 );
INSERT INTO populacia  VALUES( 2010, 527530, 57, 56 );
INSERT INTO populacia  VALUES( 2010, 527572, 71, 87 );
INSERT INTO populacia  VALUES( 2010, 527581, 174, 168 );
INSERT INTO populacia  VALUES( 2010, 527611, 42, 47 );
INSERT INTO populacia  VALUES( 2010, 527637, 190, 210 );
INSERT INTO populacia  VALUES( 2010, 527700, 118, 118 );
INSERT INTO populacia  VALUES( 2010, 527726, 43, 44 );
INSERT INTO populacia  VALUES( 2010, 527718, 32, 31 );
INSERT INTO populacia  VALUES( 2010, 527815, 20, 22 );
INSERT INTO populacia  VALUES( 2010, 527823, 112, 138 );
INSERT INTO populacia  VALUES( 2010, 527840, 5439, 5389 );
INSERT INTO populacia  VALUES( 2010, 527866, 159, 146 );
INSERT INTO populacia  VALUES( 2010, 527912, 210, 204 );
INSERT INTO populacia  VALUES( 2010, 527921, 65, 57 );
INSERT INTO populacia  VALUES( 2010, 527939, 178, 193 );
INSERT INTO populacia  VALUES( 2010, 527971, 79, 88 );
INSERT INTO populacia  VALUES( 2010, 527980, 85, 126 );
INSERT INTO populacia  VALUES( 2010, 527998, 112, 104 );
INSERT INTO populacia  VALUES( 2010, 528005, 36, 27 );
INSERT INTO populacia  VALUES( 2010, 528013, 57, 58 );
INSERT INTO populacia  VALUES( 2010, 528021, 64, 72 );
INSERT INTO populacia  VALUES( 2010, 528048, 303, 307 );
INSERT INTO populacia  VALUES( 2010, 560073, 87, 84 );
INSERT INTO populacia  VALUES( 2010, 527122, 12, 10 );
INSERT INTO populacia  VALUES( 2010, 527131, 110, 109 );
INSERT INTO populacia  VALUES( 2010, 527149, 29, 25 );
INSERT INTO populacia  VALUES( 2010, 527211, 269, 316 );
INSERT INTO populacia  VALUES( 2010, 527220, 46, 48 );
INSERT INTO populacia  VALUES( 2010, 527238, 34, 38 );
INSERT INTO populacia  VALUES( 2010, 527246, 18, 17 );
INSERT INTO populacia  VALUES( 2010, 527254, 106, 116 );
INSERT INTO populacia  VALUES( 2010, 580601, 128, 135 );
INSERT INTO populacia  VALUES( 2010, 527271, 61, 78 );
INSERT INTO populacia  VALUES( 2010, 519197, 2085, 2094 );
INSERT INTO populacia  VALUES( 2010, 527301, 6, 7 );
INSERT INTO populacia  VALUES( 2010, 527319, 171, 152 );
INSERT INTO populacia  VALUES( 2010, 527327, 155, 177 );
INSERT INTO populacia  VALUES( 2010, 527351, 36, 46 );
INSERT INTO populacia  VALUES( 2010, 519316, 280, 275 );
INSERT INTO populacia  VALUES( 2010, 527360, 187, 171 );
INSERT INTO populacia  VALUES( 2010, 527378, 109, 115 );
INSERT INTO populacia  VALUES( 2010, 519332, 52, 42 );
INSERT INTO populacia  VALUES( 2010, 527394, 29, 33 );
INSERT INTO populacia  VALUES( 2010, 519391, 599, 575 );
INSERT INTO populacia  VALUES( 2010, 527424, 189, 196 );
INSERT INTO populacia  VALUES( 2010, 527432, 95, 111 );
INSERT INTO populacia  VALUES( 2010, 527441, 27, 28 );
INSERT INTO populacia  VALUES( 2010, 527459, 43, 36 );
INSERT INTO populacia  VALUES( 2010, 527483, 296, 345 );
INSERT INTO populacia  VALUES( 2010, 519448, 346, 340 );
INSERT INTO populacia  VALUES( 2010, 527491, 177, 195 );
INSERT INTO populacia  VALUES( 2010, 527505, 481, 472 );
INSERT INTO populacia  VALUES( 2010, 519537, 258, 262 );
INSERT INTO populacia  VALUES( 2010, 519561, 126, 131 );
INSERT INTO populacia  VALUES( 2010, 527548, 65, 66 );
INSERT INTO populacia  VALUES( 2010, 527556, 21, 28 );
INSERT INTO populacia  VALUES( 2010, 527564, 222, 249 );
INSERT INTO populacia  VALUES( 2010, 519596, 74, 76 );
INSERT INTO populacia  VALUES( 2010, 527599, 35, 40 );
INSERT INTO populacia  VALUES( 2010, 527602, 96, 132 );
INSERT INTO populacia  VALUES( 2010, 527629, 42, 47 );
INSERT INTO populacia  VALUES( 2010, 527645, 50, 43 );
INSERT INTO populacia  VALUES( 2010, 527653, 75, 81 );
INSERT INTO populacia  VALUES( 2010, 527661, 120, 134 );
INSERT INTO populacia  VALUES( 2010, 527670, 134, 146 );
INSERT INTO populacia  VALUES( 2010, 527688, 37, 33 );
INSERT INTO populacia  VALUES( 2010, 527696, 320, 339 );
INSERT INTO populacia  VALUES( 2010, 527734, 8, 4 );
INSERT INTO populacia  VALUES( 2010, 527742, 28, 31 );
INSERT INTO populacia  VALUES( 2010, 527751, 220, 225 );
INSERT INTO populacia  VALUES( 2010, 527769, 111, 72 );
INSERT INTO populacia  VALUES( 2010, 527777, 236, 255 );
INSERT INTO populacia  VALUES( 2010, 527785, 180, 167 );
INSERT INTO populacia  VALUES( 2010, 527807, 73, 77 );
INSERT INTO populacia  VALUES( 2010, 527831, 275, 268 );
INSERT INTO populacia  VALUES( 2010, 527858, 58, 66 );
INSERT INTO populacia  VALUES( 2010, 527106, 5708, 6130 );
INSERT INTO populacia  VALUES( 2010, 527874, 5, 7 );
INSERT INTO populacia  VALUES( 2010, 527882, 147, 141 );
INSERT INTO populacia  VALUES( 2010, 527891, 42, 41 );
INSERT INTO populacia  VALUES( 2010, 527904, 60, 55 );
INSERT INTO populacia  VALUES( 2010, 527947, 54, 68 );
INSERT INTO populacia  VALUES( 2010, 527955, 118, 104 );
INSERT INTO populacia  VALUES( 2010, 527963, 21, 19 );
INSERT INTO populacia  VALUES( 2010, 528030, 94, 106 );
INSERT INTO populacia  VALUES( 2010, 528056, 36, 44 );
INSERT INTO populacia  VALUES( 2010, 528064, 44, 29 );
INSERT INTO populacia  VALUES( 2010, 528072, 279, 290 );
INSERT INTO populacia  VALUES( 2010, 528081, 195, 193 );
INSERT INTO populacia  VALUES( 2010, 519987, 247, 216 );
INSERT INTO populacia  VALUES( 2010, 519995, 170, 165 );
INSERT INTO populacia  VALUES( 2010, 544060, 109, 146 );
INSERT INTO populacia  VALUES( 2010, 544078, 856, 831 );
INSERT INTO populacia  VALUES( 2010, 544086, 239, 279 );
INSERT INTO populacia  VALUES( 2010, 544094, 1350, 1353 );
INSERT INTO populacia  VALUES( 2010, 544108, 192, 226 );
INSERT INTO populacia  VALUES( 2010, 544116, 1174, 1149 );
INSERT INTO populacia  VALUES( 2010, 544124, 571, 580 );
INSERT INTO populacia  VALUES( 2010, 544132, 380, 383 );
INSERT INTO populacia  VALUES( 2010, 544141, 227, 251 );
INSERT INTO populacia  VALUES( 2010, 544159, 387, 436 );
INSERT INTO populacia  VALUES( 2010, 544167, 22, 32 );
INSERT INTO populacia  VALUES( 2010, 544175, 707, 732 );
INSERT INTO populacia  VALUES( 2010, 544183, 127, 120 );
INSERT INTO populacia  VALUES( 2010, 544191, 77, 71 );
INSERT INTO populacia  VALUES( 2010, 544205, 34, 30 );
INSERT INTO populacia  VALUES( 2010, 544213, 1844, 1939 );
INSERT INTO populacia  VALUES( 2010, 581674, 631, 660 );
INSERT INTO populacia  VALUES( 2010, 544221, 350, 356 );
INSERT INTO populacia  VALUES( 2010, 544230, 882, 864 );
INSERT INTO populacia  VALUES( 2010, 528731, 219, 234 );
INSERT INTO populacia  VALUES( 2010, 528749, 122, 117 );
INSERT INTO populacia  VALUES( 2010, 528757, 224, 226 );
INSERT INTO populacia  VALUES( 2010, 528765, 171, 167 );
INSERT INTO populacia  VALUES( 2010, 528773, 636, 634 );
INSERT INTO populacia  VALUES( 2010, 528781, 260, 275 );
INSERT INTO populacia  VALUES( 2010, 528790, 226, 253 );
INSERT INTO populacia  VALUES( 2010, 528811, 262, 257 );
INSERT INTO populacia  VALUES( 2010, 528820, 220, 204 );
INSERT INTO populacia  VALUES( 2010, 528838, 221, 229 );
INSERT INTO populacia  VALUES( 2010, 528846, 211, 235 );
INSERT INTO populacia  VALUES( 2010, 528854, 135, 140 );
INSERT INTO populacia  VALUES( 2010, 528862, 154, 166 );
INSERT INTO populacia  VALUES( 2010, 528871, 310, 306 );
INSERT INTO populacia  VALUES( 2010, 528889, 176, 135 );
INSERT INTO populacia  VALUES( 2010, 528901, 820, 808 );
INSERT INTO populacia  VALUES( 2010, 528919, 757, 832 );
INSERT INTO populacia  VALUES( 2010, 528927, 203, 218 );
INSERT INTO populacia  VALUES( 2010, 528935, 200, 159 );
INSERT INTO populacia  VALUES( 2010, 528943, 397, 404 );
INSERT INTO populacia  VALUES( 2010, 528960, 363, 383 );
INSERT INTO populacia  VALUES( 2010, 528978, 71, 77 );
INSERT INTO populacia  VALUES( 2010, 528986, 217, 228 );
INSERT INTO populacia  VALUES( 2010, 528994, 77, 68 );
INSERT INTO populacia  VALUES( 2010, 529001, 427, 450 );
INSERT INTO populacia  VALUES( 2010, 529028, 115, 100 );
INSERT INTO populacia  VALUES( 2010, 529036, 94, 121 );
INSERT INTO populacia  VALUES( 2010, 529044, 89, 98 );
INSERT INTO populacia  VALUES( 2010, 529052, 153, 135 );
INSERT INTO populacia  VALUES( 2010, 529079, 317, 351 );
INSERT INTO populacia  VALUES( 2010, 529109, 43, 35 );
INSERT INTO populacia  VALUES( 2010, 529125, 1073, 1141 );
INSERT INTO populacia  VALUES( 2010, 529133, 1354, 1395 );
INSERT INTO populacia  VALUES( 2010, 529141, 665, 636 );
INSERT INTO populacia  VALUES( 2010, 529150, 382, 396 );
INSERT INTO populacia  VALUES( 2010, 529168, 384, 426 );
INSERT INTO populacia  VALUES( 2010, 529176, 1232, 1211 );
INSERT INTO populacia  VALUES( 2010, 529184, 51, 57 );
INSERT INTO populacia  VALUES( 2010, 529192, 536, 525 );
INSERT INTO populacia  VALUES( 2010, 529206, 52, 58 );
INSERT INTO populacia  VALUES( 2010, 529214, 32, 27 );
INSERT INTO populacia  VALUES( 2010, 529222, 1267, 1302 );
INSERT INTO populacia  VALUES( 2010, 529231, 115, 123 );
INSERT INTO populacia  VALUES( 2010, 544051, 11349, 11720 );
INSERT INTO populacia  VALUES( 2010, 529117, 93, 104 );
INSERT INTO populacia  VALUES( 2010, 529257, 608, 598 );
INSERT INTO populacia  VALUES( 2010, 529265, 1464, 1532 );
INSERT INTO populacia  VALUES( 2010, 529281, 35, 37 );
INSERT INTO populacia  VALUES( 2010, 529290, 399, 402 );
INSERT INTO populacia  VALUES( 2010, 526509, 3048, 3093 );
INSERT INTO populacia  VALUES( 2010, 526541, 724, 770 );
INSERT INTO populacia  VALUES( 2010, 526550, 41, 58 );
INSERT INTO populacia  VALUES( 2010, 543144, 144, 160 );
INSERT INTO populacia  VALUES( 2010, 543187, 968, 956 );
INSERT INTO populacia  VALUES( 2010, 543233, 796, 827 );
INSERT INTO populacia  VALUES( 2010, 543241, 375, 366 );
INSERT INTO populacia  VALUES( 2010, 543322, 986, 1027 );
INSERT INTO populacia  VALUES( 2010, 543365, 837, 880 );
INSERT INTO populacia  VALUES( 2010, 543373, 1526, 1551 );
INSERT INTO populacia  VALUES( 2010, 543497, 1665, 1753 );
INSERT INTO populacia  VALUES( 2010, 543501, 1268, 1274 );
INSERT INTO populacia  VALUES( 2010, 543551, 226, 240 );
INSERT INTO populacia  VALUES( 2010, 543560, 600, 583 );
INSERT INTO populacia  VALUES( 2010, 543632, 108, 119 );
INSERT INTO populacia  VALUES( 2010, 543659, 1014, 1054 );
INSERT INTO populacia  VALUES( 2010, 543683, 82, 67 );
INSERT INTO populacia  VALUES( 2010, 543705, 456, 484 );
INSERT INTO populacia  VALUES( 2010, 526631, 289, 301 );
INSERT INTO populacia  VALUES( 2010, 526649, 356, 368 );
INSERT INTO populacia  VALUES( 2010, 599891, 297, 294 );
INSERT INTO populacia  VALUES( 2010, 598119, 582, 586 );
INSERT INTO populacia  VALUES( 2010, 598151, 9025, 10574 );
INSERT INTO populacia  VALUES( 2010, 599875, 11321, 12028 );
INSERT INTO populacia  VALUES( 2010, 598186, 9334, 11007 );
INSERT INTO populacia  VALUES( 2010, 598127, 1024, 1113 );
INSERT INTO populacia  VALUES( 2010, 598194, 199, 212 );
INSERT INTO populacia  VALUES( 2010, 599972, 3156, 3072 );
INSERT INTO populacia  VALUES( 2010, 598216, 1001, 1036 );
INSERT INTO populacia  VALUES( 2010, 598208, 723, 788 );
INSERT INTO populacia  VALUES( 2010, 599859, 537, 568 );
INSERT INTO populacia  VALUES( 2010, 599883, 12042, 12684 );
INSERT INTO populacia  VALUES( 2010, 599841, 2692, 2715 );
INSERT INTO populacia  VALUES( 2010, 598224, 18508, 20902 );
INSERT INTO populacia  VALUES( 2010, 598682, 13069, 13886 );
INSERT INTO populacia  VALUES( 2010, 599018, 1308, 1339 );
INSERT INTO populacia  VALUES( 2010, 599093, 1579, 1788 );
INSERT INTO populacia  VALUES( 2010, 599824, 10107, 11987 );
INSERT INTO populacia  VALUES( 2010, 599794, 2030, 2053 );
INSERT INTO populacia  VALUES( 2010, 599816, 11730, 12711 );
INSERT INTO populacia  VALUES( 2010, 599786, 306, 339 );
INSERT INTO populacia  VALUES( 2010, 599913, 801, 833 );
INSERT INTO populacia  VALUES( 2010, 521141, 215, 239 );
INSERT INTO populacia  VALUES( 2010, 521159, 213, 211 );
INSERT INTO populacia  VALUES( 2010, 521167, 186, 183 );
INSERT INTO populacia  VALUES( 2010, 521175, 298, 318 );
INSERT INTO populacia  VALUES( 2010, 521183, 640, 635 );
INSERT INTO populacia  VALUES( 2010, 521191, 284, 280 );
INSERT INTO populacia  VALUES( 2010, 559831, 113, 109 );
INSERT INTO populacia  VALUES( 2010, 521205, 506, 520 );
INSERT INTO populacia  VALUES( 2010, 521213, 377, 379 );
INSERT INTO populacia  VALUES( 2010, 521221, 455, 509 );
INSERT INTO populacia  VALUES( 2010, 521248, 367, 365 );
INSERT INTO populacia  VALUES( 2010, 521256, 39, 43 );
INSERT INTO populacia  VALUES( 2010, 521264, 575, 617 );
INSERT INTO populacia  VALUES( 2010, 521272, 406, 415 );
INSERT INTO populacia  VALUES( 2010, 521281, 288, 296 );
INSERT INTO populacia  VALUES( 2010, 521299, 2685, 2600 );
INSERT INTO populacia  VALUES( 2010, 521302, 1003, 1038 );
INSERT INTO populacia  VALUES( 2010, 521311, 175, 192 );
INSERT INTO populacia  VALUES( 2010, 521329, 182, 191 );
INSERT INTO populacia  VALUES( 2010, 521337, 927, 955 );
INSERT INTO populacia  VALUES( 2010, 521345, 1206, 1239 );
INSERT INTO populacia  VALUES( 2010, 521353, 199, 203 );
INSERT INTO populacia  VALUES( 2010, 521361, 853, 834 );
INSERT INTO populacia  VALUES( 2010, 559873, 210, 230 );
INSERT INTO populacia  VALUES( 2010, 521370, 799, 799 );
INSERT INTO populacia  VALUES( 2010, 521388, 293, 282 );
INSERT INTO populacia  VALUES( 2010, 521396, 109, 105 );
INSERT INTO populacia  VALUES( 2010, 518123, 139, 136 );
INSERT INTO populacia  VALUES( 2010, 521400, 633, 715 );
INSERT INTO populacia  VALUES( 2010, 521418, 125, 160 );
INSERT INTO populacia  VALUES( 2010, 521426, 139, 133 );
INSERT INTO populacia  VALUES( 2010, 518107, 82, 101 );
INSERT INTO populacia  VALUES( 2010, 521442, 142, 175 );
INSERT INTO populacia  VALUES( 2010, 521469, 237, 230 );
INSERT INTO populacia  VALUES( 2010, 599310, 45, 47 );
INSERT INTO populacia  VALUES( 2010, 521477, 212, 205 );
INSERT INTO populacia  VALUES( 2010, 521485, 274, 292 );
INSERT INTO populacia  VALUES( 2010, 521493, 1552, 1601 );
INSERT INTO populacia  VALUES( 2010, 521507, 362, 345 );
INSERT INTO populacia  VALUES( 2010, 521523, 1543, 1501 );
INSERT INTO populacia  VALUES( 2010, 521540, 59, 62 );
INSERT INTO populacia  VALUES( 2010, 559687, 530, 523 );
INSERT INTO populacia  VALUES( 2010, 521558, 542, 575 );
INSERT INTO populacia  VALUES( 2010, 521566, 182, 201 );
INSERT INTO populacia  VALUES( 2010, 582514, 623, 625 );
INSERT INTO populacia  VALUES( 2010, 521574, 505, 474 );
INSERT INTO populacia  VALUES( 2010, 521582, 432, 514 );
INSERT INTO populacia  VALUES( 2010, 521591, 602, 637 );
INSERT INTO populacia  VALUES( 2010, 521604, 127, 140 );
INSERT INTO populacia  VALUES( 2010, 521612, 566, 560 );
INSERT INTO populacia  VALUES( 2010, 521639, 715, 694 );
INSERT INTO populacia  VALUES( 2010, 521655, 679, 678 );
INSERT INTO populacia  VALUES( 2010, 521663, 96, 92 );
INSERT INTO populacia  VALUES( 2010, 521671, 1979, 1993 );
INSERT INTO populacia  VALUES( 2010, 580252, 198, 182 );
INSERT INTO populacia  VALUES( 2010, 521680, 661, 710 );
INSERT INTO populacia  VALUES( 2010, 521698, 4971, 5197 );
INSERT INTO populacia  VALUES( 2010, 521701, 33, 42 );
INSERT INTO populacia  VALUES( 2010, 518140, 277, 259 );
INSERT INTO populacia  VALUES( 2010, 521728, 256, 265 );
INSERT INTO populacia  VALUES( 2010, 521736, 756, 743 );
INSERT INTO populacia  VALUES( 2010, 521744, 139, 140 );
INSERT INTO populacia  VALUES( 2010, 521752, 351, 360 );
INSERT INTO populacia  VALUES( 2010, 521761, 196, 224 );
INSERT INTO populacia  VALUES( 2010, 521795, 212, 202 );
INSERT INTO populacia  VALUES( 2010, 521787, 375, 374 );
INSERT INTO populacia  VALUES( 2010, 521809, 97, 106 );
INSERT INTO populacia  VALUES( 2010, 521817, 203, 192 );
INSERT INTO populacia  VALUES( 2010, 521825, 279, 318 );
INSERT INTO populacia  VALUES( 2010, 521833, 43, 45 );
INSERT INTO populacia  VALUES( 2010, 521841, 97, 100 );
INSERT INTO populacia  VALUES( 2010, 521850, 273, 308 );
INSERT INTO populacia  VALUES( 2010, 521868, 210, 190 );
INSERT INTO populacia  VALUES( 2010, 521876, 695, 761 );
INSERT INTO populacia  VALUES( 2010, 521884, 410, 424 );
INSERT INTO populacia  VALUES( 2010, 521892, 1348, 1420 );
INSERT INTO populacia  VALUES( 2010, 521906, 190, 156 );
INSERT INTO populacia  VALUES( 2010, 521914, 357, 348 );
INSERT INTO populacia  VALUES( 2010, 521922, 175, 169 );
INSERT INTO populacia  VALUES( 2010, 521931, 1101, 1140 );
INSERT INTO populacia  VALUES( 2010, 521949, 303, 328 );
INSERT INTO populacia  VALUES( 2010, 521957, 687, 700 );
INSERT INTO populacia  VALUES( 2010, 521965, 854, 944 );
INSERT INTO populacia  VALUES( 2010, 521973, 1105, 1024 );
INSERT INTO populacia  VALUES( 2010, 521981, 525, 588 );
INSERT INTO populacia  VALUES( 2010, 518115, 95, 120 );
INSERT INTO populacia  VALUES( 2010, 522007, 667, 698 );
INSERT INTO populacia  VALUES( 2010, 522015, 90, 113 );
INSERT INTO populacia  VALUES( 2010, 522023, 251, 243 );
INSERT INTO populacia  VALUES( 2010, 522031, 484, 552 );
INSERT INTO populacia  VALUES( 2010, 559865, 580, 616 );
INSERT INTO populacia  VALUES( 2010, 522040, 416, 456 );
INSERT INTO populacia  VALUES( 2010, 522066, 434, 356 );
INSERT INTO populacia  VALUES( 2010, 522074, 367, 380 );
INSERT INTO populacia  VALUES( 2010, 522082, 105, 88 );
INSERT INTO populacia  VALUES( 2010, 522091, 130, 133 );
INSERT INTO populacia  VALUES( 2010, 522104, 703, 758 );
INSERT INTO populacia  VALUES( 2010, 559784, 1751, 1800 );
INSERT INTO populacia  VALUES( 2010, 521779, 170, 169 );
INSERT INTO populacia  VALUES( 2010, 522121, 285, 276 );
INSERT INTO populacia  VALUES( 2010, 522139, 2053, 2053 );
INSERT INTO populacia  VALUES( 2010, 522147, 1653, 1637 );
INSERT INTO populacia  VALUES( 2010, 522155, 126, 133 );
INSERT INTO populacia  VALUES( 2010, 522163, 467, 481 );
INSERT INTO populacia  VALUES( 2010, 522171, 217, 220 );
INSERT INTO populacia  VALUES( 2010, 522180, 135, 114 );
INSERT INTO populacia  VALUES( 2010, 522198, 436, 470 );
INSERT INTO populacia  VALUES( 2010, 522201, 159, 151 );
INSERT INTO populacia  VALUES( 2010, 522210, 221, 222 );
INSERT INTO populacia  VALUES( 2010, 582093, 266, 255 );
INSERT INTO populacia  VALUES( 2010, 559881, 72, 95 );
INSERT INTO populacia  VALUES( 2010, 522244, 198, 182 );
INSERT INTO populacia  VALUES( 2010, 522252, 209, 205 );
INSERT INTO populacia  VALUES( 2010, 522261, 683, 666 );
INSERT INTO populacia  VALUES( 2010, 522287, 235, 254 );
INSERT INTO populacia  VALUES( 2010, 522295, 361, 350 );
INSERT INTO populacia  VALUES( 2010, 528137, 169, 182 );
INSERT INTO populacia  VALUES( 2010, 522368, 471, 495 );
INSERT INTO populacia  VALUES( 2010, 513857, 110, 118 );
INSERT INTO populacia  VALUES( 2010, 522376, 758, 751 );
INSERT INTO populacia  VALUES( 2010, 522392, 169, 176 );
INSERT INTO populacia  VALUES( 2010, 528277, 428, 424 );
INSERT INTO populacia  VALUES( 2010, 528307, 134, 146 );
INSERT INTO populacia  VALUES( 2010, 528331, 647, 689 );
INSERT INTO populacia  VALUES( 2010, 522406, 331, 352 );
INSERT INTO populacia  VALUES( 2010, 522414, 318, 361 );
INSERT INTO populacia  VALUES( 2010, 522431, 371, 379 );
INSERT INTO populacia  VALUES( 2010, 522449, 208, 231 );
INSERT INTO populacia  VALUES( 2010, 522465, 124, 118 );
INSERT INTO populacia  VALUES( 2010, 522481, 393, 462 );
INSERT INTO populacia  VALUES( 2010, 522511, 340, 364 );
INSERT INTO populacia  VALUES( 2010, 528391, 47, 52 );
INSERT INTO populacia  VALUES( 2010, 522546, 164, 156 );
INSERT INTO populacia  VALUES( 2010, 522562, 414, 415 );
INSERT INTO populacia  VALUES( 2010, 522571, 207, 207 );
INSERT INTO populacia  VALUES( 2010, 522589, 187, 176 );
INSERT INTO populacia  VALUES( 2010, 528404, 384, 467 );
INSERT INTO populacia  VALUES( 2010, 522597, 175, 234 );
INSERT INTO populacia  VALUES( 2010, 522651, 306, 323 );
INSERT INTO populacia  VALUES( 2010, 528463, 459, 452 );
INSERT INTO populacia  VALUES( 2010, 522686, 172, 185 );
INSERT INTO populacia  VALUES( 2010, 522694, 537, 603 );
INSERT INTO populacia  VALUES( 2010, 522708, 293, 311 );
INSERT INTO populacia  VALUES( 2010, 522724, 200, 234 );
INSERT INTO populacia  VALUES( 2010, 522732, 402, 415 );
INSERT INTO populacia  VALUES( 2010, 522741, 240, 290 );
INSERT INTO populacia  VALUES( 2010, 522759, 736, 715 );
INSERT INTO populacia  VALUES( 2010, 522767, 120, 124 );
INSERT INTO populacia  VALUES( 2010, 522783, 452, 450 );
INSERT INTO populacia  VALUES( 2010, 528579, 307, 317 );
INSERT INTO populacia  VALUES( 2010, 522279, 19012, 20310 );
INSERT INTO populacia  VALUES( 2010, 522791, 494, 549 );
INSERT INTO populacia  VALUES( 2010, 522805, 898, 877 );
INSERT INTO populacia  VALUES( 2010, 528633, 351, 354 );
INSERT INTO populacia  VALUES( 2010, 522848, 238, 258 );
INSERT INTO populacia  VALUES( 2010, 522864, 440, 477 );
INSERT INTO populacia  VALUES( 2010, 522872, 2184, 2255 );
INSERT INTO populacia  VALUES( 2010, 522881, 85, 105 );
INSERT INTO populacia  VALUES( 2010, 522902, 490, 471 );
INSERT INTO populacia  VALUES( 2010, 522945, 291, 336 );
INSERT INTO populacia  VALUES( 2010, 522961, 616, 627 );
INSERT INTO populacia  VALUES( 2010, 528692, 234, 268 );
INSERT INTO populacia  VALUES( 2010, 522988, 175, 172 );
INSERT INTO populacia  VALUES( 2010, 522996, 479, 606 );
INSERT INTO populacia  VALUES( 2010, 528714, 296, 316 );
INSERT INTO populacia  VALUES( 2010, 523054, 377, 360 );
INSERT INTO populacia  VALUES( 2010, 523062, 321, 299 );
INSERT INTO populacia  VALUES( 2010, 523071, 356, 368 );
INSERT INTO populacia  VALUES( 2010, 523097, 370, 418 );
INSERT INTO populacia  VALUES( 2010, 523101, 2262, 2302 );
INSERT INTO populacia  VALUES( 2010, 523119, 313, 332 );
INSERT INTO populacia  VALUES( 2010, 523127, 100, 95 );
INSERT INTO populacia  VALUES( 2010, 523135, 188, 215 );
INSERT INTO populacia  VALUES( 2010, 523151, 313, 304 );
INSERT INTO populacia  VALUES( 2010, 523186, 933, 1002 );
INSERT INTO populacia  VALUES( 2010, 523194, 271, 288 );
INSERT INTO populacia  VALUES( 2010, 523208, 328, 376 );
INSERT INTO populacia  VALUES( 2010, 523216, 266, 290 );
INSERT INTO populacia  VALUES( 2010, 543853, 4656, 4938 );
INSERT INTO populacia  VALUES( 2010, 543870, 168, 157 );
INSERT INTO populacia  VALUES( 2010, 543888, 309, 320 );
INSERT INTO populacia  VALUES( 2010, 523259, 813, 923 );
INSERT INTO populacia  VALUES( 2010, 543942, 444, 429 );
INSERT INTO populacia  VALUES( 2010, 523275, 119, 131 );
INSERT INTO populacia  VALUES( 2010, 523283, 468, 471 );
INSERT INTO populacia  VALUES( 2010, 523291, 357, 383 );
INSERT INTO populacia  VALUES( 2010, 523241, 547, 601 );
INSERT INTO populacia  VALUES( 2010, 523348, 214, 228 );
INSERT INTO populacia  VALUES( 2010, 523356, 261, 281 );
INSERT INTO populacia  VALUES( 2010, 523364, 456, 502 );
INSERT INTO populacia  VALUES( 2010, 522635, 197, 166 );
INSERT INTO populacia  VALUES( 2010, 523372, 479, 490 );
INSERT INTO populacia  VALUES( 2010, 525537, 86, 70 );
INSERT INTO populacia  VALUES( 2010, 525545, 480, 449 );
INSERT INTO populacia  VALUES( 2010, 525553, 151, 156 );
INSERT INTO populacia  VALUES( 2010, 525561, 239, 265 );
INSERT INTO populacia  VALUES( 2010, 525570, 32, 40 );
INSERT INTO populacia  VALUES( 2010, 514578, 175, 204 );
INSERT INTO populacia  VALUES( 2010, 560022, 632, 689 );
INSERT INTO populacia  VALUES( 2010, 525596, 311, 306 );
INSERT INTO populacia  VALUES( 2010, 525600, 240, 243 );
INSERT INTO populacia  VALUES( 2010, 560031, 341, 316 );
INSERT INTO populacia  VALUES( 2010, 525618, 145, 148 );
INSERT INTO populacia  VALUES( 2010, 525626, 278, 312 );
INSERT INTO populacia  VALUES( 2010, 525634, 2584, 2587 );
INSERT INTO populacia  VALUES( 2010, 525642, 338, 355 );
INSERT INTO populacia  VALUES( 2010, 525651, 638, 704 );
INSERT INTO populacia  VALUES( 2010, 514748, 329, 347 );
INSERT INTO populacia  VALUES( 2010, 525669, 1009, 1047 );
INSERT INTO populacia  VALUES( 2010, 525693, 128, 114 );
INSERT INTO populacia  VALUES( 2010, 525707, 182, 203 );
INSERT INTO populacia  VALUES( 2010, 525715, 23, 31 );
INSERT INTO populacia  VALUES( 2010, 525723, 224, 236 );
INSERT INTO populacia  VALUES( 2010, 525731, 199, 189 );
INSERT INTO populacia  VALUES( 2010, 525740, 569, 591 );
INSERT INTO populacia  VALUES( 2010, 525758, 165, 182 );
INSERT INTO populacia  VALUES( 2010, 525782, 394, 433 );
INSERT INTO populacia  VALUES( 2010, 560049, 367, 377 );
INSERT INTO populacia  VALUES( 2010, 525821, 180, 192 );
INSERT INTO populacia  VALUES( 2010, 525839, 221, 245 );
INSERT INTO populacia  VALUES( 2010, 525847, 123, 131 );
INSERT INTO populacia  VALUES( 2010, 525855, 32, 35 );
INSERT INTO populacia  VALUES( 2010, 525863, 334, 377 );
INSERT INTO populacia  VALUES( 2010, 525871, 1288, 1357 );
INSERT INTO populacia  VALUES( 2010, 560065, 247, 241 );
INSERT INTO populacia  VALUES( 2010, 525898, 333, 335 );
INSERT INTO populacia  VALUES( 2010, 525910, 265, 258 );
INSERT INTO populacia  VALUES( 2010, 525936, 94, 102 );
INSERT INTO populacia  VALUES( 2010, 525952, 76, 89 );
INSERT INTO populacia  VALUES( 2010, 525961, 97, 117 );
INSERT INTO populacia  VALUES( 2010, 526045, 595, 598 );
INSERT INTO populacia  VALUES( 2010, 526053, 255, 319 );
INSERT INTO populacia  VALUES( 2010, 526061, 296, 333 );
INSERT INTO populacia  VALUES( 2010, 526070, 137, 164 );
INSERT INTO populacia  VALUES( 2010, 526088, 44, 60 );
INSERT INTO populacia  VALUES( 2010, 526096, 1206, 1232 );
INSERT INTO populacia  VALUES( 2010, 526126, 281, 297 );
INSERT INTO populacia  VALUES( 2010, 526134, 365, 364 );
INSERT INTO populacia  VALUES( 2010, 526177, 153, 180 );
INSERT INTO populacia  VALUES( 2010, 526185, 263, 276 );
INSERT INTO populacia  VALUES( 2010, 526193, 97, 98 );
INSERT INTO populacia  VALUES( 2010, 525529, 8876, 10004 );
INSERT INTO populacia  VALUES( 2010, 526207, 274, 289 );
INSERT INTO populacia  VALUES( 2010, 526215, 373, 376 );
INSERT INTO populacia  VALUES( 2010, 526223, 278, 276 );
INSERT INTO populacia  VALUES( 2010, 526231, 82, 96 );
INSERT INTO populacia  VALUES( 2010, 526240, 100, 108 );
INSERT INTO populacia  VALUES( 2010, 526266, 237, 227 );
INSERT INTO populacia  VALUES( 2010, 526274, 65, 68 );
INSERT INTO populacia  VALUES( 2010, 526282, 912, 957 );
INSERT INTO populacia  VALUES( 2010, 526291, 64, 69 );
INSERT INTO populacia  VALUES( 2010, 526312, 765, 741 );
INSERT INTO populacia  VALUES( 2010, 526339, 436, 427 );
INSERT INTO populacia  VALUES( 2010, 526347, 246, 246 );
INSERT INTO populacia  VALUES( 2010, 522309, 134, 135 );
INSERT INTO populacia  VALUES( 2010, 522317, 90, 119 );
INSERT INTO populacia  VALUES( 2010, 522325, 498, 519 );
INSERT INTO populacia  VALUES( 2010, 522333, 71, 89 );
INSERT INTO populacia  VALUES( 2010, 522341, 274, 284 );
INSERT INTO populacia  VALUES( 2010, 522350, 99, 121 );
INSERT INTO populacia  VALUES( 2010, 522384, 176, 180 );
INSERT INTO populacia  VALUES( 2010, 522422, 146, 147 );
INSERT INTO populacia  VALUES( 2010, 522457, 179, 197 );
INSERT INTO populacia  VALUES( 2010, 522473, 186, 198 );
INSERT INTO populacia  VALUES( 2010, 522490, 80, 71 );
INSERT INTO populacia  VALUES( 2010, 522503, 285, 307 );
INSERT INTO populacia  VALUES( 2010, 522520, 103, 116 );
INSERT INTO populacia  VALUES( 2010, 522538, 161, 163 );
INSERT INTO populacia  VALUES( 2010, 522554, 217, 213 );
INSERT INTO populacia  VALUES( 2010, 522601, 91, 86 );
INSERT INTO populacia  VALUES( 2010, 522627, 192, 183 );
INSERT INTO populacia  VALUES( 2010, 522643, 280, 240 );
INSERT INTO populacia  VALUES( 2010, 522660, 199, 233 );
INSERT INTO populacia  VALUES( 2010, 522678, 159, 157 );
INSERT INTO populacia  VALUES( 2010, 522716, 471, 518 );
INSERT INTO populacia  VALUES( 2010, 522813, 203, 224 );
INSERT INTO populacia  VALUES( 2010, 522821, 158, 170 );
INSERT INTO populacia  VALUES( 2010, 522830, 129, 132 );
INSERT INTO populacia  VALUES( 2010, 522856, 128, 141 );
INSERT INTO populacia  VALUES( 2010, 522899, 99, 127 );
INSERT INTO populacia  VALUES( 2010, 522911, 83, 94 );
INSERT INTO populacia  VALUES( 2010, 522929, 186, 219 );
INSERT INTO populacia  VALUES( 2010, 522937, 108, 106 );
INSERT INTO populacia  VALUES( 2010, 522953, 216, 245 );
INSERT INTO populacia  VALUES( 2010, 522970, 141, 133 );
INSERT INTO populacia  VALUES( 2010, 523003, 330, 302 );
INSERT INTO populacia  VALUES( 2010, 523011, 59, 60 );
INSERT INTO populacia  VALUES( 2010, 523020, 142, 127 );
INSERT INTO populacia  VALUES( 2010, 523038, 163, 174 );
INSERT INTO populacia  VALUES( 2010, 523046, 103, 84 );
INSERT INTO populacia  VALUES( 2010, 523089, 3043, 3169 );
INSERT INTO populacia  VALUES( 2010, 523143, 50, 61 );
INSERT INTO populacia  VALUES( 2010, 523160, 92, 103 );
INSERT INTO populacia  VALUES( 2010, 523178, 249, 268 );
INSERT INTO populacia  VALUES( 2010, 523224, 341, 365 );
INSERT INTO populacia  VALUES( 2010, 523232, 268, 270 );
INSERT INTO populacia  VALUES( 2010, 523267, 123, 116 );
INSERT INTO populacia  VALUES( 2010, 523305, 200, 187 );
INSERT INTO populacia  VALUES( 2010, 523313, 126, 126 );
INSERT INTO populacia  VALUES( 2010, 523321, 212, 207 );
INSERT INTO populacia  VALUES( 2010, 523330, 323, 361 );
INSERT INTO populacia  VALUES( 2010, 526363, 367, 344 );
INSERT INTO populacia  VALUES( 2010, 526398, 330, 339 );
INSERT INTO populacia  VALUES( 2010, 526436, 1576, 1603 );
INSERT INTO populacia  VALUES( 2010, 526444, 267, 255 );
INSERT INTO populacia  VALUES( 2010, 526533, 896, 942 );
INSERT INTO populacia  VALUES( 2010, 526568, 115, 107 );
INSERT INTO populacia  VALUES( 2010, 526576, 284, 262 );
INSERT INTO populacia  VALUES( 2010, 526584, 223, 234 );
INSERT INTO populacia  VALUES( 2010, 526592, 1148, 1240 );
INSERT INTO populacia  VALUES( 2010, 543152, 450, 392 );
INSERT INTO populacia  VALUES( 2010, 543161, 497, 496 );
INSERT INTO populacia  VALUES( 2010, 543195, 564, 560 );
INSERT INTO populacia  VALUES( 2010, 543209, 218, 209 );
INSERT INTO populacia  VALUES( 2010, 543250, 280, 293 );
INSERT INTO populacia  VALUES( 2010, 543268, 4346, 4603 );
INSERT INTO populacia  VALUES( 2010, 543284, 1075, 1080 );
INSERT INTO populacia  VALUES( 2010, 543306, 148, 146 );
INSERT INTO populacia  VALUES( 2010, 543331, 1977, 1991 );
INSERT INTO populacia  VALUES( 2010, 543349, 243, 262 );
INSERT INTO populacia  VALUES( 2010, 543357, 272, 295 );
INSERT INTO populacia  VALUES( 2010, 543403, 472, 468 );
INSERT INTO populacia  VALUES( 2010, 543411, 494, 514 );
INSERT INTO populacia  VALUES( 2010, 543438, 93, 104 );
INSERT INTO populacia  VALUES( 2010, 543489, 502, 513 );
INSERT INTO populacia  VALUES( 2010, 543519, 1912, 1980 );
INSERT INTO populacia  VALUES( 2010, 543527, 158, 163 );
INSERT INTO populacia  VALUES( 2010, 543535, 948, 963 );
INSERT INTO populacia  VALUES( 2010, 560154, 4403, 4388 );
INSERT INTO populacia  VALUES( 2010, 526355, 18565, 19322 );
INSERT INTO populacia  VALUES( 2010, 543586, 877, 860 );
INSERT INTO populacia  VALUES( 2010, 543594, 1807, 1840 );
INSERT INTO populacia  VALUES( 2010, 543616, 607, 653 );
INSERT INTO populacia  VALUES( 2010, 543667, 575, 586 );
INSERT INTO populacia  VALUES( 2010, 543713, 290, 276 );
INSERT INTO populacia  VALUES( 2010, 543721, 209, 231 );
INSERT INTO populacia  VALUES( 2010, 526657, 1100, 982 );
INSERT INTO populacia  VALUES( 2010, 528102, 299, 352 );
INSERT INTO populacia  VALUES( 2010, 528111, 304, 321 );
INSERT INTO populacia  VALUES( 2010, 528129, 166, 170 );
INSERT INTO populacia  VALUES( 2010, 528145, 713, 751 );
INSERT INTO populacia  VALUES( 2010, 528161, 343, 351 );
INSERT INTO populacia  VALUES( 2010, 528170, 601, 634 );
INSERT INTO populacia  VALUES( 2010, 528188, 665, 640 );
INSERT INTO populacia  VALUES( 2010, 528200, 317, 313 );
INSERT INTO populacia  VALUES( 2010, 528218, 360, 353 );
INSERT INTO populacia  VALUES( 2010, 528226, 69, 92 );
INSERT INTO populacia  VALUES( 2010, 528234, 560, 619 );
INSERT INTO populacia  VALUES( 2010, 528242, 252, 286 );
INSERT INTO populacia  VALUES( 2010, 528251, 405, 426 );
INSERT INTO populacia  VALUES( 2010, 528269, 86, 129 );
INSERT INTO populacia  VALUES( 2010, 528285, 195, 225 );
INSERT INTO populacia  VALUES( 2010, 528293, 1941, 2024 );
INSERT INTO populacia  VALUES( 2010, 528315, 273, 308 );
INSERT INTO populacia  VALUES( 2010, 528323, 229, 223 );
INSERT INTO populacia  VALUES( 2010, 528340, 283, 319 );
INSERT INTO populacia  VALUES( 2010, 528358, 220, 236 );
INSERT INTO populacia  VALUES( 2010, 528366, 795, 852 );
INSERT INTO populacia  VALUES( 2010, 528374, 423, 441 );
INSERT INTO populacia  VALUES( 2010, 528382, 227, 227 );
INSERT INTO populacia  VALUES( 2010, 528412, 130, 147 );
INSERT INTO populacia  VALUES( 2010, 528421, 426, 425 );
INSERT INTO populacia  VALUES( 2010, 513831, 111, 103 );
INSERT INTO populacia  VALUES( 2010, 528439, 109, 106 );
INSERT INTO populacia  VALUES( 2010, 528447, 3773, 4091 );
INSERT INTO populacia  VALUES( 2010, 528455, 151, 168 );
INSERT INTO populacia  VALUES( 2010, 528471, 820, 883 );
INSERT INTO populacia  VALUES( 2010, 528480, 188, 199 );
INSERT INTO populacia  VALUES( 2010, 528498, 162, 177 );
INSERT INTO populacia  VALUES( 2010, 528501, 547, 528 );
INSERT INTO populacia  VALUES( 2010, 528510, 864, 941 );
INSERT INTO populacia  VALUES( 2010, 528528, 136, 151 );
INSERT INTO populacia  VALUES( 2010, 513792, 207, 208 );
INSERT INTO populacia  VALUES( 2010, 528536, 258, 262 );
INSERT INTO populacia  VALUES( 2010, 528544, 580, 622 );
INSERT INTO populacia  VALUES( 2010, 528552, 544, 572 );
INSERT INTO populacia  VALUES( 2010, 528561, 202, 239 );
INSERT INTO populacia  VALUES( 2010, 528587, 883, 916 );
INSERT INTO populacia  VALUES( 2010, 528609, 689, 706 );
INSERT INTO populacia  VALUES( 2010, 528617, 487, 518 );
INSERT INTO populacia  VALUES( 2010, 528625, 302, 326 );
INSERT INTO populacia  VALUES( 2010, 528676, 953, 988 );
INSERT INTO populacia  VALUES( 2010, 528641, 377, 405 );
INSERT INTO populacia  VALUES( 2010, 528668, 269, 270 );
INSERT INTO populacia  VALUES( 2010, 528684, 483, 534 );
INSERT INTO populacia  VALUES( 2010, 528706, 269, 287 );
INSERT INTO populacia  VALUES( 2010, 528722, 4077, 4227 );
INSERT INTO populacia  VALUES( 2010, 543730, 289, 324 );
INSERT INTO populacia  VALUES( 2010, 543748, 379, 398 );
INSERT INTO populacia  VALUES( 2010, 543756, 520, 559 );
INSERT INTO populacia  VALUES( 2010, 543764, 105, 132 );
INSERT INTO populacia  VALUES( 2010, 543772, 783, 852 );
INSERT INTO populacia  VALUES( 2010, 513849, 210, 224 );
INSERT INTO populacia  VALUES( 2010, 543781, 76, 97 );
INSERT INTO populacia  VALUES( 2010, 543799, 329, 338 );
INSERT INTO populacia  VALUES( 2010, 543802, 1088, 1248 );
INSERT INTO populacia  VALUES( 2010, 528153, 301, 281 );
INSERT INTO populacia  VALUES( 2010, 528650, 393, 455 );
INSERT INTO populacia  VALUES( 2010, 543811, 129, 100 );
INSERT INTO populacia  VALUES( 2010, 528099, 11415, 12106 );
INSERT INTO populacia  VALUES( 2010, 543829, 83, 94 );
INSERT INTO populacia  VALUES( 2010, 543845, 405, 429 );
INSERT INTO populacia  VALUES( 2010, 513806, 213, 233 );
INSERT INTO populacia  VALUES( 2010, 543861, 365, 384 );
INSERT INTO populacia  VALUES( 2010, 543896, 714, 739 );
INSERT INTO populacia  VALUES( 2010, 543900, 489, 481 );
INSERT INTO populacia  VALUES( 2010, 543918, 378, 425 );
INSERT INTO populacia  VALUES( 2010, 543926, 246, 282 );
INSERT INTO populacia  VALUES( 2010, 543934, 126, 127 );
INSERT INTO populacia  VALUES( 2010, 543951, 1054, 1116 );
INSERT INTO populacia  VALUES( 2010, 543969, 283, 263 );
INSERT INTO populacia  VALUES( 2010, 543977, 402, 428 );
INSERT INTO populacia  VALUES( 2010, 543985, 158, 154 );
INSERT INTO populacia  VALUES( 2010, 543993, 199, 197 );
INSERT INTO populacia  VALUES( 2010, 544001, 455, 484 );
INSERT INTO populacia  VALUES( 2010, 544019, 760, 815 );
INSERT INTO populacia  VALUES( 2010, 544027, 517, 573 );
INSERT INTO populacia  VALUES( 2010, 544035, 337, 332 );
INSERT INTO populacia  VALUES( 2010, 544043, 231, 246 );
INSERT INTO populacia  VALUES( 2009, 528595, 19177, 21651 );
INSERT INTO populacia  VALUES( 2009, 529311, 10058, 11149 );
INSERT INTO populacia  VALUES( 2009, 529320, 32470, 39332 );
INSERT INTO populacia  VALUES( 2009, 529338, 9435, 10431 );
INSERT INTO populacia  VALUES( 2009, 529346, 17274, 20504 );
INSERT INTO populacia  VALUES( 2009, 529354, 9652, 10896 );
INSERT INTO populacia  VALUES( 2009, 529362, 2542, 2515 );
INSERT INTO populacia  VALUES( 2009, 529401, 558, 541 );
INSERT INTO populacia  VALUES( 2009, 529371, 7913, 8240 );
INSERT INTO populacia  VALUES( 2009, 529389, 16282, 18443 );
INSERT INTO populacia  VALUES( 2009, 529397, 16175, 18335 );
INSERT INTO populacia  VALUES( 2009, 529419, 3063, 3659 );
INSERT INTO populacia  VALUES( 2009, 529427, 1557, 1637 );
INSERT INTO populacia  VALUES( 2009, 529435, 518, 452 );
INSERT INTO populacia  VALUES( 2009, 529443, 675, 713 );
INSERT INTO populacia  VALUES( 2009, 529460, 53793, 58752 );
INSERT INTO populacia  VALUES( 2009, 529494, 1315, 1354 );
INSERT INTO populacia  VALUES( 2009, 507831, 295, 302 );
INSERT INTO populacia  VALUES( 2009, 507890, 1417, 1519 );
INSERT INTO populacia  VALUES( 2009, 507954, 547, 589 );
INSERT INTO populacia  VALUES( 2009, 507962, 759, 751 );
INSERT INTO populacia  VALUES( 2009, 508012, 578, 572 );
INSERT INTO populacia  VALUES( 2009, 508021, 853, 844 );
INSERT INTO populacia  VALUES( 2009, 508039, 698, 727 );
INSERT INTO populacia  VALUES( 2009, 508055, 1486, 1478 );
INSERT INTO populacia  VALUES( 2009, 508063, 8863, 9234 );
INSERT INTO populacia  VALUES( 2009, 504556, 578, 573 );
INSERT INTO populacia  VALUES( 2009, 508080, 623, 654 );
INSERT INTO populacia  VALUES( 2009, 508161, 395, 437 );
INSERT INTO populacia  VALUES( 2009, 504629, 342, 366 );
INSERT INTO populacia  VALUES( 2009, 504637, 355, 359 );
INSERT INTO populacia  VALUES( 2009, 508195, 1163, 1222 );
INSERT INTO populacia  VALUES( 2009, 504769, 1778, 1781 );
INSERT INTO populacia  VALUES( 2009, 504858, 773, 777 );
INSERT INTO populacia  VALUES( 2009, 504874, 807, 846 );
INSERT INTO populacia  VALUES( 2009, 508233, 4472, 4861 );
INSERT INTO populacia  VALUES( 2009, 508241, 325, 314 );
INSERT INTO populacia  VALUES( 2009, 504947, 1803, 1875 );
INSERT INTO populacia  VALUES( 2009, 508349, 1085, 1066 );
INSERT INTO populacia  VALUES( 2009, 500267, 104, 86 );
INSERT INTO populacia  VALUES( 2009, 508365, 864, 903 );
INSERT INTO populacia  VALUES( 2009, 504980, 1374, 1390 );
INSERT INTO populacia  VALUES( 2009, 508381, 1626, 1709 );
INSERT INTO populacia  VALUES( 2009, 507806, 873, 899 );
INSERT INTO populacia  VALUES( 2009, 507849, 1128, 1130 );
INSERT INTO populacia  VALUES( 2009, 507857, 1050, 1133 );
INSERT INTO populacia  VALUES( 2009, 507873, 507, 530 );
INSERT INTO populacia  VALUES( 2009, 507881, 434, 473 );
INSERT INTO populacia  VALUES( 2009, 507946, 462, 452 );
INSERT INTO populacia  VALUES( 2009, 508047, 810, 878 );
INSERT INTO populacia  VALUES( 2009, 508101, 4343, 4614 );
INSERT INTO populacia  VALUES( 2009, 508179, 10583, 11485 );
INSERT INTO populacia  VALUES( 2009, 508187, 155, 151 );
INSERT INTO populacia  VALUES( 2009, 508225, 1004, 1055 );
INSERT INTO populacia  VALUES( 2009, 507989, 2475, 2692 );
INSERT INTO populacia  VALUES( 2009, 508250, 2260, 2319 );
INSERT INTO populacia  VALUES( 2009, 508268, 161, 160 );
INSERT INTO populacia  VALUES( 2009, 508306, 966, 1006 );
INSERT INTO populacia  VALUES( 2009, 508314, 588, 622 );
INSERT INTO populacia  VALUES( 2009, 508322, 676, 693 );
INSERT INTO populacia  VALUES( 2009, 507814, 2571, 2763 );
INSERT INTO populacia  VALUES( 2009, 507822, 771, 858 );
INSERT INTO populacia  VALUES( 2009, 503681, 216, 213 );
INSERT INTO populacia  VALUES( 2009, 507865, 527, 560 );
INSERT INTO populacia  VALUES( 2009, 545333, 2047, 2175 );
INSERT INTO populacia  VALUES( 2009, 507903, 669, 687 );
INSERT INTO populacia  VALUES( 2009, 503797, 211, 216 );
INSERT INTO populacia  VALUES( 2009, 503801, 355, 373 );
INSERT INTO populacia  VALUES( 2009, 503819, 133, 156 );
INSERT INTO populacia  VALUES( 2009, 507911, 1564, 1598 );
INSERT INTO populacia  VALUES( 2009, 555487, 273, 286 );
INSERT INTO populacia  VALUES( 2009, 507938, 2878, 3119 );
INSERT INTO populacia  VALUES( 2009, 507997, 567, 574 );
INSERT INTO populacia  VALUES( 2009, 555495, 364, 357 );
INSERT INTO populacia  VALUES( 2009, 503851, 243, 261 );
INSERT INTO populacia  VALUES( 2009, 503894, 777, 805 );
INSERT INTO populacia  VALUES( 2009, 508071, 798, 852 );
INSERT INTO populacia  VALUES( 2009, 508098, 802, 868 );
INSERT INTO populacia  VALUES( 2009, 508110, 954, 1019 );
INSERT INTO populacia  VALUES( 2009, 508136, 961, 984 );
INSERT INTO populacia  VALUES( 2009, 582549, 30, 29 );
INSERT INTO populacia  VALUES( 2009, 503983, 663, 690 );
INSERT INTO populacia  VALUES( 2009, 508209, 990, 1049 );
INSERT INTO populacia  VALUES( 2009, 508217, 7928, 8425 );
INSERT INTO populacia  VALUES( 2009, 508276, 1118, 1190 );
INSERT INTO populacia  VALUES( 2009, 508284, 494, 500 );
INSERT INTO populacia  VALUES( 2009, 508292, 1117, 1197 );
INSERT INTO populacia  VALUES( 2009, 508331, 213, 227 );
INSERT INTO populacia  VALUES( 2009, 555509, 681, 734 );
INSERT INTO populacia  VALUES( 2009, 501441, 235, 309 );
INSERT INTO populacia  VALUES( 2009, 501450, 548, 583 );
INSERT INTO populacia  VALUES( 2009, 501468, 355, 397 );
INSERT INTO populacia  VALUES( 2009, 555517, 111, 88 );
INSERT INTO populacia  VALUES( 2009, 501484, 196, 175 );
INSERT INTO populacia  VALUES( 2009, 501492, 433, 450 );
INSERT INTO populacia  VALUES( 2009, 503461, 129, 151 );
INSERT INTO populacia  VALUES( 2009, 501506, 179, 173 );
INSERT INTO populacia  VALUES( 2009, 501514, 283, 306 );
INSERT INTO populacia  VALUES( 2009, 580554, 554, 552 );
INSERT INTO populacia  VALUES( 2009, 501531, 621, 639 );
INSERT INTO populacia  VALUES( 2009, 501549, 194, 210 );
INSERT INTO populacia  VALUES( 2009, 501557, 301, 323 );
INSERT INTO populacia  VALUES( 2009, 501611, 991, 961 );
INSERT INTO populacia  VALUES( 2009, 501433, 11122, 12311 );
INSERT INTO populacia  VALUES( 2009, 555541, 245, 243 );
INSERT INTO populacia  VALUES( 2009, 501573, 2615, 2605 );
INSERT INTO populacia  VALUES( 2009, 501581, 909, 1007 );
INSERT INTO populacia  VALUES( 2009, 501590, 926, 965 );
INSERT INTO populacia  VALUES( 2009, 555568, 474, 491 );
INSERT INTO populacia  VALUES( 2009, 501603, 676, 575 );
INSERT INTO populacia  VALUES( 2009, 501620, 274, 285 );
INSERT INTO populacia  VALUES( 2009, 501638, 265, 260 );
INSERT INTO populacia  VALUES( 2009, 501654, 766, 774 );
INSERT INTO populacia  VALUES( 2009, 501662, 424, 427 );
INSERT INTO populacia  VALUES( 2009, 501671, 235, 243 );
INSERT INTO populacia  VALUES( 2009, 501689, 181, 182 );
INSERT INTO populacia  VALUES( 2009, 501697, 648, 649 );
INSERT INTO populacia  VALUES( 2009, 501701, 526, 528 );
INSERT INTO populacia  VALUES( 2009, 501719, 630, 614 );
INSERT INTO populacia  VALUES( 2009, 501727, 476, 471 );
INSERT INTO populacia  VALUES( 2009, 580597, 81, 68 );
INSERT INTO populacia  VALUES( 2009, 501735, 1235, 1347 );
INSERT INTO populacia  VALUES( 2009, 501743, 384, 411 );
INSERT INTO populacia  VALUES( 2009, 555606, 108, 111 );
INSERT INTO populacia  VALUES( 2009, 555649, 248, 258 );
INSERT INTO populacia  VALUES( 2009, 555665, 495, 537 );
INSERT INTO populacia  VALUES( 2009, 501760, 244, 342 );
INSERT INTO populacia  VALUES( 2009, 501778, 226, 216 );
INSERT INTO populacia  VALUES( 2009, 501786, 452, 446 );
INSERT INTO populacia  VALUES( 2009, 501930, 318, 315 );
INSERT INTO populacia  VALUES( 2009, 501808, 1102, 1137 );
INSERT INTO populacia  VALUES( 2009, 501816, 591, 590 );
INSERT INTO populacia  VALUES( 2009, 501824, 1902, 1913 );
INSERT INTO populacia  VALUES( 2009, 501832, 173, 209 );
INSERT INTO populacia  VALUES( 2009, 501859, 842, 909 );
INSERT INTO populacia  VALUES( 2009, 501867, 460, 429 );
INSERT INTO populacia  VALUES( 2009, 501883, 433, 437 );
INSERT INTO populacia  VALUES( 2009, 582522, 141, 128 );
INSERT INTO populacia  VALUES( 2009, 555720, 425, 448 );
INSERT INTO populacia  VALUES( 2009, 501891, 559, 601 );
INSERT INTO populacia  VALUES( 2009, 501875, 261, 282 );
INSERT INTO populacia  VALUES( 2009, 501905, 6238, 6739 );
INSERT INTO populacia  VALUES( 2009, 501913, 847, 913 );
INSERT INTO populacia  VALUES( 2009, 501921, 1512, 1551 );
INSERT INTO populacia  VALUES( 2009, 555576, 1077, 1160 );
INSERT INTO populacia  VALUES( 2009, 501956, 211, 238 );
INSERT INTO populacia  VALUES( 2009, 501964, 268, 298 );
INSERT INTO populacia  VALUES( 2009, 501972, 396, 447 );
INSERT INTO populacia  VALUES( 2009, 501981, 735, 710 );
INSERT INTO populacia  VALUES( 2009, 555673, 499, 488 );
INSERT INTO populacia  VALUES( 2009, 501522, 4236, 4612 );
INSERT INTO populacia  VALUES( 2009, 555746, 218, 212 );
INSERT INTO populacia  VALUES( 2009, 501999, 237, 235 );
INSERT INTO populacia  VALUES( 2009, 502006, 1329, 1285 );
INSERT INTO populacia  VALUES( 2009, 502014, 732, 773 );
INSERT INTO populacia  VALUES( 2009, 502022, 1725, 1842 );
INSERT INTO populacia  VALUES( 2009, 503673, 535, 552 );
INSERT INTO populacia  VALUES( 2009, 503690, 710, 728 );
INSERT INTO populacia  VALUES( 2009, 503703, 800, 792 );
INSERT INTO populacia  VALUES( 2009, 555789, 696, 714 );
INSERT INTO populacia  VALUES( 2009, 503746, 991, 1009 );
INSERT INTO populacia  VALUES( 2009, 503754, 140, 155 );
INSERT INTO populacia  VALUES( 2009, 503665, 7900, 8291 );
INSERT INTO populacia  VALUES( 2009, 503762, 374, 333 );
INSERT INTO populacia  VALUES( 2009, 503771, 1595, 1676 );
INSERT INTO populacia  VALUES( 2009, 503789, 253, 258 );
INSERT INTO populacia  VALUES( 2009, 503827, 212, 245 );
INSERT INTO populacia  VALUES( 2009, 503835, 1988, 1984 );
INSERT INTO populacia  VALUES( 2009, 503843, 750, 752 );
INSERT INTO populacia  VALUES( 2009, 503860, 736, 765 );
INSERT INTO populacia  VALUES( 2009, 503878, 554, 581 );
INSERT INTO populacia  VALUES( 2009, 582638, 299, 304 );
INSERT INTO populacia  VALUES( 2009, 555754, 976, 1010 );
INSERT INTO populacia  VALUES( 2009, 503924, 819, 836 );
INSERT INTO populacia  VALUES( 2009, 503959, 1488, 1616 );
INSERT INTO populacia  VALUES( 2009, 503967, 319, 298 );
INSERT INTO populacia  VALUES( 2009, 503975, 792, 895 );
INSERT INTO populacia  VALUES( 2009, 504009, 8229, 8695 );
INSERT INTO populacia  VALUES( 2009, 504017, 2724, 2987 );
INSERT INTO populacia  VALUES( 2009, 504033, 225, 241 );
INSERT INTO populacia  VALUES( 2009, 504041, 888, 933 );
INSERT INTO populacia  VALUES( 2009, 504050, 2093, 2087 );
INSERT INTO populacia  VALUES( 2009, 504076, 817, 827 );
INSERT INTO populacia  VALUES( 2009, 504084, 430, 410 );
INSERT INTO populacia  VALUES( 2009, 504106, 1884, 1952 );
INSERT INTO populacia  VALUES( 2009, 504114, 998, 1098 );
INSERT INTO populacia  VALUES( 2009, 504122, 1303, 1384 );
INSERT INTO populacia  VALUES( 2009, 504131, 2164, 2295 );
INSERT INTO populacia  VALUES( 2009, 504149, 629, 665 );
INSERT INTO populacia  VALUES( 2009, 504157, 779, 812 );
INSERT INTO populacia  VALUES( 2009, 504173, 561, 560 );
INSERT INTO populacia  VALUES( 2009, 504181, 447, 424 );
INSERT INTO populacia  VALUES( 2009, 506800, 692, 703 );
INSERT INTO populacia  VALUES( 2009, 506885, 783, 799 );
INSERT INTO populacia  VALUES( 2009, 506958, 164, 185 );
INSERT INTO populacia  VALUES( 2009, 506966, 328, 289 );
INSERT INTO populacia  VALUES( 2009, 556521, 264, 303 );
INSERT INTO populacia  VALUES( 2009, 507024, 1034, 1061 );
INSERT INTO populacia  VALUES( 2009, 507032, 10879, 11503 );
INSERT INTO populacia  VALUES( 2009, 507075, 461, 429 );
INSERT INTO populacia  VALUES( 2009, 556602, 272, 283 );
INSERT INTO populacia  VALUES( 2009, 556530, 333, 328 );
INSERT INTO populacia  VALUES( 2009, 507130, 247, 233 );
INSERT INTO populacia  VALUES( 2009, 507172, 482, 488 );
INSERT INTO populacia  VALUES( 2009, 507202, 308, 343 );
INSERT INTO populacia  VALUES( 2009, 507253, 2017, 2091 );
INSERT INTO populacia  VALUES( 2009, 507288, 1044, 1086 );
INSERT INTO populacia  VALUES( 2009, 507326, 209, 213 );
INSERT INTO populacia  VALUES( 2009, 507415, 524, 478 );
INSERT INTO populacia  VALUES( 2009, 518620, 151, 141 );
INSERT INTO populacia  VALUES( 2009, 507521, 438, 431 );
INSERT INTO populacia  VALUES( 2009, 507539, 325, 348 );
INSERT INTO populacia  VALUES( 2009, 556611, 76, 80 );
INSERT INTO populacia  VALUES( 2009, 556645, 132, 147 );
INSERT INTO populacia  VALUES( 2009, 507661, 734, 739 );
INSERT INTO populacia  VALUES( 2009, 507792, 317, 324 );
INSERT INTO populacia  VALUES( 2009, 581399, 1098, 1064 );
INSERT INTO populacia  VALUES( 2009, 558354, 177, 170 );
INSERT INTO populacia  VALUES( 2009, 506834, 479, 509 );
INSERT INTO populacia  VALUES( 2009, 506982, 460, 495 );
INSERT INTO populacia  VALUES( 2009, 506991, 1309, 1303 );
INSERT INTO populacia  VALUES( 2009, 507008, 487, 494 );
INSERT INTO populacia  VALUES( 2009, 558338, 188, 191 );
INSERT INTO populacia  VALUES( 2009, 556581, 241, 240 );
INSERT INTO populacia  VALUES( 2009, 507121, 1310, 1297 );
INSERT INTO populacia  VALUES( 2009, 507199, 255, 263 );
INSERT INTO populacia  VALUES( 2009, 507229, 693, 693 );
INSERT INTO populacia  VALUES( 2009, 507342, 1071, 1113 );
INSERT INTO populacia  VALUES( 2009, 507369, 261, 264 );
INSERT INTO populacia  VALUES( 2009, 507385, 594, 589 );
INSERT INTO populacia  VALUES( 2009, 507431, 255, 265 );
INSERT INTO populacia  VALUES( 2009, 507440, 13786, 15611 );
INSERT INTO populacia  VALUES( 2009, 507466, 416, 430 );
INSERT INTO populacia  VALUES( 2009, 507482, 269, 274 );
INSERT INTO populacia  VALUES( 2009, 507491, 501, 521 );
INSERT INTO populacia  VALUES( 2009, 507563, 606, 632 );
INSERT INTO populacia  VALUES( 2009, 558397, 157, 176 );
INSERT INTO populacia  VALUES( 2009, 556548, 250, 269 );
INSERT INTO populacia  VALUES( 2009, 507679, 609, 645 );
INSERT INTO populacia  VALUES( 2009, 507709, 1375, 1376 );
INSERT INTO populacia  VALUES( 2009, 556572, 547, 533 );
INSERT INTO populacia  VALUES( 2009, 507725, 578, 623 );
INSERT INTO populacia  VALUES( 2009, 507750, 2950, 3304 );
INSERT INTO populacia  VALUES( 2009, 504211, 96, 105 );
INSERT INTO populacia  VALUES( 2009, 504238, 1922, 1990 );
INSERT INTO populacia  VALUES( 2009, 504220, 742, 862 );
INSERT INTO populacia  VALUES( 2009, 504297, 554, 660 );
INSERT INTO populacia  VALUES( 2009, 504319, 624, 619 );
INSERT INTO populacia  VALUES( 2009, 504327, 295, 328 );
INSERT INTO populacia  VALUES( 2009, 504335, 636, 631 );
INSERT INTO populacia  VALUES( 2009, 504360, 464, 480 );
INSERT INTO populacia  VALUES( 2009, 504386, 348, 351 );
INSERT INTO populacia  VALUES( 2009, 504416, 1128, 1194 );
INSERT INTO populacia  VALUES( 2009, 504475, 373, 349 );
INSERT INTO populacia  VALUES( 2009, 504491, 391, 424 );
INSERT INTO populacia  VALUES( 2009, 504513, 2108, 2097 );
INSERT INTO populacia  VALUES( 2009, 504521, 548, 532 );
INSERT INTO populacia  VALUES( 2009, 504572, 1085, 1074 );
INSERT INTO populacia  VALUES( 2009, 504602, 288, 315 );
INSERT INTO populacia  VALUES( 2009, 504645, 318, 321 );
INSERT INTO populacia  VALUES( 2009, 504653, 295, 311 );
INSERT INTO populacia  VALUES( 2009, 504700, 365, 366 );
INSERT INTO populacia  VALUES( 2009, 504726, 488, 469 );
INSERT INTO populacia  VALUES( 2009, 556122, 150, 245 );
INSERT INTO populacia  VALUES( 2009, 504777, 206, 202 );
INSERT INTO populacia  VALUES( 2009, 556131, 230, 221 );
INSERT INTO populacia  VALUES( 2009, 556114, 837, 861 );
INSERT INTO populacia  VALUES( 2009, 504203, 10088, 10654 );
INSERT INTO populacia  VALUES( 2009, 504823, 467, 512 );
INSERT INTO populacia  VALUES( 2009, 504831, 362, 366 );
INSERT INTO populacia  VALUES( 2009, 504840, 729, 774 );
INSERT INTO populacia  VALUES( 2009, 504882, 532, 562 );
INSERT INTO populacia  VALUES( 2009, 504891, 2529, 2570 );
INSERT INTO populacia  VALUES( 2009, 504904, 822, 833 );
INSERT INTO populacia  VALUES( 2009, 504271, 1195, 1252 );
INSERT INTO populacia  VALUES( 2009, 504343, 325, 331 );
INSERT INTO populacia  VALUES( 2009, 504351, 2556, 2636 );
INSERT INTO populacia  VALUES( 2009, 504378, 5699, 6029 );
INSERT INTO populacia  VALUES( 2009, 504394, 180, 185 );
INSERT INTO populacia  VALUES( 2009, 504432, 300, 298 );
INSERT INTO populacia  VALUES( 2009, 504459, 1309, 1264 );
INSERT INTO populacia  VALUES( 2009, 504483, 81, 74 );
INSERT INTO populacia  VALUES( 2009, 504530, 264, 261 );
INSERT INTO populacia  VALUES( 2009, 504548, 150, 157 );
INSERT INTO populacia  VALUES( 2009, 504564, 340, 341 );
INSERT INTO populacia  VALUES( 2009, 504599, 169, 187 );
INSERT INTO populacia  VALUES( 2009, 504611, 533, 538 );
INSERT INTO populacia  VALUES( 2009, 504670, 449, 475 );
INSERT INTO populacia  VALUES( 2009, 504718, 250, 262 );
INSERT INTO populacia  VALUES( 2009, 504734, 296, 282 );
INSERT INTO populacia  VALUES( 2009, 504742, 904, 954 );
INSERT INTO populacia  VALUES( 2009, 504815, 7292, 7713 );
INSERT INTO populacia  VALUES( 2009, 504912, 155, 152 );
INSERT INTO populacia  VALUES( 2009, 504939, 604, 609 );
INSERT INTO populacia  VALUES( 2009, 504963, 364, 352 );
INSERT INTO populacia  VALUES( 2009, 580473, 706, 699 );
INSERT INTO populacia  VALUES( 2009, 506788, 331, 336 );
INSERT INTO populacia  VALUES( 2009, 506796, 560, 579 );
INSERT INTO populacia  VALUES( 2009, 506818, 1041, 1088 );
INSERT INTO populacia  VALUES( 2009, 506826, 187, 195 );
INSERT INTO populacia  VALUES( 2009, 506842, 1106, 1174 );
INSERT INTO populacia  VALUES( 2009, 506851, 1075, 1169 );
INSERT INTO populacia  VALUES( 2009, 506869, 331, 333 );
INSERT INTO populacia  VALUES( 2009, 506877, 1888, 2053 );
INSERT INTO populacia  VALUES( 2009, 506893, 896, 952 );
INSERT INTO populacia  VALUES( 2009, 556599, 176, 196 );
INSERT INTO populacia  VALUES( 2009, 506915, 403, 439 );
INSERT INTO populacia  VALUES( 2009, 506923, 1113, 1126 );
INSERT INTO populacia  VALUES( 2009, 506931, 303, 322 );
INSERT INTO populacia  VALUES( 2009, 556661, 364, 374 );
INSERT INTO populacia  VALUES( 2009, 506940, 620, 663 );
INSERT INTO populacia  VALUES( 2009, 507041, 243, 257 );
INSERT INTO populacia  VALUES( 2009, 507059, 176, 202 );
INSERT INTO populacia  VALUES( 2009, 507067, 935, 950 );
INSERT INTO populacia  VALUES( 2009, 581020, 1051, 1090 );
INSERT INTO populacia  VALUES( 2009, 507156, 978, 959 );
INSERT INTO populacia  VALUES( 2009, 507164, 602, 546 );
INSERT INTO populacia  VALUES( 2009, 507211, 381, 362 );
INSERT INTO populacia  VALUES( 2009, 556483, 879, 954 );
INSERT INTO populacia  VALUES( 2009, 556688, 271, 268 );
INSERT INTO populacia  VALUES( 2009, 507296, 916, 951 );
INSERT INTO populacia  VALUES( 2009, 507318, 650, 700 );
INSERT INTO populacia  VALUES( 2009, 507351, 226, 229 );
INSERT INTO populacia  VALUES( 2009, 556491, 456, 421 );
INSERT INTO populacia  VALUES( 2009, 556556, 249, 266 );
INSERT INTO populacia  VALUES( 2009, 556653, 199, 212 );
INSERT INTO populacia  VALUES( 2009, 507512, 705, 763 );
INSERT INTO populacia  VALUES( 2009, 556564, 226, 198 );
INSERT INTO populacia  VALUES( 2009, 507555, 1646, 1696 );
INSERT INTO populacia  VALUES( 2009, 507571, 882, 957 );
INSERT INTO populacia  VALUES( 2009, 556670, 366, 384 );
INSERT INTO populacia  VALUES( 2009, 507601, 1085, 1119 );
INSERT INTO populacia  VALUES( 2009, 507636, 1086, 1142 );
INSERT INTO populacia  VALUES( 2009, 506745, 32756, 34849 );
INSERT INTO populacia  VALUES( 2009, 507687, 637, 693 );
INSERT INTO populacia  VALUES( 2009, 556513, 599, 627 );
INSERT INTO populacia  VALUES( 2009, 507741, 691, 672 );
INSERT INTO populacia  VALUES( 2009, 507768, 1284, 1043 );
INSERT INTO populacia  VALUES( 2009, 507776, 1186, 1257 );
INSERT INTO populacia  VALUES( 2009, 581488, 359, 362 );
INSERT INTO populacia  VALUES( 2009, 542652, 9950, 10403 );
INSERT INTO populacia  VALUES( 2009, 556793, 118, 117 );
INSERT INTO populacia  VALUES( 2009, 542741, 226, 268 );
INSERT INTO populacia  VALUES( 2009, 542776, 45, 44 );
INSERT INTO populacia  VALUES( 2009, 542806, 58, 62 );
INSERT INTO populacia  VALUES( 2009, 542822, 321, 328 );
INSERT INTO populacia  VALUES( 2009, 542849, 200, 226 );
INSERT INTO populacia  VALUES( 2009, 542857, 44, 46 );
INSERT INTO populacia  VALUES( 2009, 542873, 226, 215 );
INSERT INTO populacia  VALUES( 2009, 542890, 175, 167 );
INSERT INTO populacia  VALUES( 2009, 542920, 180, 230 );
INSERT INTO populacia  VALUES( 2009, 556408, 106, 106 );
INSERT INTO populacia  VALUES( 2009, 543080, 254, 273 );
INSERT INTO populacia  VALUES( 2009, 543136, 261, 254 );
INSERT INTO populacia  VALUES( 2009, 556360, 72, 79 );
INSERT INTO populacia  VALUES( 2009, 505056, 63, 66 );
INSERT INTO populacia  VALUES( 2009, 505072, 181, 189 );
INSERT INTO populacia  VALUES( 2009, 505102, 231, 219 );
INSERT INTO populacia  VALUES( 2009, 505153, 135, 133 );
INSERT INTO populacia  VALUES( 2009, 505200, 210, 217 );
INSERT INTO populacia  VALUES( 2009, 505277, 19, 17 );
INSERT INTO populacia  VALUES( 2009, 556289, 204, 212 );
INSERT INTO populacia  VALUES( 2009, 505331, 213, 231 );
INSERT INTO populacia  VALUES( 2009, 505358, 410, 412 );
INSERT INTO populacia  VALUES( 2009, 556742, 130, 122 );
INSERT INTO populacia  VALUES( 2009, 505382, 140, 154 );
INSERT INTO populacia  VALUES( 2009, 505412, 253, 283 );
INSERT INTO populacia  VALUES( 2009, 505447, 248, 276 );
INSERT INTO populacia  VALUES( 2009, 505455, 757, 761 );
INSERT INTO populacia  VALUES( 2009, 505471, 231, 236 );
INSERT INTO populacia  VALUES( 2009, 505480, 100, 105 );
INSERT INTO populacia  VALUES( 2009, 505544, 75, 73 );
INSERT INTO populacia  VALUES( 2009, 505552, 242, 235 );
INSERT INTO populacia  VALUES( 2009, 505579, 247, 260 );
INSERT INTO populacia  VALUES( 2009, 505595, 20, 17 );
INSERT INTO populacia  VALUES( 2009, 505625, 750, 783 );
INSERT INTO populacia  VALUES( 2009, 505633, 19, 18 );
INSERT INTO populacia  VALUES( 2009, 545651, 315, 332 );
INSERT INTO populacia  VALUES( 2009, 505684, 281, 275 );
INSERT INTO populacia  VALUES( 2009, 505692, 231, 244 );
INSERT INTO populacia  VALUES( 2009, 505765, 64, 64 );
INSERT INTO populacia  VALUES( 2009, 505790, 327, 354 );
INSERT INTO populacia  VALUES( 2009, 505811, 225, 230 );
INSERT INTO populacia  VALUES( 2009, 582301, 374, 392 );
INSERT INTO populacia  VALUES( 2009, 512885, 776, 753 );
INSERT INTO populacia  VALUES( 2009, 557391, 192, 191 );
INSERT INTO populacia  VALUES( 2009, 512931, 361, 372 );
INSERT INTO populacia  VALUES( 2009, 513016, 12277, 12726 );
INSERT INTO populacia  VALUES( 2009, 513024, 484, 432 );
INSERT INTO populacia  VALUES( 2009, 513091, 546, 531 );
INSERT INTO populacia  VALUES( 2009, 513156, 2700, 2839 );
INSERT INTO populacia  VALUES( 2009, 557404, 235, 235 );
INSERT INTO populacia  VALUES( 2009, 513253, 1223, 1299 );
INSERT INTO populacia  VALUES( 2009, 513351, 506, 541 );
INSERT INTO populacia  VALUES( 2009, 557617, 133, 133 );
INSERT INTO populacia  VALUES( 2009, 513296, 1281, 1360 );
INSERT INTO populacia  VALUES( 2009, 513385, 505, 510 );
INSERT INTO populacia  VALUES( 2009, 513440, 5755, 6026 );
INSERT INTO populacia  VALUES( 2009, 513598, 1081, 1072 );
INSERT INTO populacia  VALUES( 2009, 557412, 209, 222 );
INSERT INTO populacia  VALUES( 2009, 557421, 303, 521 );
INSERT INTO populacia  VALUES( 2009, 513725, 391, 391 );
INSERT INTO populacia  VALUES( 2009, 557625, 121, 122 );
INSERT INTO populacia  VALUES( 2009, 513865, 279, 303 );
INSERT INTO populacia  VALUES( 2009, 504254, 485, 455 );
INSERT INTO populacia  VALUES( 2009, 504262, 2602, 2754 );
INSERT INTO populacia  VALUES( 2009, 504289, 200, 223 );
INSERT INTO populacia  VALUES( 2009, 506079, 230, 252 );
INSERT INTO populacia  VALUES( 2009, 504408, 173, 199 );
INSERT INTO populacia  VALUES( 2009, 504424, 241, 240 );
INSERT INTO populacia  VALUES( 2009, 506141, 311, 302 );
INSERT INTO populacia  VALUES( 2009, 504467, 219, 214 );
INSERT INTO populacia  VALUES( 2009, 506150, 786, 815 );
INSERT INTO populacia  VALUES( 2009, 504581, 6041, 6444 );
INSERT INTO populacia  VALUES( 2009, 506419, 112, 135 );
INSERT INTO populacia  VALUES( 2009, 504661, 190, 189 );
INSERT INTO populacia  VALUES( 2009, 504688, 330, 347 );
INSERT INTO populacia  VALUES( 2009, 504696, 193, 178 );
INSERT INTO populacia  VALUES( 2009, 504793, 386, 398 );
INSERT INTO populacia  VALUES( 2009, 504866, 353, 376 );
INSERT INTO populacia  VALUES( 2009, 504971, 724, 781 );
INSERT INTO populacia  VALUES( 2009, 505846, 615, 722 );
INSERT INTO populacia  VALUES( 2009, 505871, 678, 689 );
INSERT INTO populacia  VALUES( 2009, 505889, 257, 297 );
INSERT INTO populacia  VALUES( 2009, 505897, 1005, 1067 );
INSERT INTO populacia  VALUES( 2009, 505901, 1886, 1921 );
INSERT INTO populacia  VALUES( 2009, 505919, 515, 563 );
INSERT INTO populacia  VALUES( 2009, 505951, 459, 516 );
INSERT INTO populacia  VALUES( 2009, 556424, 34, 33 );
INSERT INTO populacia  VALUES( 2009, 506001, 603, 654 );
INSERT INTO populacia  VALUES( 2009, 505994, 346, 351 );
INSERT INTO populacia  VALUES( 2009, 506052, 321, 318 );
INSERT INTO populacia  VALUES( 2009, 506061, 364, 364 );
INSERT INTO populacia  VALUES( 2009, 506109, 522, 492 );
INSERT INTO populacia  VALUES( 2009, 506125, 719, 738 );
INSERT INTO populacia  VALUES( 2009, 506184, 717, 731 );
INSERT INTO populacia  VALUES( 2009, 506206, 295, 320 );
INSERT INTO populacia  VALUES( 2009, 506249, 248, 279 );
INSERT INTO populacia  VALUES( 2009, 506257, 98, 115 );
INSERT INTO populacia  VALUES( 2009, 506265, 1249, 1282 );
INSERT INTO populacia  VALUES( 2009, 506303, 587, 575 );
INSERT INTO populacia  VALUES( 2009, 506311, 93, 108 );
INSERT INTO populacia  VALUES( 2009, 556459, 262, 290 );
INSERT INTO populacia  VALUES( 2009, 506338, 9780, 10478 );
INSERT INTO populacia  VALUES( 2009, 506346, 241, 218 );
INSERT INTO populacia  VALUES( 2009, 506401, 590, 618 );
INSERT INTO populacia  VALUES( 2009, 506427, 972, 1043 );
INSERT INTO populacia  VALUES( 2009, 506435, 298, 309 );
INSERT INTO populacia  VALUES( 2009, 506443, 654, 666 );
INSERT INTO populacia  VALUES( 2009, 506516, 118, 123 );
INSERT INTO populacia  VALUES( 2009, 506524, 4677, 5042 );
INSERT INTO populacia  VALUES( 2009, 506583, 463, 456 );
INSERT INTO populacia  VALUES( 2009, 506630, 362, 370 );
INSERT INTO populacia  VALUES( 2009, 506672, 86, 84 );
INSERT INTO populacia  VALUES( 2009, 556441, 339, 421 );
INSERT INTO populacia  VALUES( 2009, 542733, 2043, 2198 );
INSERT INTO populacia  VALUES( 2009, 580449, 420, 406 );
INSERT INTO populacia  VALUES( 2009, 542962, 536, 499 );
INSERT INTO populacia  VALUES( 2009, 543004, 1376, 1388 );
INSERT INTO populacia  VALUES( 2009, 556416, 272, 250 );
INSERT INTO populacia  VALUES( 2009, 543047, 812, 774 );
INSERT INTO populacia  VALUES( 2009, 543055, 423, 430 );
INSERT INTO populacia  VALUES( 2009, 556246, 233, 255 );
INSERT INTO populacia  VALUES( 2009, 556173, 51, 59 );
INSERT INTO populacia  VALUES( 2009, 556190, 124, 119 );
INSERT INTO populacia  VALUES( 2009, 505129, 245, 246 );
INSERT INTO populacia  VALUES( 2009, 580953, 347, 373 );
INSERT INTO populacia  VALUES( 2009, 505170, 312, 307 );
INSERT INTO populacia  VALUES( 2009, 505196, 323, 313 );
INSERT INTO populacia  VALUES( 2009, 505307, 418, 444 );
INSERT INTO populacia  VALUES( 2009, 505315, 11609, 12521 );
INSERT INTO populacia  VALUES( 2009, 505323, 208, 199 );
INSERT INTO populacia  VALUES( 2009, 505463, 628, 656 );
INSERT INTO populacia  VALUES( 2009, 556271, 78, 73 );
INSERT INTO populacia  VALUES( 2009, 505706, 317, 317 );
INSERT INTO populacia  VALUES( 2009, 505722, 991, 1001 );
INSERT INTO populacia  VALUES( 2009, 505731, 441, 464 );
INSERT INTO populacia  VALUES( 2009, 505803, 850, 845 );
INSERT INTO populacia  VALUES( 2009, 557633, 241, 240 );
INSERT INTO populacia  VALUES( 2009, 512915, 590, 571 );
INSERT INTO populacia  VALUES( 2009, 557561, 71, 72 );
INSERT INTO populacia  VALUES( 2009, 512966, 688, 730 );
INSERT INTO populacia  VALUES( 2009, 546640, 469, 355 );
INSERT INTO populacia  VALUES( 2009, 513008, 758, 732 );
INSERT INTO populacia  VALUES( 2009, 557609, 72, 77 );
INSERT INTO populacia  VALUES( 2009, 557510, 275, 301 );
INSERT INTO populacia  VALUES( 2009, 513083, 331, 340 );
INSERT INTO populacia  VALUES( 2009, 580856, 191, 186 );
INSERT INTO populacia  VALUES( 2009, 513172, 533, 540 );
INSERT INTO populacia  VALUES( 2009, 557552, 178, 177 );
INSERT INTO populacia  VALUES( 2009, 513245, 123, 125 );
INSERT INTO populacia  VALUES( 2009, 557579, 252, 254 );
INSERT INTO populacia  VALUES( 2009, 513466, 1288, 1270 );
INSERT INTO populacia  VALUES( 2009, 513474, 780, 832 );
INSERT INTO populacia  VALUES( 2009, 558222, 73, 68 );
INSERT INTO populacia  VALUES( 2009, 580864, 65, 61 );
INSERT INTO populacia  VALUES( 2009, 512842, 20198, 21499 );
INSERT INTO populacia  VALUES( 2009, 513563, 712, 686 );
INSERT INTO populacia  VALUES( 2009, 513601, 957, 989 );
INSERT INTO populacia  VALUES( 2009, 557595, 75, 83 );
INSERT INTO populacia  VALUES( 2009, 557480, 235, 252 );
INSERT INTO populacia  VALUES( 2009, 513687, 340, 338 );
INSERT INTO populacia  VALUES( 2009, 518913, 584, 525 );
INSERT INTO populacia  VALUES( 2009, 513741, 1071, 1105 );
INSERT INTO populacia  VALUES( 2009, 513784, 131, 116 );
INSERT INTO populacia  VALUES( 2009, 513822, 98, 79 );
INSERT INTO populacia  VALUES( 2009, 513903, 2354, 2566 );
INSERT INTO populacia  VALUES( 2009, 513911, 890, 930 );
INSERT INTO populacia  VALUES( 2009, 513920, 563, 579 );
INSERT INTO populacia  VALUES( 2009, 513938, 285, 248 );
INSERT INTO populacia  VALUES( 2009, 513946, 885, 870 );
INSERT INTO populacia  VALUES( 2009, 513954, 902, 866 );
INSERT INTO populacia  VALUES( 2009, 513962, 865, 921 );
INSERT INTO populacia  VALUES( 2009, 513971, 86, 100 );
INSERT INTO populacia  VALUES( 2009, 513989, 1345, 1291 );
INSERT INTO populacia  VALUES( 2009, 513997, 8746, 8908 );
INSERT INTO populacia  VALUES( 2009, 514004, 1036, 536 );
INSERT INTO populacia  VALUES( 2009, 514012, 303, 318 );
INSERT INTO populacia  VALUES( 2009, 514021, 681, 685 );
INSERT INTO populacia  VALUES( 2009, 514039, 125, 119 );
INSERT INTO populacia  VALUES( 2009, 557714, 292, 291 );
INSERT INTO populacia  VALUES( 2009, 514063, 894, 926 );
INSERT INTO populacia  VALUES( 2009, 514071, 2025, 2109 );
INSERT INTO populacia  VALUES( 2009, 514080, 557, 553 );
INSERT INTO populacia  VALUES( 2009, 514098, 210, 221 );
INSERT INTO populacia  VALUES( 2009, 514101, 230, 250 );
INSERT INTO populacia  VALUES( 2009, 514110, 578, 548 );
INSERT INTO populacia  VALUES( 2009, 514128, 787, 834 );
INSERT INTO populacia  VALUES( 2009, 514136, 1963, 1953 );
INSERT INTO populacia  VALUES( 2009, 514144, 611, 616 );
INSERT INTO populacia  VALUES( 2009, 557706, 229, 240 );
INSERT INTO populacia  VALUES( 2009, 514179, 341, 320 );
INSERT INTO populacia  VALUES( 2009, 514187, 448, 440 );
INSERT INTO populacia  VALUES( 2009, 514209, 1033, 1046 );
INSERT INTO populacia  VALUES( 2009, 514217, 136, 152 );
INSERT INTO populacia  VALUES( 2009, 514225, 1555, 1688 );
INSERT INTO populacia  VALUES( 2009, 514233, 982, 999 );
INSERT INTO populacia  VALUES( 2009, 514241, 595, 628 );
INSERT INTO populacia  VALUES( 2009, 514250, 621, 618 );
INSERT INTO populacia  VALUES( 2009, 514268, 2169, 2249 );
INSERT INTO populacia  VALUES( 2009, 514284, 724, 724 );
INSERT INTO populacia  VALUES( 2009, 514292, 1196, 1201 );
INSERT INTO populacia  VALUES( 2009, 514306, 157, 173 );
INSERT INTO populacia  VALUES( 2009, 514314, 291, 284 );
INSERT INTO populacia  VALUES( 2009, 514322, 640, 648 );
INSERT INTO populacia  VALUES( 2009, 514331, 641, 620 );
INSERT INTO populacia  VALUES( 2009, 513881, 24639, 25712 );
INSERT INTO populacia  VALUES( 2009, 514349, 275, 268 );
INSERT INTO populacia  VALUES( 2009, 514357, 615, 658 );
INSERT INTO populacia  VALUES( 2009, 514365, 372, 367 );
INSERT INTO populacia  VALUES( 2009, 514373, 867, 875 );
INSERT INTO populacia  VALUES( 2009, 514381, 176, 209 );
INSERT INTO populacia  VALUES( 2009, 514390, 209, 220 );
INSERT INTO populacia  VALUES( 2009, 514403, 131, 137 );
INSERT INTO populacia  VALUES( 2009, 514411, 624, 613 );
INSERT INTO populacia  VALUES( 2009, 514420, 1122, 1116 );
INSERT INTO populacia  VALUES( 2009, 514438, 227, 227 );
INSERT INTO populacia  VALUES( 2009, 514454, 834, 895 );
INSERT INTO populacia  VALUES( 2009, 512851, 2929, 3125 );
INSERT INTO populacia  VALUES( 2009, 512940, 902, 865 );
INSERT INTO populacia  VALUES( 2009, 512958, 405, 427 );
INSERT INTO populacia  VALUES( 2009, 557439, 577, 644 );
INSERT INTO populacia  VALUES( 2009, 557692, 223, 239 );
INSERT INTO populacia  VALUES( 2009, 513121, 415, 431 );
INSERT INTO populacia  VALUES( 2009, 557501, 329, 327 );
INSERT INTO populacia  VALUES( 2009, 513300, 661, 688 );
INSERT INTO populacia  VALUES( 2009, 513318, 494, 517 );
INSERT INTO populacia  VALUES( 2009, 513326, 2048, 2096 );
INSERT INTO populacia  VALUES( 2009, 513334, 477, 483 );
INSERT INTO populacia  VALUES( 2009, 513342, 1065, 1080 );
INSERT INTO populacia  VALUES( 2009, 513377, 250, 252 );
INSERT INTO populacia  VALUES( 2009, 513407, 250, 287 );
INSERT INTO populacia  VALUES( 2009, 557447, 360, 345 );
INSERT INTO populacia  VALUES( 2009, 513610, 9005, 9534 );
INSERT INTO populacia  VALUES( 2009, 557471, 438, 437 );
INSERT INTO populacia  VALUES( 2009, 513776, 455, 468 );
INSERT INTO populacia  VALUES( 2009, 557498, 169, 179 );
INSERT INTO populacia  VALUES( 2009, 513814, 349, 344 );
INSERT INTO populacia  VALUES( 2009, 500348, 456, 453 );
INSERT INTO populacia  VALUES( 2009, 505838, 405, 430 );
INSERT INTO populacia  VALUES( 2009, 505854, 367, 385 );
INSERT INTO populacia  VALUES( 2009, 505935, 426, 410 );
INSERT INTO populacia  VALUES( 2009, 505943, 1465, 1463 );
INSERT INTO populacia  VALUES( 2009, 505960, 1135, 1081 );
INSERT INTO populacia  VALUES( 2009, 505978, 460, 466 );
INSERT INTO populacia  VALUES( 2009, 506010, 1713, 1699 );
INSERT INTO populacia  VALUES( 2009, 506028, 195, 222 );
INSERT INTO populacia  VALUES( 2009, 506036, 1406, 1460 );
INSERT INTO populacia  VALUES( 2009, 506044, 219, 225 );
INSERT INTO populacia  VALUES( 2009, 506087, 890, 842 );
INSERT INTO populacia  VALUES( 2009, 506095, 447, 478 );
INSERT INTO populacia  VALUES( 2009, 506133, 316, 348 );
INSERT INTO populacia  VALUES( 2009, 506168, 167, 151 );
INSERT INTO populacia  VALUES( 2009, 545686, 763, 821 );
INSERT INTO populacia  VALUES( 2009, 506231, 617, 583 );
INSERT INTO populacia  VALUES( 2009, 506273, 407, 398 );
INSERT INTO populacia  VALUES( 2009, 506281, 3134, 3187 );
INSERT INTO populacia  VALUES( 2009, 506290, 381, 392 );
INSERT INTO populacia  VALUES( 2009, 506354, 970, 1010 );
INSERT INTO populacia  VALUES( 2009, 506371, 212, 203 );
INSERT INTO populacia  VALUES( 2009, 581348, 95, 82 );
INSERT INTO populacia  VALUES( 2009, 506478, 503, 504 );
INSERT INTO populacia  VALUES( 2009, 546682, 548, 600 );
INSERT INTO populacia  VALUES( 2009, 506508, 1046, 1056 );
INSERT INTO populacia  VALUES( 2009, 506532, 774, 806 );
INSERT INTO populacia  VALUES( 2009, 506541, 175, 191 );
INSERT INTO populacia  VALUES( 2009, 506559, 1973, 2022 );
INSERT INTO populacia  VALUES( 2009, 506567, 1539, 1539 );
INSERT INTO populacia  VALUES( 2009, 506591, 628, 585 );
INSERT INTO populacia  VALUES( 2009, 506605, 392, 393 );
INSERT INTO populacia  VALUES( 2009, 545741, 1554, 1596 );
INSERT INTO populacia  VALUES( 2009, 506613, 1947, 2193 );
INSERT INTO populacia  VALUES( 2009, 505820, 27159, 29355 );
INSERT INTO populacia  VALUES( 2009, 506648, 329, 357 );
INSERT INTO populacia  VALUES( 2009, 506656, 321, 310 );
INSERT INTO populacia  VALUES( 2009, 556475, 408, 424 );
INSERT INTO populacia  VALUES( 2009, 501034, 607, 630 );
INSERT INTO populacia  VALUES( 2009, 501395, 1709, 1803 );
INSERT INTO populacia  VALUES( 2009, 501042, 188, 179 );
INSERT INTO populacia  VALUES( 2009, 555819, 89, 116 );
INSERT INTO populacia  VALUES( 2009, 501069, 234, 250 );
INSERT INTO populacia  VALUES( 2009, 501077, 541, 612 );
INSERT INTO populacia  VALUES( 2009, 501085, 559, 633 );
INSERT INTO populacia  VALUES( 2009, 501093, 660, 640 );
INSERT INTO populacia  VALUES( 2009, 501107, 230, 253 );
INSERT INTO populacia  VALUES( 2009, 501123, 904, 941 );
INSERT INTO populacia  VALUES( 2009, 580911, 240, 227 );
INSERT INTO populacia  VALUES( 2009, 501140, 3931, 4201 );
INSERT INTO populacia  VALUES( 2009, 501158, 695, 730 );
INSERT INTO populacia  VALUES( 2009, 501166, 990, 1088 );
INSERT INTO populacia  VALUES( 2009, 501174, 805, 876 );
INSERT INTO populacia  VALUES( 2009, 501182, 963, 1006 );
INSERT INTO populacia  VALUES( 2009, 501191, 291, 251 );
INSERT INTO populacia  VALUES( 2009, 501204, 5328, 5446 );
INSERT INTO populacia  VALUES( 2009, 501026, 17003, 18766 );
INSERT INTO populacia  VALUES( 2009, 501212, 354, 398 );
INSERT INTO populacia  VALUES( 2009, 501221, 85, 87 );
INSERT INTO populacia  VALUES( 2009, 501239, 1913, 1974 );
INSERT INTO populacia  VALUES( 2009, 501247, 352, 372 );
INSERT INTO populacia  VALUES( 2009, 501255, 555, 595 );
INSERT INTO populacia  VALUES( 2009, 501263, 727, 745 );
INSERT INTO populacia  VALUES( 2009, 501271, 69, 48 );
INSERT INTO populacia  VALUES( 2009, 501280, 2481, 2563 );
INSERT INTO populacia  VALUES( 2009, 501301, 754, 740 );
INSERT INTO populacia  VALUES( 2009, 501310, 200, 209 );
INSERT INTO populacia  VALUES( 2009, 501328, 1479, 1530 );
INSERT INTO populacia  VALUES( 2009, 501336, 359, 386 );
INSERT INTO populacia  VALUES( 2009, 501344, 609, 648 );
INSERT INTO populacia  VALUES( 2009, 501115, 1338, 1400 );
INSERT INTO populacia  VALUES( 2009, 501352, 240, 233 );
INSERT INTO populacia  VALUES( 2009, 501361, 394, 406 );
INSERT INTO populacia  VALUES( 2009, 501379, 393, 342 );
INSERT INTO populacia  VALUES( 2009, 501387, 519, 535 );
INSERT INTO populacia  VALUES( 2009, 555827, 148, 160 );
INSERT INTO populacia  VALUES( 2009, 501409, 286, 301 );
INSERT INTO populacia  VALUES( 2009, 501417, 1290, 1288 );
INSERT INTO populacia  VALUES( 2009, 501425, 1253, 1263 );
INSERT INTO populacia  VALUES( 2009, 502049, 175, 160 );
INSERT INTO populacia  VALUES( 2009, 502057, 535, 575 );
INSERT INTO populacia  VALUES( 2009, 502065, 305, 327 );
INSERT INTO populacia  VALUES( 2009, 502073, 114, 126 );
INSERT INTO populacia  VALUES( 2009, 580937, 71, 79 );
INSERT INTO populacia  VALUES( 2009, 502090, 138, 162 );
INSERT INTO populacia  VALUES( 2009, 502103, 145, 163 );
INSERT INTO populacia  VALUES( 2009, 502111, 497, 524 );
INSERT INTO populacia  VALUES( 2009, 502120, 397, 450 );
INSERT INTO populacia  VALUES( 2009, 555843, 540, 568 );
INSERT INTO populacia  VALUES( 2009, 502154, 500, 523 );
INSERT INTO populacia  VALUES( 2009, 502162, 203, 196 );
INSERT INTO populacia  VALUES( 2009, 502171, 220, 220 );
INSERT INTO populacia  VALUES( 2009, 502189, 267, 282 );
INSERT INTO populacia  VALUES( 2009, 502197, 465, 512 );
INSERT INTO populacia  VALUES( 2009, 502201, 128, 125 );
INSERT INTO populacia  VALUES( 2009, 502219, 199, 199 );
INSERT INTO populacia  VALUES( 2009, 502227, 679, 729 );
INSERT INTO populacia  VALUES( 2009, 502243, 265, 288 );
INSERT INTO populacia  VALUES( 2009, 502251, 272, 297 );
INSERT INTO populacia  VALUES( 2009, 545350, 157, 176 );
INSERT INTO populacia  VALUES( 2009, 502260, 257, 299 );
INSERT INTO populacia  VALUES( 2009, 502278, 288, 336 );
INSERT INTO populacia  VALUES( 2009, 502286, 289, 306 );
INSERT INTO populacia  VALUES( 2009, 502294, 141, 150 );
INSERT INTO populacia  VALUES( 2009, 581895, 142, 168 );
INSERT INTO populacia  VALUES( 2009, 502324, 768, 790 );
INSERT INTO populacia  VALUES( 2009, 502332, 718, 768 );
INSERT INTO populacia  VALUES( 2009, 502341, 341, 358 );
INSERT INTO populacia  VALUES( 2009, 502359, 103, 101 );
INSERT INTO populacia  VALUES( 2009, 502367, 142, 169 );
INSERT INTO populacia  VALUES( 2009, 502375, 421, 452 );
INSERT INTO populacia  VALUES( 2009, 502383, 103, 97 );
INSERT INTO populacia  VALUES( 2009, 556777, 25, 28 );
INSERT INTO populacia  VALUES( 2009, 502391, 456, 482 );
INSERT INTO populacia  VALUES( 2009, 502413, 1009, 1090 );
INSERT INTO populacia  VALUES( 2009, 502472, 304, 376 );
INSERT INTO populacia  VALUES( 2009, 502421, 972, 1052 );
INSERT INTO populacia  VALUES( 2009, 502430, 404, 350 );
INSERT INTO populacia  VALUES( 2009, 502448, 143, 156 );
INSERT INTO populacia  VALUES( 2009, 502456, 295, 340 );
INSERT INTO populacia  VALUES( 2009, 502464, 272, 268 );
INSERT INTO populacia  VALUES( 2009, 502031, 16767, 18450 );
INSERT INTO populacia  VALUES( 2009, 502481, 498, 518 );
INSERT INTO populacia  VALUES( 2009, 502499, 370, 337 );
INSERT INTO populacia  VALUES( 2009, 502502, 87, 103 );
INSERT INTO populacia  VALUES( 2009, 502511, 259, 261 );
INSERT INTO populacia  VALUES( 2009, 581135, 185, 225 );
INSERT INTO populacia  VALUES( 2009, 502537, 89, 99 );
INSERT INTO populacia  VALUES( 2009, 502570, 469, 490 );
INSERT INTO populacia  VALUES( 2009, 502588, 729, 820 );
INSERT INTO populacia  VALUES( 2009, 502596, 422, 426 );
INSERT INTO populacia  VALUES( 2009, 502600, 280, 291 );
INSERT INTO populacia  VALUES( 2009, 502618, 251, 234 );
INSERT INTO populacia  VALUES( 2009, 502626, 273, 275 );
INSERT INTO populacia  VALUES( 2009, 502634, 64, 56 );
INSERT INTO populacia  VALUES( 2009, 502642, 772, 882 );
INSERT INTO populacia  VALUES( 2009, 502651, 467, 474 );
INSERT INTO populacia  VALUES( 2009, 502669, 371, 361 );
INSERT INTO populacia  VALUES( 2009, 502677, 647, 701 );
INSERT INTO populacia  VALUES( 2009, 502693, 969, 1056 );
INSERT INTO populacia  VALUES( 2009, 502707, 672, 714 );
INSERT INTO populacia  VALUES( 2009, 502715, 375, 411 );
INSERT INTO populacia  VALUES( 2009, 502723, 242, 250 );
INSERT INTO populacia  VALUES( 2009, 502731, 322, 326 );
INSERT INTO populacia  VALUES( 2009, 502740, 179, 178 );
INSERT INTO populacia  VALUES( 2009, 502758, 93, 95 );
INSERT INTO populacia  VALUES( 2009, 502766, 699, 747 );
INSERT INTO populacia  VALUES( 2009, 502782, 3739, 4167 );
INSERT INTO populacia  VALUES( 2009, 502791, 203, 198 );
INSERT INTO populacia  VALUES( 2009, 502804, 802, 838 );
INSERT INTO populacia  VALUES( 2009, 502812, 271, 255 );
INSERT INTO populacia  VALUES( 2009, 502821, 1486, 1535 );
INSERT INTO populacia  VALUES( 2009, 502847, 163, 187 );
INSERT INTO populacia  VALUES( 2009, 502863, 1956, 2060 );
INSERT INTO populacia  VALUES( 2009, 502871, 298, 316 );
INSERT INTO populacia  VALUES( 2009, 502880, 124, 117 );
INSERT INTO populacia  VALUES( 2009, 502898, 109, 101 );
INSERT INTO populacia  VALUES( 2009, 581160, 355, 373 );
INSERT INTO populacia  VALUES( 2009, 502910, 776, 847 );
INSERT INTO populacia  VALUES( 2009, 502928, 401, 397 );
INSERT INTO populacia  VALUES( 2009, 502936, 594, 682 );
INSERT INTO populacia  VALUES( 2009, 502944, 335, 325 );
INSERT INTO populacia  VALUES( 2009, 502952, 87, 100 );
INSERT INTO populacia  VALUES( 2009, 502961, 79, 77 );
INSERT INTO populacia  VALUES( 2009, 502979, 250, 274 );
INSERT INTO populacia  VALUES( 2009, 502987, 3537, 3917 );
INSERT INTO populacia  VALUES( 2009, 502995, 594, 664 );
INSERT INTO populacia  VALUES( 2009, 503002, 73, 90 );
INSERT INTO populacia  VALUES( 2009, 500020, 820, 882 );
INSERT INTO populacia  VALUES( 2009, 500046, 528, 519 );
INSERT INTO populacia  VALUES( 2009, 581623, 330, 339 );
INSERT INTO populacia  VALUES( 2009, 582697, 163, 156 );
INSERT INTO populacia  VALUES( 2009, 500071, 1066, 1103 );
INSERT INTO populacia  VALUES( 2009, 545589, 1886, 1964 );
INSERT INTO populacia  VALUES( 2009, 582387, 368, 406 );
INSERT INTO populacia  VALUES( 2009, 500101, 545, 559 );
INSERT INTO populacia  VALUES( 2009, 555886, 501, 549 );
INSERT INTO populacia  VALUES( 2009, 500135, 426, 425 );
INSERT INTO populacia  VALUES( 2009, 500160, 315, 311 );
INSERT INTO populacia  VALUES( 2009, 582425, 278, 266 );
INSERT INTO populacia  VALUES( 2009, 500194, 580, 594 );
INSERT INTO populacia  VALUES( 2009, 500232, 630, 670 );
INSERT INTO populacia  VALUES( 2009, 545635, 421, 478 );
INSERT INTO populacia  VALUES( 2009, 555959, 183, 185 );
INSERT INTO populacia  VALUES( 2009, 500313, 237, 268 );
INSERT INTO populacia  VALUES( 2009, 558320, 1178, 1290 );
INSERT INTO populacia  VALUES( 2009, 500356, 908, 951 );
INSERT INTO populacia  VALUES( 2009, 500372, 988, 1029 );
INSERT INTO populacia  VALUES( 2009, 500381, 490, 507 );
INSERT INTO populacia  VALUES( 2009, 500399, 107, 97 );
INSERT INTO populacia  VALUES( 2009, 500402, 676, 621 );
INSERT INTO populacia  VALUES( 2009, 500411, 723, 783 );
INSERT INTO populacia  VALUES( 2009, 500453, 959, 979 );
INSERT INTO populacia  VALUES( 2009, 500470, 442, 479 );
INSERT INTO populacia  VALUES( 2009, 581097, 102, 140 );
INSERT INTO populacia  VALUES( 2009, 500488, 566, 591 );
INSERT INTO populacia  VALUES( 2009, 580899, 1341, 1417 );
INSERT INTO populacia  VALUES( 2009, 556785, 204, 187 );
INSERT INTO populacia  VALUES( 2009, 500534, 119, 144 );
INSERT INTO populacia  VALUES( 2009, 555908, 194, 191 );
INSERT INTO populacia  VALUES( 2009, 555851, 240, 273 );
INSERT INTO populacia  VALUES( 2009, 500569, 222, 235 );
INSERT INTO populacia  VALUES( 2009, 500577, 1371, 1431 );
INSERT INTO populacia  VALUES( 2009, 500011, 40147, 43545 );
INSERT INTO populacia  VALUES( 2009, 556696, 945, 1010 );
INSERT INTO populacia  VALUES( 2009, 500631, 618, 671 );
INSERT INTO populacia  VALUES( 2009, 500640, 636, 684 );
INSERT INTO populacia  VALUES( 2009, 500666, 148, 178 );
INSERT INTO populacia  VALUES( 2009, 500674, 557, 553 );
INSERT INTO populacia  VALUES( 2009, 500682, 543, 542 );
INSERT INTO populacia  VALUES( 2009, 500691, 300, 321 );
INSERT INTO populacia  VALUES( 2009, 500704, 1026, 1113 );
INSERT INTO populacia  VALUES( 2009, 500712, 391, 425 );
INSERT INTO populacia  VALUES( 2009, 555991, 647, 706 );
INSERT INTO populacia  VALUES( 2009, 581691, 150, 149 );
INSERT INTO populacia  VALUES( 2009, 582719, 340, 351 );
INSERT INTO populacia  VALUES( 2009, 500780, 291, 310 );
INSERT INTO populacia  VALUES( 2009, 500798, 137, 149 );
INSERT INTO populacia  VALUES( 2009, 555967, 184, 192 );
INSERT INTO populacia  VALUES( 2009, 500844, 344, 316 );
INSERT INTO populacia  VALUES( 2009, 500518, 150, 171 );
INSERT INTO populacia  VALUES( 2009, 500887, 2057, 2180 );
INSERT INTO populacia  VALUES( 2009, 500895, 787, 854 );
INSERT INTO populacia  VALUES( 2009, 555860, 552, 572 );
INSERT INTO populacia  VALUES( 2009, 500917, 968, 1005 );
INSERT INTO populacia  VALUES( 2009, 500933, 4548, 4838 );
INSERT INTO populacia  VALUES( 2009, 500941, 1079, 1114 );
INSERT INTO populacia  VALUES( 2009, 500950, 1090, 1166 );
INSERT INTO populacia  VALUES( 2009, 500992, 647, 731 );
INSERT INTO populacia  VALUES( 2009, 501018, 166, 177 );
INSERT INTO populacia  VALUES( 2009, 503029, 669, 675 );
INSERT INTO populacia  VALUES( 2009, 503037, 185, 205 );
INSERT INTO populacia  VALUES( 2009, 503045, 1857, 1904 );
INSERT INTO populacia  VALUES( 2009, 503053, 462, 351 );
INSERT INTO populacia  VALUES( 2009, 503061, 198, 198 );
INSERT INTO populacia  VALUES( 2009, 503070, 813, 892 );
INSERT INTO populacia  VALUES( 2009, 503088, 706, 772 );
INSERT INTO populacia  VALUES( 2009, 503096, 288, 292 );
INSERT INTO populacia  VALUES( 2009, 503100, 307, 321 );
INSERT INTO populacia  VALUES( 2009, 503118, 137, 163 );
INSERT INTO populacia  VALUES( 2009, 503126, 512, 516 );
INSERT INTO populacia  VALUES( 2009, 503134, 381, 403 );
INSERT INTO populacia  VALUES( 2009, 503151, 776, 845 );
INSERT INTO populacia  VALUES( 2009, 503169, 857, 870 );
INSERT INTO populacia  VALUES( 2009, 503177, 2553, 2606 );
INSERT INTO populacia  VALUES( 2009, 503185, 1092, 1154 );
INSERT INTO populacia  VALUES( 2009, 503193, 585, 620 );
INSERT INTO populacia  VALUES( 2009, 503207, 357, 355 );
INSERT INTO populacia  VALUES( 2009, 503215, 580, 656 );
INSERT INTO populacia  VALUES( 2009, 503223, 382, 392 );
INSERT INTO populacia  VALUES( 2009, 503231, 590, 773 );
INSERT INTO populacia  VALUES( 2009, 503240, 718, 789 );
INSERT INTO populacia  VALUES( 2009, 503258, 513, 554 );
INSERT INTO populacia  VALUES( 2009, 503266, 464, 461 );
INSERT INTO populacia  VALUES( 2009, 503274, 750, 716 );
INSERT INTO populacia  VALUES( 2009, 503282, 2085, 2193 );
INSERT INTO populacia  VALUES( 2009, 503291, 433, 503 );
INSERT INTO populacia  VALUES( 2009, 503312, 171, 215 );
INSERT INTO populacia  VALUES( 2009, 503321, 822, 788 );
INSERT INTO populacia  VALUES( 2009, 503339, 226, 237 );
INSERT INTO populacia  VALUES( 2009, 503347, 191, 224 );
INSERT INTO populacia  VALUES( 2009, 503355, 187, 188 );
INSERT INTO populacia  VALUES( 2009, 503363, 951, 1159 );
INSERT INTO populacia  VALUES( 2009, 503371, 334, 362 );
INSERT INTO populacia  VALUES( 2009, 503398, 685, 707 );
INSERT INTO populacia  VALUES( 2009, 503401, 979, 1021 );
INSERT INTO populacia  VALUES( 2009, 556092, 569, 631 );
INSERT INTO populacia  VALUES( 2009, 503436, 371, 391 );
INSERT INTO populacia  VALUES( 2009, 503011, 19133, 21162 );
INSERT INTO populacia  VALUES( 2009, 582361, 561, 605 );
INSERT INTO populacia  VALUES( 2009, 503452, 2174, 2245 );
INSERT INTO populacia  VALUES( 2009, 556033, 123, 135 );
INSERT INTO populacia  VALUES( 2009, 503479, 545, 565 );
INSERT INTO populacia  VALUES( 2009, 503487, 248, 267 );
INSERT INTO populacia  VALUES( 2009, 503495, 392, 418 );
INSERT INTO populacia  VALUES( 2009, 503509, 449, 462 );
INSERT INTO populacia  VALUES( 2009, 503517, 464, 486 );
INSERT INTO populacia  VALUES( 2009, 503525, 490, 535 );
INSERT INTO populacia  VALUES( 2009, 503533, 691, 766 );
INSERT INTO populacia  VALUES( 2009, 503541, 212, 237 );
INSERT INTO populacia  VALUES( 2009, 503550, 981, 1102 );
INSERT INTO populacia  VALUES( 2009, 503568, 1252, 1374 );
INSERT INTO populacia  VALUES( 2009, 503576, 162, 211 );
INSERT INTO populacia  VALUES( 2009, 503584, 5226, 5581 );
INSERT INTO populacia  VALUES( 2009, 503592, 5047, 5297 );
INSERT INTO populacia  VALUES( 2009, 503606, 531, 582 );
INSERT INTO populacia  VALUES( 2009, 503614, 2604, 2697 );
INSERT INTO populacia  VALUES( 2009, 556050, 739, 807 );
INSERT INTO populacia  VALUES( 2009, 503631, 981, 1000 );
INSERT INTO populacia  VALUES( 2009, 503380, 1516, 1533 );
INSERT INTO populacia  VALUES( 2009, 556025, 158, 178 );
INSERT INTO populacia  VALUES( 2009, 503649, 1132, 1153 );
INSERT INTO populacia  VALUES( 2009, 503711, 1129, 1197 );
INSERT INTO populacia  VALUES( 2009, 503720, 443, 457 );
INSERT INTO populacia  VALUES( 2009, 500241, 616, 709 );
INSERT INTO populacia  VALUES( 2009, 555878, 905, 869 );
INSERT INTO populacia  VALUES( 2009, 503886, 826, 896 );
INSERT INTO populacia  VALUES( 2009, 500739, 2173, 2259 );
INSERT INTO populacia  VALUES( 2009, 503932, 1531, 1583 );
INSERT INTO populacia  VALUES( 2009, 503991, 1468, 1510 );
INSERT INTO populacia  VALUES( 2009, 504025, 11481, 12220 );
INSERT INTO populacia  VALUES( 2009, 504068, 1822, 1949 );
INSERT INTO populacia  VALUES( 2009, 504092, 1375, 1368 );
INSERT INTO populacia  VALUES( 2009, 504165, 1667, 1801 );
INSERT INTO populacia  VALUES( 2009, 504190, 813, 870 );
INSERT INTO populacia  VALUES( 2009, 556220, 109, 108 );
INSERT INTO populacia  VALUES( 2009, 542661, 144, 152 );
INSERT INTO populacia  VALUES( 2009, 542695, 118, 110 );
INSERT INTO populacia  VALUES( 2009, 542709, 180, 185 );
INSERT INTO populacia  VALUES( 2009, 542717, 1009, 1015 );
INSERT INTO populacia  VALUES( 2009, 556297, 230, 218 );
INSERT INTO populacia  VALUES( 2009, 542792, 182, 199 );
INSERT INTO populacia  VALUES( 2009, 556262, 387, 376 );
INSERT INTO populacia  VALUES( 2009, 542881, 150, 194 );
INSERT INTO populacia  VALUES( 2009, 556351, 179, 172 );
INSERT INTO populacia  VALUES( 2009, 542938, 836, 759 );
INSERT INTO populacia  VALUES( 2009, 542954, 227, 247 );
INSERT INTO populacia  VALUES( 2009, 542971, 542, 597 );
INSERT INTO populacia  VALUES( 2009, 556165, 377, 406 );
INSERT INTO populacia  VALUES( 2009, 556157, 914, 930 );
INSERT INTO populacia  VALUES( 2009, 543039, 296, 320 );
INSERT INTO populacia  VALUES( 2009, 543063, 303, 324 );
INSERT INTO populacia  VALUES( 2009, 543071, 867, 733 );
INSERT INTO populacia  VALUES( 2009, 543101, 616, 671 );
INSERT INTO populacia  VALUES( 2009, 543110, 162, 142 );
INSERT INTO populacia  VALUES( 2009, 556149, 885, 928 );
INSERT INTO populacia  VALUES( 2009, 581704, 344, 356 );
INSERT INTO populacia  VALUES( 2009, 505021, 161, 180 );
INSERT INTO populacia  VALUES( 2009, 505048, 913, 910 );
INSERT INTO populacia  VALUES( 2009, 505064, 109, 106 );
INSERT INTO populacia  VALUES( 2009, 505137, 261, 286 );
INSERT INTO populacia  VALUES( 2009, 581305, 454, 492 );
INSERT INTO populacia  VALUES( 2009, 505226, 152, 164 );
INSERT INTO populacia  VALUES( 2009, 505234, 600, 596 );
INSERT INTO populacia  VALUES( 2009, 505242, 372, 383 );
INSERT INTO populacia  VALUES( 2009, 505251, 159, 165 );
INSERT INTO populacia  VALUES( 2009, 505285, 452, 452 );
INSERT INTO populacia  VALUES( 2009, 556211, 139, 142 );
INSERT INTO populacia  VALUES( 2009, 505340, 151, 166 );
INSERT INTO populacia  VALUES( 2009, 505374, 1045, 1055 );
INSERT INTO populacia  VALUES( 2009, 581658, 480, 498 );
INSERT INTO populacia  VALUES( 2009, 505404, 736, 751 );
INSERT INTO populacia  VALUES( 2009, 505421, 978, 996 );
INSERT INTO populacia  VALUES( 2009, 505439, 269, 280 );
INSERT INTO populacia  VALUES( 2009, 505498, 1264, 1262 );
INSERT INTO populacia  VALUES( 2009, 556327, 127, 124 );
INSERT INTO populacia  VALUES( 2009, 505510, 231, 256 );
INSERT INTO populacia  VALUES( 2009, 556238, 100, 109 );
INSERT INTO populacia  VALUES( 2009, 505536, 249, 255 );
INSERT INTO populacia  VALUES( 2009, 505561, 363, 349 );
INSERT INTO populacia  VALUES( 2009, 504998, 13730, 14734 );
INSERT INTO populacia  VALUES( 2009, 580457, 678, 758 );
INSERT INTO populacia  VALUES( 2009, 505617, 241, 233 );
INSERT INTO populacia  VALUES( 2009, 505641, 654, 755 );
INSERT INTO populacia  VALUES( 2009, 505676, 349, 328 );
INSERT INTO populacia  VALUES( 2009, 505714, 1042, 1084 );
INSERT INTO populacia  VALUES( 2009, 505749, 263, 263 );
INSERT INTO populacia  VALUES( 2009, 505757, 169, 163 );
INSERT INTO populacia  VALUES( 2009, 505773, 319, 296 );
INSERT INTO populacia  VALUES( 2009, 500062, 749, 781 );
INSERT INTO populacia  VALUES( 2009, 500127, 258, 273 );
INSERT INTO populacia  VALUES( 2009, 555916, 195, 222 );
INSERT INTO populacia  VALUES( 2009, 500151, 560, 551 );
INSERT INTO populacia  VALUES( 2009, 500283, 591, 632 );
INSERT INTO populacia  VALUES( 2009, 500305, 381, 373 );
INSERT INTO populacia  VALUES( 2009, 500321, 265, 255 );
INSERT INTO populacia  VALUES( 2009, 500364, 458, 519 );
INSERT INTO populacia  VALUES( 2009, 500429, 177, 195 );
INSERT INTO populacia  VALUES( 2009, 500437, 372, 397 );
INSERT INTO populacia  VALUES( 2009, 500461, 345, 342 );
INSERT INTO populacia  VALUES( 2009, 500500, 487, 560 );
INSERT INTO populacia  VALUES( 2009, 555924, 165, 148 );
INSERT INTO populacia  VALUES( 2009, 500542, 262, 274 );
INSERT INTO populacia  VALUES( 2009, 500551, 258, 261 );
INSERT INTO populacia  VALUES( 2009, 500585, 342, 370 );
INSERT INTO populacia  VALUES( 2009, 500593, 320, 348 );
INSERT INTO populacia  VALUES( 2009, 500607, 314, 311 );
INSERT INTO populacia  VALUES( 2009, 500658, 735, 767 );
INSERT INTO populacia  VALUES( 2009, 500721, 497, 536 );
INSERT INTO populacia  VALUES( 2009, 500747, 854, 888 );
INSERT INTO populacia  VALUES( 2009, 500755, 394, 483 );
INSERT INTO populacia  VALUES( 2009, 517305, 523, 545 );
INSERT INTO populacia  VALUES( 2009, 500810, 848, 859 );
INSERT INTO populacia  VALUES( 2009, 500828, 1382, 1462 );
INSERT INTO populacia  VALUES( 2009, 500836, 374, 461 );
INSERT INTO populacia  VALUES( 2009, 555932, 246, 255 );
INSERT INTO populacia  VALUES( 2009, 500909, 232, 227 );
INSERT INTO populacia  VALUES( 2009, 500925, 526, 524 );
INSERT INTO populacia  VALUES( 2009, 500968, 6329, 6768 );
INSERT INTO populacia  VALUES( 2009, 500976, 116, 119 );
INSERT INTO populacia  VALUES( 2009, 500984, 260, 265 );
INSERT INTO populacia  VALUES( 2009, 582816, 926, 967 );
INSERT INTO populacia  VALUES( 2009, 517461, 5648, 5954 );
INSERT INTO populacia  VALUES( 2009, 581984, 458, 483 );
INSERT INTO populacia  VALUES( 2009, 517623, 572, 612 );
INSERT INTO populacia  VALUES( 2009, 517631, 456, 412 );
INSERT INTO populacia  VALUES( 2009, 517674, 961, 902 );
INSERT INTO populacia  VALUES( 2009, 517691, 986, 993 );
INSERT INTO populacia  VALUES( 2009, 517798, 392, 418 );
INSERT INTO populacia  VALUES( 2009, 517861, 757, 768 );
INSERT INTO populacia  VALUES( 2009, 517895, 683, 709 );
INSERT INTO populacia  VALUES( 2009, 517992, 457, 491 );
INSERT INTO populacia  VALUES( 2009, 518018, 2021, 2051 );
INSERT INTO populacia  VALUES( 2009, 518085, 1923, 1986 );
INSERT INTO populacia  VALUES( 2009, 509132, 12558, 12916 );
INSERT INTO populacia  VALUES( 2009, 509159, 2205, 2186 );
INSERT INTO populacia  VALUES( 2009, 509167, 271, 259 );
INSERT INTO populacia  VALUES( 2009, 509183, 554, 604 );
INSERT INTO populacia  VALUES( 2009, 509213, 1221, 1256 );
INSERT INTO populacia  VALUES( 2009, 509221, 258, 276 );
INSERT INTO populacia  VALUES( 2009, 509230, 1132, 1083 );
INSERT INTO populacia  VALUES( 2009, 509248, 3447, 3491 );
INSERT INTO populacia  VALUES( 2009, 509299, 927, 946 );
INSERT INTO populacia  VALUES( 2009, 509311, 1453, 1385 );
INSERT INTO populacia  VALUES( 2009, 509337, 1018, 976 );
INSERT INTO populacia  VALUES( 2009, 509345, 2854, 2847 );
INSERT INTO populacia  VALUES( 2009, 509361, 631, 661 );
INSERT INTO populacia  VALUES( 2009, 509396, 416, 438 );
INSERT INTO populacia  VALUES( 2009, 509400, 2625, 2662 );
INSERT INTO populacia  VALUES( 2009, 509451, 2524, 2684 );
INSERT INTO populacia  VALUES( 2009, 509477, 1400, 1338 );
INSERT INTO populacia  VALUES( 2009, 509485, 1419, 1327 );
INSERT INTO populacia  VALUES( 2009, 509493, 1763, 1717 );
INSERT INTO populacia  VALUES( 2009, 509507, 3805, 3940 );
INSERT INTO populacia  VALUES( 2009, 509515, 1431, 1467 );
INSERT INTO populacia  VALUES( 2009, 509523, 913, 921 );
INSERT INTO populacia  VALUES( 2009, 509531, 1111, 1139 );
INSERT INTO populacia  VALUES( 2009, 580813, 270, 264 );
INSERT INTO populacia  VALUES( 2009, 509639, 707, 690 );
INSERT INTO populacia  VALUES( 2009, 509540, 9545, 10116 );
INSERT INTO populacia  VALUES( 2009, 509671, 271, 281 );
INSERT INTO populacia  VALUES( 2009, 509698, 801, 777 );
INSERT INTO populacia  VALUES( 2009, 509701, 701, 721 );
INSERT INTO populacia  VALUES( 2009, 509710, 210, 183 );
INSERT INTO populacia  VALUES( 2009, 509744, 233, 229 );
INSERT INTO populacia  VALUES( 2009, 509761, 415, 405 );
INSERT INTO populacia  VALUES( 2009, 509787, 132, 121 );
INSERT INTO populacia  VALUES( 2009, 509825, 408, 463 );
INSERT INTO populacia  VALUES( 2009, 509833, 245, 224 );
INSERT INTO populacia  VALUES( 2009, 509922, 458, 477 );
INSERT INTO populacia  VALUES( 2009, 509957, 654, 683 );
INSERT INTO populacia  VALUES( 2009, 509965, 77, 66 );
INSERT INTO populacia  VALUES( 2009, 509973, 378, 412 );
INSERT INTO populacia  VALUES( 2009, 509990, 83, 94 );
INSERT INTO populacia  VALUES( 2009, 510009, 238, 238 );
INSERT INTO populacia  VALUES( 2009, 510017, 373, 377 );
INSERT INTO populacia  VALUES( 2009, 510041, 260, 248 );
INSERT INTO populacia  VALUES( 2009, 510165, 483, 488 );
INSERT INTO populacia  VALUES( 2009, 510181, 307, 307 );
INSERT INTO populacia  VALUES( 2009, 510211, 1362, 1389 );
INSERT INTO populacia  VALUES( 2009, 510254, 831, 845 );
INSERT INTO populacia  VALUES( 2009, 509175, 244, 216 );
INSERT INTO populacia  VALUES( 2009, 509205, 809, 776 );
INSERT INTO populacia  VALUES( 2009, 509256, 7968, 8326 );
INSERT INTO populacia  VALUES( 2009, 509264, 1151, 1183 );
INSERT INTO populacia  VALUES( 2009, 509272, 488, 476 );
INSERT INTO populacia  VALUES( 2009, 509281, 237, 237 );
INSERT INTO populacia  VALUES( 2009, 509302, 1645, 1644 );
INSERT INTO populacia  VALUES( 2009, 509329, 957, 1000 );
INSERT INTO populacia  VALUES( 2009, 509370, 544, 599 );
INSERT INTO populacia  VALUES( 2009, 580791, 702, 727 );
INSERT INTO populacia  VALUES( 2009, 509426, 856, 855 );
INSERT INTO populacia  VALUES( 2009, 509434, 178, 213 );
INSERT INTO populacia  VALUES( 2009, 509442, 513, 484 );
INSERT INTO populacia  VALUES( 2009, 509469, 502, 512 );
INSERT INTO populacia  VALUES( 2009, 510271, 239, 220 );
INSERT INTO populacia  VALUES( 2009, 510319, 97, 90 );
INSERT INTO populacia  VALUES( 2009, 510327, 875, 917 );
INSERT INTO populacia  VALUES( 2009, 510335, 56, 69 );
INSERT INTO populacia  VALUES( 2009, 510351, 68, 57 );
INSERT INTO populacia  VALUES( 2009, 510386, 173, 126 );
INSERT INTO populacia  VALUES( 2009, 510408, 592, 672 );
INSERT INTO populacia  VALUES( 2009, 510416, 125, 138 );
INSERT INTO populacia  VALUES( 2009, 510424, 208, 210 );
INSERT INTO populacia  VALUES( 2009, 510459, 91, 100 );
INSERT INTO populacia  VALUES( 2009, 510467, 767, 788 );
INSERT INTO populacia  VALUES( 2009, 556807, 49, 40 );
INSERT INTO populacia  VALUES( 2009, 510505, 197, 208 );
INSERT INTO populacia  VALUES( 2009, 510513, 150, 165 );
INSERT INTO populacia  VALUES( 2009, 510521, 222, 242 );
INSERT INTO populacia  VALUES( 2009, 507393, 116, 109 );
INSERT INTO populacia  VALUES( 2009, 510564, 303, 316 );
INSERT INTO populacia  VALUES( 2009, 510572, 262, 292 );
INSERT INTO populacia  VALUES( 2009, 510581, 208, 203 );
INSERT INTO populacia  VALUES( 2009, 510602, 45, 41 );
INSERT INTO populacia  VALUES( 2009, 510611, 458, 522 );
INSERT INTO populacia  VALUES( 2009, 558281, 566, 617 );
INSERT INTO populacia  VALUES( 2009, 510653, 311, 312 );
INSERT INTO populacia  VALUES( 2009, 510688, 29, 31 );
INSERT INTO populacia  VALUES( 2009, 510696, 173, 177 );
INSERT INTO populacia  VALUES( 2009, 510700, 145, 145 );
INSERT INTO populacia  VALUES( 2009, 510726, 3575, 4014 );
INSERT INTO populacia  VALUES( 2009, 510734, 404, 443 );
INSERT INTO populacia  VALUES( 2009, 510262, 15627, 16939 );
INSERT INTO populacia  VALUES( 2009, 510751, 294, 308 );
INSERT INTO populacia  VALUES( 2009, 580287, 699, 705 );
INSERT INTO populacia  VALUES( 2009, 510777, 255, 278 );
INSERT INTO populacia  VALUES( 2009, 510793, 533, 581 );
INSERT INTO populacia  VALUES( 2009, 510831, 96, 100 );
INSERT INTO populacia  VALUES( 2009, 510840, 87, 94 );
INSERT INTO populacia  VALUES( 2009, 510858, 125, 135 );
INSERT INTO populacia  VALUES( 2009, 510874, 82, 81 );
INSERT INTO populacia  VALUES( 2009, 510904, 639, 614 );
INSERT INTO populacia  VALUES( 2009, 510912, 161, 197 );
INSERT INTO populacia  VALUES( 2009, 510921, 124, 132 );
INSERT INTO populacia  VALUES( 2009, 510947, 375, 429 );
INSERT INTO populacia  VALUES( 2009, 510963, 671, 704 );
INSERT INTO populacia  VALUES( 2009, 510971, 75, 85 );
INSERT INTO populacia  VALUES( 2009, 511013, 345, 288 );
INSERT INTO populacia  VALUES( 2009, 511048, 410, 411 );
INSERT INTO populacia  VALUES( 2009, 511072, 108, 123 );
INSERT INTO populacia  VALUES( 2009, 511099, 234, 242 );
INSERT INTO populacia  VALUES( 2009, 511111, 319, 327 );
INSERT INTO populacia  VALUES( 2009, 511129, 1183, 1182 );
INSERT INTO populacia  VALUES( 2009, 511137, 34, 36 );
INSERT INTO populacia  VALUES( 2009, 511145, 181, 184 );
INSERT INTO populacia  VALUES( 2009, 511153, 312, 310 );
INSERT INTO populacia  VALUES( 2009, 511170, 1103, 1141 );
INSERT INTO populacia  VALUES( 2009, 511188, 40, 41 );
INSERT INTO populacia  VALUES( 2009, 511196, 617, 641 );
INSERT INTO populacia  VALUES( 2009, 511200, 219, 213 );
INSERT INTO populacia  VALUES( 2009, 512052, 625, 639 );
INSERT INTO populacia  VALUES( 2009, 512061, 155, 153 );
INSERT INTO populacia  VALUES( 2009, 512079, 450, 470 );
INSERT INTO populacia  VALUES( 2009, 512133, 696, 718 );
INSERT INTO populacia  VALUES( 2009, 512150, 253, 253 );
INSERT INTO populacia  VALUES( 2009, 512168, 131, 137 );
INSERT INTO populacia  VALUES( 2009, 512206, 34, 43 );
INSERT INTO populacia  VALUES( 2009, 512214, 381, 372 );
INSERT INTO populacia  VALUES( 2009, 512257, 55, 74 );
INSERT INTO populacia  VALUES( 2009, 512290, 73, 78 );
INSERT INTO populacia  VALUES( 2009, 512346, 56, 56 );
INSERT INTO populacia  VALUES( 2009, 512354, 790, 755 );
INSERT INTO populacia  VALUES( 2009, 512371, 564, 589 );
INSERT INTO populacia  VALUES( 2009, 512389, 564, 540 );
INSERT INTO populacia  VALUES( 2009, 512397, 56, 51 );
INSERT INTO populacia  VALUES( 2009, 512419, 67, 75 );
INSERT INTO populacia  VALUES( 2009, 512435, 453, 430 );
INSERT INTO populacia  VALUES( 2009, 512036, 28038, 30128 );
INSERT INTO populacia  VALUES( 2009, 512478, 435, 393 );
INSERT INTO populacia  VALUES( 2009, 512486, 120, 117 );
INSERT INTO populacia  VALUES( 2009, 512508, 346, 323 );
INSERT INTO populacia  VALUES( 2009, 512524, 532, 543 );
INSERT INTO populacia  VALUES( 2009, 512541, 158, 167 );
INSERT INTO populacia  VALUES( 2009, 512567, 92, 85 );
INSERT INTO populacia  VALUES( 2009, 512583, 299, 315 );
INSERT INTO populacia  VALUES( 2009, 512591, 105, 92 );
INSERT INTO populacia  VALUES( 2009, 512613, 206, 220 );
INSERT INTO populacia  VALUES( 2009, 512630, 127, 104 );
INSERT INTO populacia  VALUES( 2009, 512648, 2275, 2419 );
INSERT INTO populacia  VALUES( 2009, 512656, 246, 283 );
INSERT INTO populacia  VALUES( 2009, 512664, 237, 254 );
INSERT INTO populacia  VALUES( 2009, 512672, 122, 115 );
INSERT INTO populacia  VALUES( 2009, 512681, 2147, 2222 );
INSERT INTO populacia  VALUES( 2009, 512702, 437, 443 );
INSERT INTO populacia  VALUES( 2009, 545961, 200, 179 );
INSERT INTO populacia  VALUES( 2009, 512711, 440, 459 );
INSERT INTO populacia  VALUES( 2009, 512737, 82, 98 );
INSERT INTO populacia  VALUES( 2009, 512753, 181, 193 );
INSERT INTO populacia  VALUES( 2009, 512761, 743, 774 );
INSERT INTO populacia  VALUES( 2009, 512796, 153, 309 );
INSERT INTO populacia  VALUES( 2009, 557358, 3595, 3809 );
INSERT INTO populacia  VALUES( 2009, 512818, 69, 68 );
INSERT INTO populacia  VALUES( 2009, 512834, 572, 593 );
INSERT INTO populacia  VALUES( 2009, 509558, 711, 710 );
INSERT INTO populacia  VALUES( 2009, 509566, 375, 371 );
INSERT INTO populacia  VALUES( 2009, 509582, 794, 813 );
INSERT INTO populacia  VALUES( 2009, 509591, 830, 747 );
INSERT INTO populacia  VALUES( 2009, 509680, 1610, 1621 );
INSERT INTO populacia  VALUES( 2009, 509728, 1087, 1080 );
INSERT INTO populacia  VALUES( 2009, 509779, 490, 456 );
INSERT INTO populacia  VALUES( 2009, 509809, 1131, 1096 );
INSERT INTO populacia  VALUES( 2009, 509817, 427, 391 );
INSERT INTO populacia  VALUES( 2009, 509850, 1436, 1402 );
INSERT INTO populacia  VALUES( 2009, 509868, 4027, 4090 );
INSERT INTO populacia  VALUES( 2009, 509884, 1689, 1661 );
INSERT INTO populacia  VALUES( 2009, 509892, 863, 856 );
INSERT INTO populacia  VALUES( 2009, 509906, 1611, 1662 );
INSERT INTO populacia  VALUES( 2009, 509914, 1898, 1863 );
INSERT INTO populacia  VALUES( 2009, 509931, 1432, 1398 );
INSERT INTO populacia  VALUES( 2009, 510025, 2327, 2250 );
INSERT INTO populacia  VALUES( 2009, 510033, 1025, 916 );
INSERT INTO populacia  VALUES( 2009, 510050, 1066, 994 );
INSERT INTO populacia  VALUES( 2009, 510092, 326, 324 );
INSERT INTO populacia  VALUES( 2009, 510149, 398, 403 );
INSERT INTO populacia  VALUES( 2009, 510157, 710, 692 );
INSERT INTO populacia  VALUES( 2009, 510203, 2583, 2569 );
INSERT INTO populacia  VALUES( 2009, 510246, 1078, 1090 );
INSERT INTO populacia  VALUES( 2009, 510301, 187, 195 );
INSERT INTO populacia  VALUES( 2009, 510441, 535, 551 );
INSERT INTO populacia  VALUES( 2009, 507300, 259, 267 );
INSERT INTO populacia  VALUES( 2009, 510530, 244, 244 );
INSERT INTO populacia  VALUES( 2009, 510548, 720, 756 );
INSERT INTO populacia  VALUES( 2009, 510599, 1445, 1689 );
INSERT INTO populacia  VALUES( 2009, 510629, 1425, 1471 );
INSERT INTO populacia  VALUES( 2009, 510637, 814, 819 );
INSERT INTO populacia  VALUES( 2009, 510661, 507, 508 );
INSERT INTO populacia  VALUES( 2009, 510670, 499, 483 );
INSERT INTO populacia  VALUES( 2009, 510718, 790, 844 );
INSERT INTO populacia  VALUES( 2009, 511005, 1844, 1925 );
INSERT INTO populacia  VALUES( 2009, 510742, 136, 155 );
INSERT INTO populacia  VALUES( 2009, 510785, 1016, 1076 );
INSERT INTO populacia  VALUES( 2009, 510807, 543, 551 );
INSERT INTO populacia  VALUES( 2009, 510815, 890, 886 );
INSERT INTO populacia  VALUES( 2009, 510823, 501, 514 );
INSERT INTO populacia  VALUES( 2009, 510866, 198, 192 );
INSERT INTO populacia  VALUES( 2009, 510955, 52, 62 );
INSERT INTO populacia  VALUES( 2009, 510998, 14187, 15446 );
INSERT INTO populacia  VALUES( 2009, 511030, 611, 632 );
INSERT INTO populacia  VALUES( 2009, 511056, 289, 321 );
INSERT INTO populacia  VALUES( 2009, 511064, 412, 414 );
INSERT INTO populacia  VALUES( 2009, 507407, 106, 107 );
INSERT INTO populacia  VALUES( 2009, 511102, 375, 415 );
INSERT INTO populacia  VALUES( 2009, 512044, 77, 100 );
INSERT INTO populacia  VALUES( 2009, 512087, 94, 77 );
INSERT INTO populacia  VALUES( 2009, 512095, 130, 125 );
INSERT INTO populacia  VALUES( 2009, 512109, 52, 69 );
INSERT INTO populacia  VALUES( 2009, 512117, 78, 71 );
INSERT INTO populacia  VALUES( 2009, 512125, 96, 114 );
INSERT INTO populacia  VALUES( 2009, 512141, 41, 47 );
INSERT INTO populacia  VALUES( 2009, 512222, 370, 365 );
INSERT INTO populacia  VALUES( 2009, 512265, 228, 258 );
INSERT INTO populacia  VALUES( 2009, 512273, 844, 809 );
INSERT INTO populacia  VALUES( 2009, 512303, 54, 47 );
INSERT INTO populacia  VALUES( 2009, 512311, 82, 72 );
INSERT INTO populacia  VALUES( 2009, 512320, 155, 150 );
INSERT INTO populacia  VALUES( 2009, 512338, 42, 47 );
INSERT INTO populacia  VALUES( 2009, 512427, 26, 26 );
INSERT INTO populacia  VALUES( 2009, 512443, 257, 258 );
INSERT INTO populacia  VALUES( 2009, 512451, 35, 31 );
INSERT INTO populacia  VALUES( 2009, 512460, 641, 697 );
INSERT INTO populacia  VALUES( 2009, 512494, 23, 26 );
INSERT INTO populacia  VALUES( 2009, 512559, 104, 113 );
INSERT INTO populacia  VALUES( 2009, 512575, 111, 113 );
INSERT INTO populacia  VALUES( 2009, 512605, 395, 367 );
INSERT INTO populacia  VALUES( 2009, 512621, 467, 494 );
INSERT INTO populacia  VALUES( 2009, 512699, 334, 353 );
INSERT INTO populacia  VALUES( 2009, 512729, 3338, 3593 );
INSERT INTO populacia  VALUES( 2009, 512788, 103, 122 );
INSERT INTO populacia  VALUES( 2009, 509604, 682, 654 );
INSERT INTO populacia  VALUES( 2009, 518719, 337, 333 );
INSERT INTO populacia  VALUES( 2009, 509655, 658, 669 );
INSERT INTO populacia  VALUES( 2009, 509663, 505, 481 );
INSERT INTO populacia  VALUES( 2009, 509795, 1371, 1362 );
INSERT INTO populacia  VALUES( 2009, 509876, 2013, 2020 );
INSERT INTO populacia  VALUES( 2009, 509949, 332, 335 );
INSERT INTO populacia  VALUES( 2009, 509981, 634, 650 );
INSERT INTO populacia  VALUES( 2009, 510076, 674, 664 );
INSERT INTO populacia  VALUES( 2009, 510084, 347, 305 );
INSERT INTO populacia  VALUES( 2009, 510106, 3753, 3844 );
INSERT INTO populacia  VALUES( 2009, 510114, 4749, 4670 );
INSERT INTO populacia  VALUES( 2009, 510173, 647, 631 );
INSERT INTO populacia  VALUES( 2009, 510190, 396, 434 );
INSERT INTO populacia  VALUES( 2009, 510238, 896, 950 );
INSERT INTO populacia  VALUES( 2009, 517429, 1651, 1704 );
INSERT INTO populacia  VALUES( 2009, 547522, 339, 317 );
INSERT INTO populacia  VALUES( 2009, 547557, 251, 252 );
INSERT INTO populacia  VALUES( 2009, 517470, 84, 102 );
INSERT INTO populacia  VALUES( 2009, 517488, 1256, 1218 );
INSERT INTO populacia  VALUES( 2009, 517496, 473, 473 );
INSERT INTO populacia  VALUES( 2009, 517500, 982, 1014 );
INSERT INTO populacia  VALUES( 2009, 517518, 640, 642 );
INSERT INTO populacia  VALUES( 2009, 517526, 736, 796 );
INSERT INTO populacia  VALUES( 2009, 557986, 527, 526 );
INSERT INTO populacia  VALUES( 2009, 517542, 362, 344 );
INSERT INTO populacia  VALUES( 2009, 517551, 598, 623 );
INSERT INTO populacia  VALUES( 2009, 517593, 384, 381 );
INSERT INTO populacia  VALUES( 2009, 517577, 329, 347 );
INSERT INTO populacia  VALUES( 2009, 547590, 187, 190 );
INSERT INTO populacia  VALUES( 2009, 517640, 308, 315 );
INSERT INTO populacia  VALUES( 2009, 517658, 916, 924 );
INSERT INTO populacia  VALUES( 2009, 557994, 175, 194 );
INSERT INTO populacia  VALUES( 2009, 517682, 733, 725 );
INSERT INTO populacia  VALUES( 2009, 517704, 214, 227 );
INSERT INTO populacia  VALUES( 2009, 517712, 641, 631 );
INSERT INTO populacia  VALUES( 2009, 517721, 486, 483 );
INSERT INTO populacia  VALUES( 2009, 517739, 690, 749 );
INSERT INTO populacia  VALUES( 2009, 557935, 877, 913 );
INSERT INTO populacia  VALUES( 2009, 517755, 769, 846 );
INSERT INTO populacia  VALUES( 2009, 517763, 414, 353 );
INSERT INTO populacia  VALUES( 2009, 517771, 414, 422 );
INSERT INTO populacia  VALUES( 2009, 517780, 166, 177 );
INSERT INTO populacia  VALUES( 2009, 517801, 285, 280 );
INSERT INTO populacia  VALUES( 2009, 517828, 493, 479 );
INSERT INTO populacia  VALUES( 2009, 558168, 188, 172 );
INSERT INTO populacia  VALUES( 2009, 547611, 262, 258 );
INSERT INTO populacia  VALUES( 2009, 547620, 116, 134 );
INSERT INTO populacia  VALUES( 2009, 517879, 405, 385 );
INSERT INTO populacia  VALUES( 2009, 557960, 218, 237 );
INSERT INTO populacia  VALUES( 2009, 517917, 3004, 3065 );
INSERT INTO populacia  VALUES( 2009, 517925, 642, 625 );
INSERT INTO populacia  VALUES( 2009, 517933, 1419, 1519 );
INSERT INTO populacia  VALUES( 2009, 517941, 1476, 1535 );
INSERT INTO populacia  VALUES( 2009, 517950, 903, 945 );
INSERT INTO populacia  VALUES( 2009, 517968, 360, 356 );
INSERT INTO populacia  VALUES( 2009, 517976, 315, 348 );
INSERT INTO populacia  VALUES( 2009, 517984, 1321, 1370 );
INSERT INTO populacia  VALUES( 2009, 518000, 492, 538 );
INSERT INTO populacia  VALUES( 2009, 581712, 159, 157 );
INSERT INTO populacia  VALUES( 2009, 518034, 1723, 1926 );
INSERT INTO populacia  VALUES( 2009, 518042, 2070, 2007 );
INSERT INTO populacia  VALUES( 2009, 518051, 939, 1073 );
INSERT INTO populacia  VALUES( 2009, 518069, 1773, 1859 );
INSERT INTO populacia  VALUES( 2009, 518077, 172, 174 );
INSERT INTO populacia  VALUES( 2009, 518093, 1291, 1353 );
INSERT INTO populacia  VALUES( 2009, 518131, 422, 448 );
INSERT INTO populacia  VALUES( 2009, 517402, 41014, 44238 );
INSERT INTO populacia  VALUES( 2009, 508454, 855, 941 );
INSERT INTO populacia  VALUES( 2009, 508471, 100, 106 );
INSERT INTO populacia  VALUES( 2009, 508438, 37689, 42301 );
INSERT INTO populacia  VALUES( 2009, 508675, 1035, 1118 );
INSERT INTO populacia  VALUES( 2009, 508519, 212, 221 );
INSERT INTO populacia  VALUES( 2009, 508543, 184, 198 );
INSERT INTO populacia  VALUES( 2009, 508551, 110, 119 );
INSERT INTO populacia  VALUES( 2009, 508560, 110, 98 );
INSERT INTO populacia  VALUES( 2009, 508586, 176, 201 );
INSERT INTO populacia  VALUES( 2009, 508594, 446, 454 );
INSERT INTO populacia  VALUES( 2009, 508616, 237, 266 );
INSERT INTO populacia  VALUES( 2009, 508632, 239, 280 );
INSERT INTO populacia  VALUES( 2009, 508641, 185, 199 );
INSERT INTO populacia  VALUES( 2009, 508659, 700, 741 );
INSERT INTO populacia  VALUES( 2009, 580236, 331, 332 );
INSERT INTO populacia  VALUES( 2009, 508713, 169, 149 );
INSERT INTO populacia  VALUES( 2009, 508721, 302, 322 );
INSERT INTO populacia  VALUES( 2009, 557277, 202, 194 );
INSERT INTO populacia  VALUES( 2009, 508748, 508, 535 );
INSERT INTO populacia  VALUES( 2009, 508756, 323, 325 );
INSERT INTO populacia  VALUES( 2009, 580244, 487, 529 );
INSERT INTO populacia  VALUES( 2009, 508764, 630, 680 );
INSERT INTO populacia  VALUES( 2009, 508799, 108, 101 );
INSERT INTO populacia  VALUES( 2009, 508802, 57, 55 );
INSERT INTO populacia  VALUES( 2009, 508781, 178, 177 );
INSERT INTO populacia  VALUES( 2009, 557285, 572, 588 );
INSERT INTO populacia  VALUES( 2009, 508837, 84, 103 );
INSERT INTO populacia  VALUES( 2009, 508861, 409, 456 );
INSERT INTO populacia  VALUES( 2009, 508896, 42, 46 );
INSERT INTO populacia  VALUES( 2009, 508918, 765, 807 );
INSERT INTO populacia  VALUES( 2009, 508926, 74, 77 );
INSERT INTO populacia  VALUES( 2009, 508942, 447, 471 );
INSERT INTO populacia  VALUES( 2009, 508969, 318, 370 );
INSERT INTO populacia  VALUES( 2009, 508977, 193, 206 );
INSERT INTO populacia  VALUES( 2009, 508985, 1065, 1088 );
INSERT INTO populacia  VALUES( 2009, 509001, 1557, 1648 );
INSERT INTO populacia  VALUES( 2009, 509019, 263, 272 );
INSERT INTO populacia  VALUES( 2009, 509027, 390, 413 );
INSERT INTO populacia  VALUES( 2009, 509035, 97, 95 );
INSERT INTO populacia  VALUES( 2009, 509060, 282, 265 );
INSERT INTO populacia  VALUES( 2009, 557269, 76, 67 );
INSERT INTO populacia  VALUES( 2009, 557293, 552, 606 );
INSERT INTO populacia  VALUES( 2009, 516601, 108, 102 );
INSERT INTO populacia  VALUES( 2009, 516627, 620, 655 );
INSERT INTO populacia  VALUES( 2009, 516643, 5062, 5415 );
INSERT INTO populacia  VALUES( 2009, 516651, 223, 239 );
INSERT INTO populacia  VALUES( 2009, 516678, 59, 70 );
INSERT INTO populacia  VALUES( 2009, 516716, 119, 99 );
INSERT INTO populacia  VALUES( 2009, 516856, 139, 182 );
INSERT INTO populacia  VALUES( 2009, 516953, 84, 95 );
INSERT INTO populacia  VALUES( 2009, 517071, 93, 80 );
INSERT INTO populacia  VALUES( 2009, 517160, 51, 65 );
INSERT INTO populacia  VALUES( 2009, 517143, 173, 196 );
INSERT INTO populacia  VALUES( 2009, 517178, 294, 325 );
INSERT INTO populacia  VALUES( 2009, 516597, 582, 621 );
INSERT INTO populacia  VALUES( 2009, 517283, 391, 395 );
INSERT INTO populacia  VALUES( 2009, 517372, 65, 72 );
INSERT INTO populacia  VALUES( 2009, 508446, 481, 527 );
INSERT INTO populacia  VALUES( 2009, 508462, 595, 596 );
INSERT INTO populacia  VALUES( 2009, 508489, 335, 360 );
INSERT INTO populacia  VALUES( 2009, 508497, 10630, 11320 );
INSERT INTO populacia  VALUES( 2009, 557251, 96, 89 );
INSERT INTO populacia  VALUES( 2009, 508527, 2562, 2624 );
INSERT INTO populacia  VALUES( 2009, 508535, 387, 355 );
INSERT INTO populacia  VALUES( 2009, 508578, 101, 121 );
INSERT INTO populacia  VALUES( 2009, 508608, 1364, 1471 );
INSERT INTO populacia  VALUES( 2009, 508624, 286, 308 );
INSERT INTO populacia  VALUES( 2009, 508667, 568, 621 );
INSERT INTO populacia  VALUES( 2009, 508691, 21, 18 );
INSERT INTO populacia  VALUES( 2009, 508705, 530, 574 );
INSERT INTO populacia  VALUES( 2009, 508730, 153, 138 );
INSERT INTO populacia  VALUES( 2009, 508772, 667, 727 );
INSERT INTO populacia  VALUES( 2009, 508811, 257, 268 );
INSERT INTO populacia  VALUES( 2009, 508829, 897, 941 );
INSERT INTO populacia  VALUES( 2009, 508845, 203, 183 );
INSERT INTO populacia  VALUES( 2009, 508853, 2013, 2089 );
INSERT INTO populacia  VALUES( 2009, 508870, 1097, 1300 );
INSERT INTO populacia  VALUES( 2009, 508888, 808, 839 );
INSERT INTO populacia  VALUES( 2009, 508900, 1490, 1603 );
INSERT INTO populacia  VALUES( 2009, 508934, 684, 701 );
INSERT INTO populacia  VALUES( 2009, 508951, 126, 152 );
INSERT INTO populacia  VALUES( 2009, 508993, 100, 98 );
INSERT INTO populacia  VALUES( 2009, 509043, 665, 697 );
INSERT INTO populacia  VALUES( 2009, 509051, 751, 785 );
INSERT INTO populacia  VALUES( 2009, 509086, 1891, 1964 );
INSERT INTO populacia  VALUES( 2009, 509094, 184, 188 );
INSERT INTO populacia  VALUES( 2009, 509124, 1210, 1231 );
INSERT INTO populacia  VALUES( 2009, 518263, 7195, 7593 );
INSERT INTO populacia  VALUES( 2009, 518271, 365, 367 );
INSERT INTO populacia  VALUES( 2009, 518379, 468, 501 );
INSERT INTO populacia  VALUES( 2009, 518450, 111, 107 );
INSERT INTO populacia  VALUES( 2009, 518468, 3802, 4019 );
INSERT INTO populacia  VALUES( 2009, 518492, 218, 255 );
INSERT INTO populacia  VALUES( 2009, 580520, 501, 499 );
INSERT INTO populacia  VALUES( 2009, 518549, 847, 826 );
INSERT INTO populacia  VALUES( 2009, 511510, 265, 275 );
INSERT INTO populacia  VALUES( 2009, 511731, 307, 301 );
INSERT INTO populacia  VALUES( 2009, 518794, 235, 236 );
INSERT INTO populacia  VALUES( 2009, 518816, 161, 185 );
INSERT INTO populacia  VALUES( 2009, 518824, 441, 470 );
INSERT INTO populacia  VALUES( 2009, 518921, 805, 870 );
INSERT INTO populacia  VALUES( 2009, 518930, 186, 189 );
INSERT INTO populacia  VALUES( 2009, 518212, 553, 556 );
INSERT INTO populacia  VALUES( 2009, 518239, 275, 303 );
INSERT INTO populacia  VALUES( 2009, 518247, 146, 136 );
INSERT INTO populacia  VALUES( 2009, 518255, 189, 207 );
INSERT INTO populacia  VALUES( 2009, 518280, 145, 164 );
INSERT INTO populacia  VALUES( 2009, 518301, 61, 63 );
INSERT INTO populacia  VALUES( 2009, 518310, 131, 123 );
INSERT INTO populacia  VALUES( 2009, 518336, 81, 100 );
INSERT INTO populacia  VALUES( 2009, 518344, 65, 56 );
INSERT INTO populacia  VALUES( 2009, 518352, 58, 59 );
INSERT INTO populacia  VALUES( 2009, 518387, 704, 808 );
INSERT INTO populacia  VALUES( 2009, 518409, 453, 444 );
INSERT INTO populacia  VALUES( 2009, 518417, 772, 802 );
INSERT INTO populacia  VALUES( 2009, 518425, 440, 475 );
INSERT INTO populacia  VALUES( 2009, 518433, 72, 106 );
INSERT INTO populacia  VALUES( 2009, 518441, 87, 93 );
INSERT INTO populacia  VALUES( 2009, 518484, 91, 105 );
INSERT INTO populacia  VALUES( 2009, 518514, 94, 83 );
INSERT INTO populacia  VALUES( 2009, 518531, 75, 102 );
INSERT INTO populacia  VALUES( 2009, 518557, 3696, 4089 );
INSERT INTO populacia  VALUES( 2009, 518565, 53, 54 );
INSERT INTO populacia  VALUES( 2009, 518573, 163, 153 );
INSERT INTO populacia  VALUES( 2009, 518603, 133, 131 );
INSERT INTO populacia  VALUES( 2009, 518611, 386, 402 );
INSERT INTO populacia  VALUES( 2009, 518646, 121, 137 );
INSERT INTO populacia  VALUES( 2009, 518701, 150, 168 );
INSERT INTO populacia  VALUES( 2009, 518735, 595, 634 );
INSERT INTO populacia  VALUES( 2009, 518743, 52, 55 );
INSERT INTO populacia  VALUES( 2009, 518751, 390, 363 );
INSERT INTO populacia  VALUES( 2009, 518832, 34, 30 );
INSERT INTO populacia  VALUES( 2009, 518841, 115, 108 );
INSERT INTO populacia  VALUES( 2009, 518867, 318, 368 );
INSERT INTO populacia  VALUES( 2009, 518883, 58, 51 );
INSERT INTO populacia  VALUES( 2009, 518905, 98, 92 );
INSERT INTO populacia  VALUES( 2009, 518956, 46, 63 );
INSERT INTO populacia  VALUES( 2009, 518999, 33, 28 );
INSERT INTO populacia  VALUES( 2009, 511226, 110, 115 );
INSERT INTO populacia  VALUES( 2009, 511234, 285, 346 );
INSERT INTO populacia  VALUES( 2009, 557315, 562, 581 );
INSERT INTO populacia  VALUES( 2009, 511251, 318, 326 );
INSERT INTO populacia  VALUES( 2009, 511277, 131, 132 );
INSERT INTO populacia  VALUES( 2009, 558273, 136, 150 );
INSERT INTO populacia  VALUES( 2009, 511293, 268, 254 );
INSERT INTO populacia  VALUES( 2009, 511323, 490, 569 );
INSERT INTO populacia  VALUES( 2009, 511331, 279, 261 );
INSERT INTO populacia  VALUES( 2009, 511358, 1002, 1031 );
INSERT INTO populacia  VALUES( 2009, 511366, 317, 345 );
INSERT INTO populacia  VALUES( 2009, 511391, 4904, 5448 );
INSERT INTO populacia  VALUES( 2009, 511404, 441, 451 );
INSERT INTO populacia  VALUES( 2009, 557331, 75, 72 );
INSERT INTO populacia  VALUES( 2009, 511421, 816, 857 );
INSERT INTO populacia  VALUES( 2009, 511439, 342, 344 );
INSERT INTO populacia  VALUES( 2009, 511463, 164, 138 );
INSERT INTO populacia  VALUES( 2009, 511480, 111, 107 );
INSERT INTO populacia  VALUES( 2009, 511374, 168, 170 );
INSERT INTO populacia  VALUES( 2009, 511528, 163, 169 );
INSERT INTO populacia  VALUES( 2009, 511536, 52, 41 );
INSERT INTO populacia  VALUES( 2009, 511544, 132, 138 );
INSERT INTO populacia  VALUES( 2009, 511552, 987, 1090 );
INSERT INTO populacia  VALUES( 2009, 511561, 151, 175 );
INSERT INTO populacia  VALUES( 2009, 511218, 12705, 14707 );
INSERT INTO populacia  VALUES( 2009, 511579, 118, 121 );
INSERT INTO populacia  VALUES( 2009, 511609, 155, 150 );
INSERT INTO populacia  VALUES( 2009, 580309, 139, 141 );
INSERT INTO populacia  VALUES( 2009, 511625, 359, 369 );
INSERT INTO populacia  VALUES( 2009, 511641, 560, 618 );
INSERT INTO populacia  VALUES( 2009, 511668, 155, 154 );
INSERT INTO populacia  VALUES( 2009, 511676, 95, 102 );
INSERT INTO populacia  VALUES( 2009, 511692, 367, 366 );
INSERT INTO populacia  VALUES( 2009, 511706, 130, 149 );
INSERT INTO populacia  VALUES( 2009, 511714, 114, 125 );
INSERT INTO populacia  VALUES( 2009, 511722, 111, 117 );
INSERT INTO populacia  VALUES( 2009, 511749, 269, 289 );
INSERT INTO populacia  VALUES( 2009, 511757, 76, 69 );
INSERT INTO populacia  VALUES( 2009, 511773, 48, 51 );
INSERT INTO populacia  VALUES( 2009, 511781, 88, 88 );
INSERT INTO populacia  VALUES( 2009, 511790, 777, 796 );
INSERT INTO populacia  VALUES( 2009, 511803, 494, 513 );
INSERT INTO populacia  VALUES( 2009, 511811, 164, 170 );
INSERT INTO populacia  VALUES( 2009, 511838, 429, 447 );
INSERT INTO populacia  VALUES( 2009, 511846, 297, 360 );
INSERT INTO populacia  VALUES( 2009, 511854, 288, 288 );
INSERT INTO populacia  VALUES( 2009, 511862, 156, 168 );
INSERT INTO populacia  VALUES( 2009, 511871, 604, 591 );
INSERT INTO populacia  VALUES( 2009, 511897, 236, 244 );
INSERT INTO populacia  VALUES( 2009, 511901, 164, 164 );
INSERT INTO populacia  VALUES( 2009, 511919, 709, 728 );
INSERT INTO populacia  VALUES( 2009, 511927, 478, 464 );
INSERT INTO populacia  VALUES( 2009, 557340, 209, 240 );
INSERT INTO populacia  VALUES( 2009, 511943, 187, 206 );
INSERT INTO populacia  VALUES( 2009, 511994, 444, 476 );
INSERT INTO populacia  VALUES( 2009, 512010, 323, 351 );
INSERT INTO populacia  VALUES( 2009, 557307, 873, 945 );
INSERT INTO populacia  VALUES( 2009, 511269, 384, 398 );
INSERT INTO populacia  VALUES( 2009, 511315, 1149, 1200 );
INSERT INTO populacia  VALUES( 2009, 511340, 235, 271 );
INSERT INTO populacia  VALUES( 2009, 557323, 58, 53 );
INSERT INTO populacia  VALUES( 2009, 511447, 125, 138 );
INSERT INTO populacia  VALUES( 2009, 514900, 485, 509 );
INSERT INTO populacia  VALUES( 2009, 514918, 403, 431 );
INSERT INTO populacia  VALUES( 2009, 511471, 1130, 1191 );
INSERT INTO populacia  VALUES( 2009, 511498, 1515, 1548 );
INSERT INTO populacia  VALUES( 2009, 511501, 23, 29 );
INSERT INTO populacia  VALUES( 2009, 511595, 721, 740 );
INSERT INTO populacia  VALUES( 2009, 511617, 55, 52 );
INSERT INTO populacia  VALUES( 2009, 511684, 172, 180 );
INSERT INTO populacia  VALUES( 2009, 511765, 2827, 3053 );
INSERT INTO populacia  VALUES( 2009, 511820, 123, 133 );
INSERT INTO populacia  VALUES( 2009, 515515, 45, 56 );
INSERT INTO populacia  VALUES( 2009, 515591, 213, 236 );
INSERT INTO populacia  VALUES( 2009, 511889, 59, 70 );
INSERT INTO populacia  VALUES( 2009, 511978, 300, 277 );
INSERT INTO populacia  VALUES( 2009, 580317, 512, 541 );
INSERT INTO populacia  VALUES( 2009, 512001, 213, 233 );
INSERT INTO populacia  VALUES( 2009, 582051, 230, 257 );
INSERT INTO populacia  VALUES( 2009, 514675, 254, 271 );
INSERT INTO populacia  VALUES( 2009, 514721, 405, 404 );
INSERT INTO populacia  VALUES( 2009, 514756, 478, 479 );
INSERT INTO populacia  VALUES( 2009, 525677, 186, 177 );
INSERT INTO populacia  VALUES( 2009, 525685, 150, 155 );
INSERT INTO populacia  VALUES( 2009, 514896, 29, 38 );
INSERT INTO populacia  VALUES( 2009, 525766, 417, 425 );
INSERT INTO populacia  VALUES( 2009, 514977, 83, 88 );
INSERT INTO populacia  VALUES( 2009, 525774, 202, 208 );
INSERT INTO populacia  VALUES( 2009, 525791, 1589, 1601 );
INSERT INTO populacia  VALUES( 2009, 525812, 394, 347 );
INSERT INTO populacia  VALUES( 2009, 515574, 52, 45 );
INSERT INTO populacia  VALUES( 2009, 515159, 114, 118 );
INSERT INTO populacia  VALUES( 2009, 525901, 359, 341 );
INSERT INTO populacia  VALUES( 2009, 525928, 622, 677 );
INSERT INTO populacia  VALUES( 2009, 525944, 233, 209 );
INSERT INTO populacia  VALUES( 2009, 580384, 266, 280 );
INSERT INTO populacia  VALUES( 2009, 525987, 616, 647 );
INSERT INTO populacia  VALUES( 2009, 525995, 441, 427 );
INSERT INTO populacia  VALUES( 2009, 526002, 95, 100 );
INSERT INTO populacia  VALUES( 2009, 526011, 117, 100 );
INSERT INTO populacia  VALUES( 2009, 526029, 134, 128 );
INSERT INTO populacia  VALUES( 2009, 526037, 144, 133 );
INSERT INTO populacia  VALUES( 2009, 515256, 154, 158 );
INSERT INTO populacia  VALUES( 2009, 515302, 41, 37 );
INSERT INTO populacia  VALUES( 2009, 515311, 69, 65 );
INSERT INTO populacia  VALUES( 2009, 526100, 43, 37 );
INSERT INTO populacia  VALUES( 2009, 526118, 228, 199 );
INSERT INTO populacia  VALUES( 2009, 515361, 61, 69 );
INSERT INTO populacia  VALUES( 2009, 515370, 289, 285 );
INSERT INTO populacia  VALUES( 2009, 515400, 184, 201 );
INSERT INTO populacia  VALUES( 2009, 526142, 6261, 6641 );
INSERT INTO populacia  VALUES( 2009, 526151, 164, 166 );
INSERT INTO populacia  VALUES( 2009, 515507, 69, 66 );
INSERT INTO populacia  VALUES( 2009, 557820, 82, 78 );
INSERT INTO populacia  VALUES( 2009, 526258, 558, 582 );
INSERT INTO populacia  VALUES( 2009, 515523, 118, 117 );
INSERT INTO populacia  VALUES( 2009, 526304, 206, 186 );
INSERT INTO populacia  VALUES( 2009, 515612, 3745, 4109 );
INSERT INTO populacia  VALUES( 2009, 526321, 129, 126 );
INSERT INTO populacia  VALUES( 2009, 515761, 34, 29 );
INSERT INTO populacia  VALUES( 2009, 515833, 72, 80 );
INSERT INTO populacia  VALUES( 2009, 557757, 316, 307 );
INSERT INTO populacia  VALUES( 2009, 514489, 35, 38 );
INSERT INTO populacia  VALUES( 2009, 514501, 248, 241 );
INSERT INTO populacia  VALUES( 2009, 514519, 490, 494 );
INSERT INTO populacia  VALUES( 2009, 514535, 91, 94 );
INSERT INTO populacia  VALUES( 2009, 514543, 376, 404 );
INSERT INTO populacia  VALUES( 2009, 514551, 108, 106 );
INSERT INTO populacia  VALUES( 2009, 514586, 19, 25 );
INSERT INTO populacia  VALUES( 2009, 514594, 157, 135 );
INSERT INTO populacia  VALUES( 2009, 514608, 262, 262 );
INSERT INTO populacia  VALUES( 2009, 514616, 79, 69 );
INSERT INTO populacia  VALUES( 2009, 514624, 333, 354 );
INSERT INTO populacia  VALUES( 2009, 514632, 86, 115 );
INSERT INTO populacia  VALUES( 2009, 514641, 105, 124 );
INSERT INTO populacia  VALUES( 2009, 514659, 124, 127 );
INSERT INTO populacia  VALUES( 2009, 514667, 109, 105 );
INSERT INTO populacia  VALUES( 2009, 514683, 62, 96 );
INSERT INTO populacia  VALUES( 2009, 514691, 279, 289 );
INSERT INTO populacia  VALUES( 2009, 557919, 102, 102 );
INSERT INTO populacia  VALUES( 2009, 514713, 220, 197 );
INSERT INTO populacia  VALUES( 2009, 514730, 47, 58 );
INSERT INTO populacia  VALUES( 2009, 514764, 206, 229 );
INSERT INTO populacia  VALUES( 2009, 557889, 51, 49 );
INSERT INTO populacia  VALUES( 2009, 514781, 322, 343 );
INSERT INTO populacia  VALUES( 2009, 514799, 267, 250 );
INSERT INTO populacia  VALUES( 2009, 514811, 570, 615 );
INSERT INTO populacia  VALUES( 2009, 514829, 3636, 3849 );
INSERT INTO populacia  VALUES( 2009, 514837, 675, 771 );
INSERT INTO populacia  VALUES( 2009, 514845, 95, 98 );
INSERT INTO populacia  VALUES( 2009, 514853, 80, 66 );
INSERT INTO populacia  VALUES( 2009, 514861, 468, 496 );
INSERT INTO populacia  VALUES( 2009, 514870, 104, 103 );
INSERT INTO populacia  VALUES( 2009, 514888, 416, 430 );
INSERT INTO populacia  VALUES( 2009, 514926, 90, 104 );
INSERT INTO populacia  VALUES( 2009, 514934, 63, 73 );
INSERT INTO populacia  VALUES( 2009, 514942, 262, 275 );
INSERT INTO populacia  VALUES( 2009, 514951, 326, 367 );
INSERT INTO populacia  VALUES( 2009, 514969, 190, 206 );
INSERT INTO populacia  VALUES( 2009, 514985, 132, 111 );
INSERT INTO populacia  VALUES( 2009, 514993, 104, 115 );
INSERT INTO populacia  VALUES( 2009, 515001, 1096, 1148 );
INSERT INTO populacia  VALUES( 2009, 515019, 76, 86 );
INSERT INTO populacia  VALUES( 2009, 515027, 320, 381 );
INSERT INTO populacia  VALUES( 2009, 515035, 110, 97 );
INSERT INTO populacia  VALUES( 2009, 515043, 1582, 1622 );
INSERT INTO populacia  VALUES( 2009, 515051, 103, 104 );
INSERT INTO populacia  VALUES( 2009, 515060, 154, 154 );
INSERT INTO populacia  VALUES( 2009, 515078, 455, 465 );
INSERT INTO populacia  VALUES( 2009, 515086, 72, 65 );
INSERT INTO populacia  VALUES( 2009, 515094, 20, 15 );
INSERT INTO populacia  VALUES( 2009, 515108, 167, 176 );
INSERT INTO populacia  VALUES( 2009, 515116, 45, 32 );
INSERT INTO populacia  VALUES( 2009, 515124, 159, 143 );
INSERT INTO populacia  VALUES( 2009, 515132, 270, 272 );
INSERT INTO populacia  VALUES( 2009, 515141, 92, 105 );
INSERT INTO populacia  VALUES( 2009, 515167, 45, 44 );
INSERT INTO populacia  VALUES( 2009, 515175, 98, 92 );
INSERT INTO populacia  VALUES( 2009, 515183, 95, 111 );
INSERT INTO populacia  VALUES( 2009, 515205, 158, 122 );
INSERT INTO populacia  VALUES( 2009, 557790, 91, 99 );
INSERT INTO populacia  VALUES( 2009, 515230, 253, 271 );
INSERT INTO populacia  VALUES( 2009, 515248, 66, 85 );
INSERT INTO populacia  VALUES( 2009, 515264, 737, 834 );
INSERT INTO populacia  VALUES( 2009, 515272, 82, 90 );
INSERT INTO populacia  VALUES( 2009, 515281, 175, 188 );
INSERT INTO populacia  VALUES( 2009, 515299, 111, 123 );
INSERT INTO populacia  VALUES( 2009, 515337, 7, 9 );
INSERT INTO populacia  VALUES( 2009, 515345, 17, 18 );
INSERT INTO populacia  VALUES( 2009, 515353, 379, 368 );
INSERT INTO populacia  VALUES( 2009, 557854, 117, 146 );
INSERT INTO populacia  VALUES( 2009, 515388, 18, 27 );
INSERT INTO populacia  VALUES( 2009, 515396, 19, 25 );
INSERT INTO populacia  VALUES( 2009, 557765, 123, 112 );
INSERT INTO populacia  VALUES( 2009, 515426, 256, 244 );
INSERT INTO populacia  VALUES( 2009, 515442, 942, 1004 );
INSERT INTO populacia  VALUES( 2009, 514462, 11474, 12664 );
INSERT INTO populacia  VALUES( 2009, 515451, 271, 264 );
INSERT INTO populacia  VALUES( 2009, 515469, 611, 656 );
INSERT INTO populacia  VALUES( 2009, 557811, 171, 169 );
INSERT INTO populacia  VALUES( 2009, 515485, 76, 67 );
INSERT INTO populacia  VALUES( 2009, 515493, 201, 194 );
INSERT INTO populacia  VALUES( 2009, 515531, 104, 89 );
INSERT INTO populacia  VALUES( 2009, 515540, 155, 180 );
INSERT INTO populacia  VALUES( 2009, 515566, 160, 150 );
INSERT INTO populacia  VALUES( 2009, 515582, 129, 155 );
INSERT INTO populacia  VALUES( 2009, 515604, 256, 233 );
INSERT INTO populacia  VALUES( 2009, 515621, 274, 259 );
INSERT INTO populacia  VALUES( 2009, 515639, 462, 473 );
INSERT INTO populacia  VALUES( 2009, 515647, 37, 36 );
INSERT INTO populacia  VALUES( 2009, 515655, 176, 192 );
INSERT INTO populacia  VALUES( 2009, 515663, 251, 279 );
INSERT INTO populacia  VALUES( 2009, 515671, 147, 131 );
INSERT INTO populacia  VALUES( 2009, 515680, 1968, 2096 );
INSERT INTO populacia  VALUES( 2009, 515698, 101, 101 );
INSERT INTO populacia  VALUES( 2009, 515701, 340, 367 );
INSERT INTO populacia  VALUES( 2009, 515795, 166, 170 );
INSERT INTO populacia  VALUES( 2009, 515710, 382, 415 );
INSERT INTO populacia  VALUES( 2009, 515728, 123, 148 );
INSERT INTO populacia  VALUES( 2009, 515736, 416, 411 );
INSERT INTO populacia  VALUES( 2009, 515744, 528, 655 );
INSERT INTO populacia  VALUES( 2009, 515752, 76, 78 );
INSERT INTO populacia  VALUES( 2009, 515779, 180, 188 );
INSERT INTO populacia  VALUES( 2009, 557901, 176, 159 );
INSERT INTO populacia  VALUES( 2009, 515809, 73, 74 );
INSERT INTO populacia  VALUES( 2009, 515817, 61, 79 );
INSERT INTO populacia  VALUES( 2009, 557927, 184, 183 );
INSERT INTO populacia  VALUES( 2009, 515841, 114, 126 );
INSERT INTO populacia  VALUES( 2009, 515868, 412, 447 );
INSERT INTO populacia  VALUES( 2009, 515876, 176, 188 );
INSERT INTO populacia  VALUES( 2009, 515884, 56, 44 );
INSERT INTO populacia  VALUES( 2009, 515892, 701, 752 );
INSERT INTO populacia  VALUES( 2009, 515906, 508, 511 );
INSERT INTO populacia  VALUES( 2009, 515914, 281, 211 );
INSERT INTO populacia  VALUES( 2009, 515922, 223, 228 );
INSERT INTO populacia  VALUES( 2009, 515931, 13, 22 );
INSERT INTO populacia  VALUES( 2009, 515949, 212, 210 );
INSERT INTO populacia  VALUES( 2009, 515957, 219, 256 );
INSERT INTO populacia  VALUES( 2009, 515965, 481, 514 );
INSERT INTO populacia  VALUES( 2009, 515973, 289, 318 );
INSERT INTO populacia  VALUES( 2009, 515981, 97, 88 );
INSERT INTO populacia  VALUES( 2009, 515990, 62, 68 );
INSERT INTO populacia  VALUES( 2009, 516007, 53, 52 );
INSERT INTO populacia  VALUES( 2009, 516015, 95, 93 );
INSERT INTO populacia  VALUES( 2009, 516023, 98, 104 );
INSERT INTO populacia  VALUES( 2009, 516031, 128, 131 );
INSERT INTO populacia  VALUES( 2009, 516040, 437, 450 );
INSERT INTO populacia  VALUES( 2009, 516058, 113, 113 );
INSERT INTO populacia  VALUES( 2009, 516066, 75, 72 );
INSERT INTO populacia  VALUES( 2009, 516074, 334, 297 );
INSERT INTO populacia  VALUES( 2009, 516082, 172, 187 );
INSERT INTO populacia  VALUES( 2009, 516091, 152, 161 );
INSERT INTO populacia  VALUES( 2009, 516104, 147, 153 );
INSERT INTO populacia  VALUES( 2009, 516112, 133, 142 );
INSERT INTO populacia  VALUES( 2009, 516121, 303, 314 );
INSERT INTO populacia  VALUES( 2009, 516139, 192, 232 );
INSERT INTO populacia  VALUES( 2009, 516147, 189, 180 );
INSERT INTO populacia  VALUES( 2009, 516155, 230, 277 );
INSERT INTO populacia  VALUES( 2009, 516163, 75, 89 );
INSERT INTO populacia  VALUES( 2009, 516171, 112, 115 );
INSERT INTO populacia  VALUES( 2009, 558206, 70, 61 );
INSERT INTO populacia  VALUES( 2009, 516198, 138, 144 );
INSERT INTO populacia  VALUES( 2009, 558192, 241, 262 );
INSERT INTO populacia  VALUES( 2009, 516210, 792, 771 );
INSERT INTO populacia  VALUES( 2009, 516228, 165, 164 );
INSERT INTO populacia  VALUES( 2009, 516236, 662, 722 );
INSERT INTO populacia  VALUES( 2009, 516244, 192, 204 );
INSERT INTO populacia  VALUES( 2009, 516252, 244, 252 );
INSERT INTO populacia  VALUES( 2009, 516261, 151, 162 );
INSERT INTO populacia  VALUES( 2009, 516279, 342, 331 );
INSERT INTO populacia  VALUES( 2009, 516287, 61, 66 );
INSERT INTO populacia  VALUES( 2009, 516295, 420, 445 );
INSERT INTO populacia  VALUES( 2009, 516309, 44, 43 );
INSERT INTO populacia  VALUES( 2009, 516317, 268, 299 );
INSERT INTO populacia  VALUES( 2009, 516333, 184, 206 );
INSERT INTO populacia  VALUES( 2009, 516341, 97, 115 );
INSERT INTO populacia  VALUES( 2009, 516368, 93, 122 );
INSERT INTO populacia  VALUES( 2009, 516376, 395, 441 );
INSERT INTO populacia  VALUES( 2009, 516384, 278, 278 );
INSERT INTO populacia  VALUES( 2009, 516392, 82, 85 );
INSERT INTO populacia  VALUES( 2009, 516406, 298, 362 );
INSERT INTO populacia  VALUES( 2009, 516414, 133, 132 );
INSERT INTO populacia  VALUES( 2009, 516422, 57, 65 );
INSERT INTO populacia  VALUES( 2009, 516431, 102, 117 );
INSERT INTO populacia  VALUES( 2009, 516449, 36, 44 );
INSERT INTO populacia  VALUES( 2009, 516457, 91, 100 );
INSERT INTO populacia  VALUES( 2009, 516465, 283, 309 );
INSERT INTO populacia  VALUES( 2009, 516473, 224, 211 );
INSERT INTO populacia  VALUES( 2009, 558214, 80, 72 );
INSERT INTO populacia  VALUES( 2009, 516490, 244, 240 );
INSERT INTO populacia  VALUES( 2009, 515850, 6390, 6952 );
INSERT INTO populacia  VALUES( 2009, 516503, 115, 106 );
INSERT INTO populacia  VALUES( 2009, 516511, 111, 108 );
INSERT INTO populacia  VALUES( 2009, 516520, 891, 987 );
INSERT INTO populacia  VALUES( 2009, 516538, 180, 196 );
INSERT INTO populacia  VALUES( 2009, 516546, 324, 376 );
INSERT INTO populacia  VALUES( 2009, 516554, 264, 260 );
INSERT INTO populacia  VALUES( 2009, 516562, 70, 68 );
INSERT INTO populacia  VALUES( 2009, 516571, 649, 688 );
INSERT INTO populacia  VALUES( 2009, 518166, 234, 243 );
INSERT INTO populacia  VALUES( 2009, 518174, 71, 83 );
INSERT INTO populacia  VALUES( 2009, 518191, 179, 178 );
INSERT INTO populacia  VALUES( 2009, 518204, 617, 629 );
INSERT INTO populacia  VALUES( 2009, 518221, 52, 63 );
INSERT INTO populacia  VALUES( 2009, 518298, 896, 944 );
INSERT INTO populacia  VALUES( 2009, 518361, 127, 128 );
INSERT INTO populacia  VALUES( 2009, 518476, 139, 128 );
INSERT INTO populacia  VALUES( 2009, 518506, 750, 745 );
INSERT INTO populacia  VALUES( 2009, 518581, 23, 30 );
INSERT INTO populacia  VALUES( 2009, 558133, 692, 750 );
INSERT INTO populacia  VALUES( 2009, 558087, 72, 67 );
INSERT INTO populacia  VALUES( 2009, 518654, 22, 22 );
INSERT INTO populacia  VALUES( 2009, 518662, 1253, 1311 );
INSERT INTO populacia  VALUES( 2009, 518671, 137, 131 );
INSERT INTO populacia  VALUES( 2009, 518689, 1120, 1163 );
INSERT INTO populacia  VALUES( 2009, 518697, 207, 190 );
INSERT INTO populacia  VALUES( 2009, 518727, 501, 487 );
INSERT INTO populacia  VALUES( 2009, 518760, 643, 653 );
INSERT INTO populacia  VALUES( 2009, 518808, 2388, 2560 );
INSERT INTO populacia  VALUES( 2009, 518875, 193, 177 );
INSERT INTO populacia  VALUES( 2009, 518891, 178, 196 );
INSERT INTO populacia  VALUES( 2009, 581585, 228, 235 );
INSERT INTO populacia  VALUES( 2009, 518158, 20064, 22332 );
INSERT INTO populacia  VALUES( 2009, 518972, 1331, 1470 );
INSERT INTO populacia  VALUES( 2009, 518981, 259, 265 );
INSERT INTO populacia  VALUES( 2009, 581607, 558, 515 );
INSERT INTO populacia  VALUES( 2009, 516759, 1091, 1099 );
INSERT INTO populacia  VALUES( 2009, 516805, 332, 314 );
INSERT INTO populacia  VALUES( 2009, 516813, 301, 303 );
INSERT INTO populacia  VALUES( 2009, 516830, 624, 618 );
INSERT INTO populacia  VALUES( 2009, 516902, 118, 119 );
INSERT INTO populacia  VALUES( 2009, 517062, 474, 449 );
INSERT INTO populacia  VALUES( 2009, 517097, 3593, 3869 );
INSERT INTO populacia  VALUES( 2009, 580546, 286, 266 );
INSERT INTO populacia  VALUES( 2009, 517119, 298, 276 );
INSERT INTO populacia  VALUES( 2009, 517127, 75, 71 );
INSERT INTO populacia  VALUES( 2009, 517232, 256, 262 );
INSERT INTO populacia  VALUES( 2009, 517291, 580, 637 );
INSERT INTO populacia  VALUES( 2009, 517330, 607, 595 );
INSERT INTO populacia  VALUES( 2009, 517348, 222, 206 );
INSERT INTO populacia  VALUES( 2009, 517356, 301, 341 );
INSERT INTO populacia  VALUES( 2009, 517381, 3081, 3252 );
INSERT INTO populacia  VALUES( 2009, 517399, 403, 402 );
INSERT INTO populacia  VALUES( 2009, 516660, 175, 231 );
INSERT INTO populacia  VALUES( 2009, 516708, 265, 253 );
INSERT INTO populacia  VALUES( 2009, 516724, 161, 185 );
INSERT INTO populacia  VALUES( 2009, 516732, 125, 120 );
INSERT INTO populacia  VALUES( 2009, 516741, 344, 372 );
INSERT INTO populacia  VALUES( 2009, 516767, 1435, 1550 );
INSERT INTO populacia  VALUES( 2009, 581747, 374, 385 );
INSERT INTO populacia  VALUES( 2009, 516791, 280, 274 );
INSERT INTO populacia  VALUES( 2009, 516821, 210, 214 );
INSERT INTO populacia  VALUES( 2009, 516848, 256, 303 );
INSERT INTO populacia  VALUES( 2009, 516872, 445, 475 );
INSERT INTO populacia  VALUES( 2009, 516881, 292, 277 );
INSERT INTO populacia  VALUES( 2009, 516937, 226, 207 );
INSERT INTO populacia  VALUES( 2009, 516945, 217, 215 );
INSERT INTO populacia  VALUES( 2009, 516961, 85, 95 );
INSERT INTO populacia  VALUES( 2009, 516970, 2571, 2885 );
INSERT INTO populacia  VALUES( 2009, 516988, 128, 129 );
INSERT INTO populacia  VALUES( 2009, 516996, 128, 122 );
INSERT INTO populacia  VALUES( 2009, 599328, 389, 397 );
INSERT INTO populacia  VALUES( 2009, 517011, 199, 197 );
INSERT INTO populacia  VALUES( 2009, 517020, 333, 363 );
INSERT INTO populacia  VALUES( 2009, 517038, 770, 795 );
INSERT INTO populacia  VALUES( 2009, 517046, 118, 113 );
INSERT INTO populacia  VALUES( 2009, 599336, 612, 678 );
INSERT INTO populacia  VALUES( 2009, 517089, 209, 225 );
INSERT INTO populacia  VALUES( 2009, 517135, 341, 331 );
INSERT INTO populacia  VALUES( 2009, 517186, 333, 341 );
INSERT INTO populacia  VALUES( 2009, 517194, 289, 301 );
INSERT INTO populacia  VALUES( 2009, 517216, 149, 153 );
INSERT INTO populacia  VALUES( 2009, 517241, 209, 204 );
INSERT INTO populacia  VALUES( 2009, 517259, 234, 251 );
INSERT INTO populacia  VALUES( 2009, 517267, 552, 562 );
INSERT INTO populacia  VALUES( 2009, 517313, 576, 584 );
INSERT INTO populacia  VALUES( 2009, 517364, 633, 667 );
INSERT INTO populacia  VALUES( 2009, 516589, 9280, 10129 );
INSERT INTO populacia  VALUES( 2009, 519014, 182, 185 );
INSERT INTO populacia  VALUES( 2009, 519022, 176, 156 );
INSERT INTO populacia  VALUES( 2009, 519006, 16476, 16942 );
INSERT INTO populacia  VALUES( 2009, 519049, 352, 352 );
INSERT INTO populacia  VALUES( 2009, 519057, 126, 132 );
INSERT INTO populacia  VALUES( 2009, 519065, 401, 417 );
INSERT INTO populacia  VALUES( 2009, 519073, 74, 59 );
INSERT INTO populacia  VALUES( 2009, 519081, 206, 193 );
INSERT INTO populacia  VALUES( 2009, 519090, 45, 58 );
INSERT INTO populacia  VALUES( 2009, 519103, 111, 114 );
INSERT INTO populacia  VALUES( 2009, 519111, 248, 273 );
INSERT INTO populacia  VALUES( 2009, 519138, 172, 170 );
INSERT INTO populacia  VALUES( 2009, 519154, 124, 147 );
INSERT INTO populacia  VALUES( 2009, 519162, 338, 349 );
INSERT INTO populacia  VALUES( 2009, 519171, 253, 259 );
INSERT INTO populacia  VALUES( 2009, 519189, 500, 503 );
INSERT INTO populacia  VALUES( 2009, 519201, 201, 203 );
INSERT INTO populacia  VALUES( 2009, 519219, 114, 154 );
INSERT INTO populacia  VALUES( 2009, 519227, 578, 587 );
INSERT INTO populacia  VALUES( 2009, 519235, 500, 514 );
INSERT INTO populacia  VALUES( 2009, 519243, 253, 260 );
INSERT INTO populacia  VALUES( 2009, 519251, 238, 264 );
INSERT INTO populacia  VALUES( 2009, 519260, 277, 286 );
INSERT INTO populacia  VALUES( 2009, 519278, 39, 48 );
INSERT INTO populacia  VALUES( 2009, 519286, 193, 203 );
INSERT INTO populacia  VALUES( 2009, 519294, 213, 209 );
INSERT INTO populacia  VALUES( 2009, 519308, 28, 48 );
INSERT INTO populacia  VALUES( 2009, 519324, 535, 515 );
INSERT INTO populacia  VALUES( 2009, 519341, 433, 413 );
INSERT INTO populacia  VALUES( 2009, 519359, 128, 124 );
INSERT INTO populacia  VALUES( 2009, 519367, 207, 203 );
INSERT INTO populacia  VALUES( 2009, 519375, 343, 348 );
INSERT INTO populacia  VALUES( 2009, 519383, 61, 57 );
INSERT INTO populacia  VALUES( 2009, 519405, 94, 110 );
INSERT INTO populacia  VALUES( 2009, 519413, 43, 37 );
INSERT INTO populacia  VALUES( 2009, 519421, 491, 507 );
INSERT INTO populacia  VALUES( 2009, 519430, 154, 154 );
INSERT INTO populacia  VALUES( 2009, 519456, 565, 555 );
INSERT INTO populacia  VALUES( 2009, 519464, 292, 293 );
INSERT INTO populacia  VALUES( 2009, 519472, 270, 276 );
INSERT INTO populacia  VALUES( 2009, 519481, 518, 538 );
INSERT INTO populacia  VALUES( 2009, 519499, 35, 41 );
INSERT INTO populacia  VALUES( 2009, 519502, 42, 50 );
INSERT INTO populacia  VALUES( 2009, 519511, 25, 28 );
INSERT INTO populacia  VALUES( 2009, 519529, 160, 165 );
INSERT INTO populacia  VALUES( 2009, 519545, 184, 198 );
INSERT INTO populacia  VALUES( 2009, 519553, 308, 295 );
INSERT INTO populacia  VALUES( 2009, 519570, 753, 733 );
INSERT INTO populacia  VALUES( 2009, 519588, 482, 496 );
INSERT INTO populacia  VALUES( 2009, 519600, 70, 67 );
INSERT INTO populacia  VALUES( 2009, 519618, 363, 351 );
INSERT INTO populacia  VALUES( 2009, 519626, 135, 124 );
INSERT INTO populacia  VALUES( 2009, 519634, 124, 129 );
INSERT INTO populacia  VALUES( 2009, 519642, 140, 145 );
INSERT INTO populacia  VALUES( 2009, 519669, 260, 233 );
INSERT INTO populacia  VALUES( 2009, 519677, 85, 75 );
INSERT INTO populacia  VALUES( 2009, 519685, 10, 15 );
INSERT INTO populacia  VALUES( 2009, 519693, 84, 82 );
INSERT INTO populacia  VALUES( 2009, 519707, 457, 495 );
INSERT INTO populacia  VALUES( 2009, 519715, 369, 371 );
INSERT INTO populacia  VALUES( 2009, 519723, 183, 184 );
INSERT INTO populacia  VALUES( 2009, 519731, 107, 121 );
INSERT INTO populacia  VALUES( 2009, 519936, 1327, 1350 );
INSERT INTO populacia  VALUES( 2009, 519740, 14, 9 );
INSERT INTO populacia  VALUES( 2009, 519758, 170, 168 );
INSERT INTO populacia  VALUES( 2009, 519766, 485, 494 );
INSERT INTO populacia  VALUES( 2009, 519774, 291, 258 );
INSERT INTO populacia  VALUES( 2009, 519782, 355, 369 );
INSERT INTO populacia  VALUES( 2009, 519791, 321, 330 );
INSERT INTO populacia  VALUES( 2009, 519804, 132, 122 );
INSERT INTO populacia  VALUES( 2009, 519812, 155, 168 );
INSERT INTO populacia  VALUES( 2009, 519821, 270, 312 );
INSERT INTO populacia  VALUES( 2009, 519839, 260, 286 );
INSERT INTO populacia  VALUES( 2009, 519847, 147, 153 );
INSERT INTO populacia  VALUES( 2009, 519855, 70, 65 );
INSERT INTO populacia  VALUES( 2009, 519863, 268, 298 );
INSERT INTO populacia  VALUES( 2009, 519871, 188, 209 );
INSERT INTO populacia  VALUES( 2009, 519880, 145, 172 );
INSERT INTO populacia  VALUES( 2009, 518964, 172, 194 );
INSERT INTO populacia  VALUES( 2009, 519901, 109, 84 );
INSERT INTO populacia  VALUES( 2009, 519910, 63, 50 );
INSERT INTO populacia  VALUES( 2009, 519928, 203, 199 );
INSERT INTO populacia  VALUES( 2009, 519944, 78, 72 );
INSERT INTO populacia  VALUES( 2009, 519952, 68, 49 );
INSERT INTO populacia  VALUES( 2009, 519961, 1535, 1564 );
INSERT INTO populacia  VALUES( 2009, 519979, 372, 391 );
INSERT INTO populacia  VALUES( 2009, 520012, 109, 111 );
INSERT INTO populacia  VALUES( 2009, 520021, 211, 207 );
INSERT INTO populacia  VALUES( 2009, 520055, 638, 668 );
INSERT INTO populacia  VALUES( 2009, 520063, 277, 269 );
INSERT INTO populacia  VALUES( 2009, 520110, 80, 99 );
INSERT INTO populacia  VALUES( 2009, 520152, 78, 87 );
INSERT INTO populacia  VALUES( 2009, 559644, 61, 63 );
INSERT INTO populacia  VALUES( 2009, 520195, 286, 275 );
INSERT INTO populacia  VALUES( 2009, 559598, 342, 368 );
INSERT INTO populacia  VALUES( 2009, 520225, 296, 295 );
INSERT INTO populacia  VALUES( 2009, 520233, 241, 261 );
INSERT INTO populacia  VALUES( 2009, 520241, 202, 220 );
INSERT INTO populacia  VALUES( 2009, 520004, 16892, 17914 );
INSERT INTO populacia  VALUES( 2009, 520268, 278, 269 );
INSERT INTO populacia  VALUES( 2009, 520276, 179, 246 );
INSERT INTO populacia  VALUES( 2009, 520292, 140, 125 );
INSERT INTO populacia  VALUES( 2009, 559547, 595, 571 );
INSERT INTO populacia  VALUES( 2009, 520331, 1177, 1172 );
INSERT INTO populacia  VALUES( 2009, 520349, 289, 276 );
INSERT INTO populacia  VALUES( 2009, 520357, 206, 237 );
INSERT INTO populacia  VALUES( 2009, 520373, 380, 379 );
INSERT INTO populacia  VALUES( 2009, 528803, 297, 304 );
INSERT INTO populacia  VALUES( 2009, 520403, 316, 303 );
INSERT INTO populacia  VALUES( 2009, 582140, 284, 293 );
INSERT INTO populacia  VALUES( 2009, 520446, 213, 213 );
INSERT INTO populacia  VALUES( 2009, 520454, 435, 411 );
INSERT INTO populacia  VALUES( 2009, 520462, 246, 260 );
INSERT INTO populacia  VALUES( 2009, 559652, 23, 26 );
INSERT INTO populacia  VALUES( 2009, 520497, 493, 543 );
INSERT INTO populacia  VALUES( 2009, 520501, 274, 276 );
INSERT INTO populacia  VALUES( 2009, 520527, 52, 55 );
INSERT INTO populacia  VALUES( 2009, 520535, 98, 92 );
INSERT INTO populacia  VALUES( 2009, 528897, 164, 169 );
INSERT INTO populacia  VALUES( 2009, 520543, 172, 193 );
INSERT INTO populacia  VALUES( 2009, 520560, 320, 330 );
INSERT INTO populacia  VALUES( 2009, 528951, 238, 236 );
INSERT INTO populacia  VALUES( 2009, 520624, 516, 516 );
INSERT INTO populacia  VALUES( 2009, 520667, 129, 162 );
INSERT INTO populacia  VALUES( 2009, 529010, 30, 32 );
INSERT INTO populacia  VALUES( 2009, 520683, 304, 329 );
INSERT INTO populacia  VALUES( 2009, 529061, 11, 2 );
INSERT INTO populacia  VALUES( 2009, 520250, 143, 150 );
INSERT INTO populacia  VALUES( 2009, 520721, 207, 253 );
INSERT INTO populacia  VALUES( 2009, 529087, 60, 53 );
INSERT INTO populacia  VALUES( 2009, 529095, 123, 132 );
INSERT INTO populacia  VALUES( 2009, 520772, 244, 266 );
INSERT INTO populacia  VALUES( 2009, 520781, 61, 72 );
INSERT INTO populacia  VALUES( 2009, 559636, 65, 54 );
INSERT INTO populacia  VALUES( 2009, 520896, 428, 414 );
INSERT INTO populacia  VALUES( 2009, 520900, 155, 165 );
INSERT INTO populacia  VALUES( 2009, 520926, 620, 602 );
INSERT INTO populacia  VALUES( 2009, 518638, 0, 0 );
INSERT INTO populacia  VALUES( 2009, 520977, 169, 159 );
INSERT INTO populacia  VALUES( 2009, 520985, 163, 155 );
INSERT INTO populacia  VALUES( 2009, 521019, 27, 26 );
INSERT INTO populacia  VALUES( 2009, 529249, 186, 202 );
INSERT INTO populacia  VALUES( 2009, 521027, 99, 115 );
INSERT INTO populacia  VALUES( 2009, 521035, 230, 231 );
INSERT INTO populacia  VALUES( 2009, 529273, 29, 38 );
INSERT INTO populacia  VALUES( 2009, 521043, 264, 254 );
INSERT INTO populacia  VALUES( 2009, 521086, 322, 298 );
INSERT INTO populacia  VALUES( 2009, 521116, 181, 188 );
INSERT INTO populacia  VALUES( 2009, 523399, 118, 129 );
INSERT INTO populacia  VALUES( 2009, 523411, 156, 149 );
INSERT INTO populacia  VALUES( 2009, 523429, 103, 126 );
INSERT INTO populacia  VALUES( 2009, 523461, 21, 20 );
INSERT INTO populacia  VALUES( 2009, 523470, 444, 418 );
INSERT INTO populacia  VALUES( 2009, 523500, 47, 54 );
INSERT INTO populacia  VALUES( 2009, 523526, 1242, 1341 );
INSERT INTO populacia  VALUES( 2009, 523534, 713, 730 );
INSERT INTO populacia  VALUES( 2009, 523569, 54, 53 );
INSERT INTO populacia  VALUES( 2009, 523577, 469, 470 );
INSERT INTO populacia  VALUES( 2009, 523585, 8103, 8799 );
INSERT INTO populacia  VALUES( 2009, 523607, 986, 972 );
INSERT INTO populacia  VALUES( 2009, 523615, 148, 142 );
INSERT INTO populacia  VALUES( 2009, 523623, 2572, 2381 );
INSERT INTO populacia  VALUES( 2009, 523682, 2053, 2109 );
INSERT INTO populacia  VALUES( 2009, 523674, 45, 44 );
INSERT INTO populacia  VALUES( 2009, 559938, 96, 91 );
INSERT INTO populacia  VALUES( 2009, 581241, 472, 470 );
INSERT INTO populacia  VALUES( 2009, 523712, 397, 392 );
INSERT INTO populacia  VALUES( 2009, 523739, 303, 329 );
INSERT INTO populacia  VALUES( 2009, 523771, 176, 174 );
INSERT INTO populacia  VALUES( 2009, 523780, 937, 908 );
INSERT INTO populacia  VALUES( 2009, 523798, 1269, 1183 );
INSERT INTO populacia  VALUES( 2009, 523801, 171, 173 );
INSERT INTO populacia  VALUES( 2009, 523810, 923, 931 );
INSERT INTO populacia  VALUES( 2009, 523828, 3162, 3210 );
INSERT INTO populacia  VALUES( 2009, 523836, 1134, 1156 );
INSERT INTO populacia  VALUES( 2009, 523861, 379, 329 );
INSERT INTO populacia  VALUES( 2009, 523887, 488, 517 );
INSERT INTO populacia  VALUES( 2009, 523909, 779, 767 );
INSERT INTO populacia  VALUES( 2009, 523976, 907, 903 );
INSERT INTO populacia  VALUES( 2009, 523984, 319, 345 );
INSERT INTO populacia  VALUES( 2009, 523992, 173, 180 );
INSERT INTO populacia  VALUES( 2009, 524000, 2173, 2054 );
INSERT INTO populacia  VALUES( 2009, 524042, 331, 351 );
INSERT INTO populacia  VALUES( 2009, 524051, 234, 231 );
INSERT INTO populacia  VALUES( 2009, 524069, 138, 138 );
INSERT INTO populacia  VALUES( 2009, 524077, 697, 643 );
INSERT INTO populacia  VALUES( 2009, 524085, 520, 498 );
INSERT INTO populacia  VALUES( 2009, 524115, 42, 39 );
INSERT INTO populacia  VALUES( 2009, 524123, 410, 385 );
INSERT INTO populacia  VALUES( 2009, 526371, 81, 92 );
INSERT INTO populacia  VALUES( 2009, 526380, 79, 87 );
INSERT INTO populacia  VALUES( 2009, 526401, 434, 458 );
INSERT INTO populacia  VALUES( 2009, 526410, 104, 90 );
INSERT INTO populacia  VALUES( 2009, 526428, 132, 129 );
INSERT INTO populacia  VALUES( 2009, 526452, 266, 254 );
INSERT INTO populacia  VALUES( 2009, 526461, 240, 257 );
INSERT INTO populacia  VALUES( 2009, 526479, 453, 470 );
INSERT INTO populacia  VALUES( 2009, 526487, 416, 351 );
INSERT INTO populacia  VALUES( 2009, 526495, 174, 180 );
INSERT INTO populacia  VALUES( 2009, 526517, 288, 295 );
INSERT INTO populacia  VALUES( 2009, 526525, 32, 31 );
INSERT INTO populacia  VALUES( 2009, 543179, 474, 490 );
INSERT INTO populacia  VALUES( 2009, 543225, 285, 277 );
INSERT INTO populacia  VALUES( 2009, 581640, 54, 56 );
INSERT INTO populacia  VALUES( 2009, 543276, 207, 177 );
INSERT INTO populacia  VALUES( 2009, 543292, 7339, 7518 );
INSERT INTO populacia  VALUES( 2009, 543314, 64, 61 );
INSERT INTO populacia  VALUES( 2009, 543381, 191, 196 );
INSERT INTO populacia  VALUES( 2009, 543390, 90, 100 );
INSERT INTO populacia  VALUES( 2009, 543420, 150, 139 );
INSERT INTO populacia  VALUES( 2009, 543446, 87, 87 );
INSERT INTO populacia  VALUES( 2009, 543454, 29, 36 );
INSERT INTO populacia  VALUES( 2009, 543462, 77, 96 );
INSERT INTO populacia  VALUES( 2009, 543471, 44, 47 );
INSERT INTO populacia  VALUES( 2009, 543578, 1954, 1997 );
INSERT INTO populacia  VALUES( 2009, 543608, 627, 676 );
INSERT INTO populacia  VALUES( 2009, 543624, 1223, 1210 );
INSERT INTO populacia  VALUES( 2009, 543641, 237, 238 );
INSERT INTO populacia  VALUES( 2009, 543675, 197, 164 );
INSERT INTO populacia  VALUES( 2009, 543691, 89, 97 );
INSERT INTO populacia  VALUES( 2009, 526606, 51, 52 );
INSERT INTO populacia  VALUES( 2009, 526614, 160, 156 );
INSERT INTO populacia  VALUES( 2009, 520071, 56, 46 );
INSERT INTO populacia  VALUES( 2009, 520098, 180, 183 );
INSERT INTO populacia  VALUES( 2009, 520101, 187, 199 );
INSERT INTO populacia  VALUES( 2009, 520128, 181, 193 );
INSERT INTO populacia  VALUES( 2009, 520187, 233, 246 );
INSERT INTO populacia  VALUES( 2009, 520314, 111, 174 );
INSERT INTO populacia  VALUES( 2009, 520411, 218, 231 );
INSERT INTO populacia  VALUES( 2009, 520471, 3232, 3322 );
INSERT INTO populacia  VALUES( 2009, 520519, 208, 211 );
INSERT INTO populacia  VALUES( 2009, 520578, 159, 167 );
INSERT INTO populacia  VALUES( 2009, 520586, 16, 17 );
INSERT INTO populacia  VALUES( 2009, 520616, 84, 98 );
INSERT INTO populacia  VALUES( 2009, 520691, 302, 292 );
INSERT INTO populacia  VALUES( 2009, 520705, 64, 70 );
INSERT INTO populacia  VALUES( 2009, 559610, 91, 83 );
INSERT INTO populacia  VALUES( 2009, 520713, 90, 109 );
INSERT INTO populacia  VALUES( 2009, 520853, 62, 61 );
INSERT INTO populacia  VALUES( 2009, 520861, 59, 70 );
INSERT INTO populacia  VALUES( 2009, 520951, 19, 18 );
INSERT INTO populacia  VALUES( 2009, 520993, 136, 172 );
INSERT INTO populacia  VALUES( 2009, 521001, 72, 86 );
INSERT INTO populacia  VALUES( 2009, 521060, 88, 88 );
INSERT INTO populacia  VALUES( 2009, 521078, 57, 57 );
INSERT INTO populacia  VALUES( 2009, 523402, 1059, 1171 );
INSERT INTO populacia  VALUES( 2009, 523437, 644, 621 );
INSERT INTO populacia  VALUES( 2009, 523445, 409, 396 );
INSERT INTO populacia  VALUES( 2009, 523496, 422, 432 );
INSERT INTO populacia  VALUES( 2009, 523488, 880, 874 );
INSERT INTO populacia  VALUES( 2009, 523518, 1445, 1355 );
INSERT INTO populacia  VALUES( 2009, 523542, 659, 646 );
INSERT INTO populacia  VALUES( 2009, 523593, 440, 405 );
INSERT INTO populacia  VALUES( 2009, 523631, 1171, 1188 );
INSERT INTO populacia  VALUES( 2009, 523658, 489, 503 );
INSERT INTO populacia  VALUES( 2009, 523721, 302, 324 );
INSERT INTO populacia  VALUES( 2009, 523747, 205, 210 );
INSERT INTO populacia  VALUES( 2009, 523763, 794, 747 );
INSERT INTO populacia  VALUES( 2009, 523381, 26119, 28314 );
INSERT INTO populacia  VALUES( 2009, 523844, 1053, 1060 );
INSERT INTO populacia  VALUES( 2009, 523852, 1230, 1164 );
INSERT INTO populacia  VALUES( 2009, 523879, 1185, 1199 );
INSERT INTO populacia  VALUES( 2009, 523925, 3565, 3946 );
INSERT INTO populacia  VALUES( 2009, 559890, 258, 259 );
INSERT INTO populacia  VALUES( 2009, 523933, 1774, 1874 );
INSERT INTO populacia  VALUES( 2009, 524107, 974, 981 );
INSERT INTO populacia  VALUES( 2009, 523950, 589, 613 );
INSERT INTO populacia  VALUES( 2009, 580368, 115, 105 );
INSERT INTO populacia  VALUES( 2009, 524018, 622, 644 );
INSERT INTO populacia  VALUES( 2009, 524026, 300, 320 );
INSERT INTO populacia  VALUES( 2009, 524034, 918, 917 );
INSERT INTO populacia  VALUES( 2009, 524093, 548, 525 );
INSERT INTO populacia  VALUES( 2009, 560103, 2101, 2403 );
INSERT INTO populacia  VALUES( 2009, 524131, 684, 677 );
INSERT INTO populacia  VALUES( 2009, 524158, 294, 319 );
INSERT INTO populacia  VALUES( 2009, 524174, 219, 221 );
INSERT INTO populacia  VALUES( 2009, 524191, 252, 239 );
INSERT INTO populacia  VALUES( 2009, 524212, 222, 231 );
INSERT INTO populacia  VALUES( 2009, 524221, 177, 189 );
INSERT INTO populacia  VALUES( 2009, 524255, 82, 77 );
INSERT INTO populacia  VALUES( 2009, 524263, 365, 372 );
INSERT INTO populacia  VALUES( 2009, 524271, 164, 143 );
INSERT INTO populacia  VALUES( 2009, 524301, 404, 409 );
INSERT INTO populacia  VALUES( 2009, 524336, 544, 556 );
INSERT INTO populacia  VALUES( 2009, 524352, 1023, 1062 );
INSERT INTO populacia  VALUES( 2009, 524361, 376, 362 );
INSERT INTO populacia  VALUES( 2009, 524387, 330, 317 );
INSERT INTO populacia  VALUES( 2009, 524395, 924, 882 );
INSERT INTO populacia  VALUES( 2009, 524409, 571, 513 );
INSERT INTO populacia  VALUES( 2009, 524417, 199, 191 );
INSERT INTO populacia  VALUES( 2009, 524425, 68, 63 );
INSERT INTO populacia  VALUES( 2009, 524433, 391, 404 );
INSERT INTO populacia  VALUES( 2009, 518522, 319, 299 );
INSERT INTO populacia  VALUES( 2009, 524450, 114, 104 );
INSERT INTO populacia  VALUES( 2009, 524468, 823, 775 );
INSERT INTO populacia  VALUES( 2009, 524476, 364, 334 );
INSERT INTO populacia  VALUES( 2009, 524506, 496, 461 );
INSERT INTO populacia  VALUES( 2009, 524514, 194, 225 );
INSERT INTO populacia  VALUES( 2009, 524549, 410, 428 );
INSERT INTO populacia  VALUES( 2009, 524522, 633, 637 );
INSERT INTO populacia  VALUES( 2009, 524531, 972, 930 );
INSERT INTO populacia  VALUES( 2009, 524581, 141, 145 );
INSERT INTO populacia  VALUES( 2009, 524590, 114, 142 );
INSERT INTO populacia  VALUES( 2009, 524620, 1017, 1074 );
INSERT INTO populacia  VALUES( 2009, 524638, 868, 888 );
INSERT INTO populacia  VALUES( 2009, 524646, 106, 98 );
INSERT INTO populacia  VALUES( 2009, 524654, 523, 502 );
INSERT INTO populacia  VALUES( 2009, 524662, 343, 352 );
INSERT INTO populacia  VALUES( 2009, 524697, 178, 177 );
INSERT INTO populacia  VALUES( 2009, 524701, 135, 127 );
INSERT INTO populacia  VALUES( 2009, 524727, 416, 425 );
INSERT INTO populacia  VALUES( 2009, 524735, 83, 76 );
INSERT INTO populacia  VALUES( 2009, 524743, 853, 967 );
INSERT INTO populacia  VALUES( 2009, 524751, 154, 177 );
INSERT INTO populacia  VALUES( 2009, 524760, 542, 421 );
INSERT INTO populacia  VALUES( 2009, 559971, 224, 242 );
INSERT INTO populacia  VALUES( 2009, 524786, 264, 245 );
INSERT INTO populacia  VALUES( 2009, 518590, 1486, 1539 );
INSERT INTO populacia  VALUES( 2009, 524794, 253, 260 );
INSERT INTO populacia  VALUES( 2009, 524808, 70, 79 );
INSERT INTO populacia  VALUES( 2009, 524832, 400, 399 );
INSERT INTO populacia  VALUES( 2009, 524841, 720, 726 );
INSERT INTO populacia  VALUES( 2009, 556823, 338, 337 );
INSERT INTO populacia  VALUES( 2009, 524867, 160, 167 );
INSERT INTO populacia  VALUES( 2009, 524883, 571, 569 );
INSERT INTO populacia  VALUES( 2009, 524905, 84, 97 );
INSERT INTO populacia  VALUES( 2009, 524913, 245, 210 );
INSERT INTO populacia  VALUES( 2009, 524930, 229, 246 );
INSERT INTO populacia  VALUES( 2009, 524964, 27, 34 );
INSERT INTO populacia  VALUES( 2009, 524999, 333, 350 );
INSERT INTO populacia  VALUES( 2009, 525014, 854, 923 );
INSERT INTO populacia  VALUES( 2009, 525022, 354, 364 );
INSERT INTO populacia  VALUES( 2009, 525031, 172, 195 );
INSERT INTO populacia  VALUES( 2009, 524140, 43714, 47479 );
INSERT INTO populacia  VALUES( 2009, 525057, 223, 227 );
INSERT INTO populacia  VALUES( 2009, 525065, 274, 269 );
INSERT INTO populacia  VALUES( 2009, 525073, 365, 376 );
INSERT INTO populacia  VALUES( 2009, 525111, 427, 463 );
INSERT INTO populacia  VALUES( 2009, 525138, 546, 530 );
INSERT INTO populacia  VALUES( 2009, 525154, 515, 515 );
INSERT INTO populacia  VALUES( 2009, 525162, 67, 63 );
INSERT INTO populacia  VALUES( 2009, 559989, 93, 100 );
INSERT INTO populacia  VALUES( 2009, 525171, 810, 798 );
INSERT INTO populacia  VALUES( 2009, 525189, 233, 249 );
INSERT INTO populacia  VALUES( 2009, 525197, 141, 156 );
INSERT INTO populacia  VALUES( 2009, 525201, 315, 353 );
INSERT INTO populacia  VALUES( 2009, 525251, 288, 278 );
INSERT INTO populacia  VALUES( 2009, 525260, 1192, 1174 );
INSERT INTO populacia  VALUES( 2009, 525278, 120, 112 );
INSERT INTO populacia  VALUES( 2009, 525286, 253, 237 );
INSERT INTO populacia  VALUES( 2009, 525294, 546, 591 );
INSERT INTO populacia  VALUES( 2009, 525324, 107, 116 );
INSERT INTO populacia  VALUES( 2009, 525332, 230, 216 );
INSERT INTO populacia  VALUES( 2009, 525341, 656, 668 );
INSERT INTO populacia  VALUES( 2009, 525383, 613, 627 );
INSERT INTO populacia  VALUES( 2009, 525391, 165, 168 );
INSERT INTO populacia  VALUES( 2009, 525405, 2540, 2676 );
INSERT INTO populacia  VALUES( 2009, 525413, 988, 1009 );
INSERT INTO populacia  VALUES( 2009, 525430, 540, 567 );
INSERT INTO populacia  VALUES( 2009, 525448, 286, 266 );
INSERT INTO populacia  VALUES( 2009, 525456, 452, 486 );
INSERT INTO populacia  VALUES( 2009, 525472, 208, 213 );
INSERT INTO populacia  VALUES( 2009, 525499, 471, 470 );
INSERT INTO populacia  VALUES( 2009, 525502, 137, 127 );
INSERT INTO populacia  VALUES( 2009, 525511, 678, 650 );
INSERT INTO populacia  VALUES( 2009, 524182, 153, 152 );
INSERT INTO populacia  VALUES( 2009, 524204, 162, 165 );
INSERT INTO populacia  VALUES( 2009, 524239, 846, 828 );
INSERT INTO populacia  VALUES( 2009, 524247, 220, 209 );
INSERT INTO populacia  VALUES( 2009, 524280, 235, 231 );
INSERT INTO populacia  VALUES( 2009, 524298, 397, 411 );
INSERT INTO populacia  VALUES( 2009, 524310, 378, 382 );
INSERT INTO populacia  VALUES( 2009, 524328, 52, 41 );
INSERT INTO populacia  VALUES( 2009, 524344, 362, 350 );
INSERT INTO populacia  VALUES( 2009, 524379, 759, 747 );
INSERT INTO populacia  VALUES( 2009, 524441, 73, 59 );
INSERT INTO populacia  VALUES( 2009, 524492, 216, 219 );
INSERT INTO populacia  VALUES( 2009, 524557, 179, 166 );
INSERT INTO populacia  VALUES( 2009, 524565, 207, 197 );
INSERT INTO populacia  VALUES( 2009, 524573, 480, 461 );
INSERT INTO populacia  VALUES( 2009, 524603, 2689, 2729 );
INSERT INTO populacia  VALUES( 2009, 524611, 946, 898 );
INSERT INTO populacia  VALUES( 2009, 524671, 359, 353 );
INSERT INTO populacia  VALUES( 2009, 524689, 582, 559 );
INSERT INTO populacia  VALUES( 2009, 524778, 3229, 3270 );
INSERT INTO populacia  VALUES( 2009, 524816, 354, 318 );
INSERT INTO populacia  VALUES( 2009, 524824, 209, 230 );
INSERT INTO populacia  VALUES( 2009, 524875, 333, 334 );
INSERT INTO populacia  VALUES( 2009, 524921, 398, 417 );
INSERT INTO populacia  VALUES( 2009, 524948, 204, 200 );
INSERT INTO populacia  VALUES( 2009, 524956, 209, 202 );
INSERT INTO populacia  VALUES( 2009, 524981, 905, 880 );
INSERT INTO populacia  VALUES( 2009, 525006, 1181, 1241 );
INSERT INTO populacia  VALUES( 2009, 525049, 480, 466 );
INSERT INTO populacia  VALUES( 2009, 525081, 73, 73 );
INSERT INTO populacia  VALUES( 2009, 525090, 739, 745 );
INSERT INTO populacia  VALUES( 2009, 525103, 86, 96 );
INSERT INTO populacia  VALUES( 2009, 525120, 678, 629 );
INSERT INTO populacia  VALUES( 2009, 525146, 6238, 6394 );
INSERT INTO populacia  VALUES( 2009, 525219, 649, 616 );
INSERT INTO populacia  VALUES( 2009, 525235, 1369, 1408 );
INSERT INTO populacia  VALUES( 2009, 525243, 251, 257 );
INSERT INTO populacia  VALUES( 2009, 525308, 175, 182 );
INSERT INTO populacia  VALUES( 2009, 525316, 739, 765 );
INSERT INTO populacia  VALUES( 2009, 525359, 257, 259 );
INSERT INTO populacia  VALUES( 2009, 525367, 204, 202 );
INSERT INTO populacia  VALUES( 2009, 525375, 302, 304 );
INSERT INTO populacia  VALUES( 2009, 525421, 75, 62 );
INSERT INTO populacia  VALUES( 2009, 520039, 1648, 1701 );
INSERT INTO populacia  VALUES( 2009, 520080, 18, 29 );
INSERT INTO populacia  VALUES( 2009, 520136, 76, 84 );
INSERT INTO populacia  VALUES( 2009, 520161, 1019, 1019 );
INSERT INTO populacia  VALUES( 2009, 520179, 91, 159 );
INSERT INTO populacia  VALUES( 2009, 520209, 176, 140 );
INSERT INTO populacia  VALUES( 2009, 520217, 27, 31 );
INSERT INTO populacia  VALUES( 2009, 520284, 46, 38 );
INSERT INTO populacia  VALUES( 2009, 520322, 280, 278 );
INSERT INTO populacia  VALUES( 2009, 520365, 255, 263 );
INSERT INTO populacia  VALUES( 2009, 520381, 49, 51 );
INSERT INTO populacia  VALUES( 2009, 520390, 290, 289 );
INSERT INTO populacia  VALUES( 2009, 520438, 168, 147 );
INSERT INTO populacia  VALUES( 2009, 520489, 50, 60 );
INSERT INTO populacia  VALUES( 2009, 520551, 160, 143 );
INSERT INTO populacia  VALUES( 2009, 520594, 109, 90 );
INSERT INTO populacia  VALUES( 2009, 520632, 8, 21 );
INSERT INTO populacia  VALUES( 2009, 520641, 287, 292 );
INSERT INTO populacia  VALUES( 2009, 520659, 260, 300 );
INSERT INTO populacia  VALUES( 2009, 520675, 29, 26 );
INSERT INTO populacia  VALUES( 2009, 520730, 19, 35 );
INSERT INTO populacia  VALUES( 2009, 520748, 49, 62 );
INSERT INTO populacia  VALUES( 2009, 520764, 57, 74 );
INSERT INTO populacia  VALUES( 2009, 520802, 10292, 10822 );
INSERT INTO populacia  VALUES( 2009, 520829, 1197, 1249 );
INSERT INTO populacia  VALUES( 2009, 520811, 158, 161 );
INSERT INTO populacia  VALUES( 2009, 520845, 72, 74 );
INSERT INTO populacia  VALUES( 2009, 520870, 51, 42 );
INSERT INTO populacia  VALUES( 2009, 520888, 66, 87 );
INSERT INTO populacia  VALUES( 2009, 520918, 377, 482 );
INSERT INTO populacia  VALUES( 2009, 520934, 477, 476 );
INSERT INTO populacia  VALUES( 2009, 520942, 133, 136 );
INSERT INTO populacia  VALUES( 2009, 521051, 186, 220 );
INSERT INTO populacia  VALUES( 2009, 521108, 630, 637 );
INSERT INTO populacia  VALUES( 2009, 526673, 605, 606 );
INSERT INTO populacia  VALUES( 2009, 526681, 119, 138 );
INSERT INTO populacia  VALUES( 2009, 526690, 202, 192 );
INSERT INTO populacia  VALUES( 2009, 526703, 46, 40 );
INSERT INTO populacia  VALUES( 2009, 526711, 330, 339 );
INSERT INTO populacia  VALUES( 2009, 526720, 712, 731 );
INSERT INTO populacia  VALUES( 2009, 526738, 109, 99 );
INSERT INTO populacia  VALUES( 2009, 526746, 253, 260 );
INSERT INTO populacia  VALUES( 2009, 526754, 470, 485 );
INSERT INTO populacia  VALUES( 2009, 526762, 1266, 1287 );
INSERT INTO populacia  VALUES( 2009, 526771, 421, 443 );
INSERT INTO populacia  VALUES( 2009, 526789, 687, 705 );
INSERT INTO populacia  VALUES( 2009, 526797, 574, 535 );
INSERT INTO populacia  VALUES( 2009, 526801, 57, 51 );
INSERT INTO populacia  VALUES( 2009, 526819, 351, 391 );
INSERT INTO populacia  VALUES( 2009, 526827, 89, 82 );
INSERT INTO populacia  VALUES( 2009, 526835, 87, 44 );
INSERT INTO populacia  VALUES( 2009, 526843, 274, 252 );
INSERT INTO populacia  VALUES( 2009, 526851, 300, 318 );
INSERT INTO populacia  VALUES( 2009, 526860, 1109, 1047 );
INSERT INTO populacia  VALUES( 2009, 526878, 665, 689 );
INSERT INTO populacia  VALUES( 2009, 526886, 233, 221 );
INSERT INTO populacia  VALUES( 2009, 526894, 29, 33 );
INSERT INTO populacia  VALUES( 2009, 526908, 354, 317 );
INSERT INTO populacia  VALUES( 2009, 526916, 300, 317 );
INSERT INTO populacia  VALUES( 2009, 526924, 1418, 1438 );
INSERT INTO populacia  VALUES( 2009, 526932, 23, 20 );
INSERT INTO populacia  VALUES( 2009, 526941, 341, 371 );
INSERT INTO populacia  VALUES( 2009, 526959, 945, 913 );
INSERT INTO populacia  VALUES( 2009, 526967, 790, 812 );
INSERT INTO populacia  VALUES( 2009, 526975, 1644, 1643 );
INSERT INTO populacia  VALUES( 2009, 526983, 107, 117 );
INSERT INTO populacia  VALUES( 2009, 526991, 41, 61 );
INSERT INTO populacia  VALUES( 2009, 526665, 8183, 8240 );
INSERT INTO populacia  VALUES( 2009, 527009, 27, 25 );
INSERT INTO populacia  VALUES( 2009, 527017, 107, 99 );
INSERT INTO populacia  VALUES( 2009, 527025, 202, 180 );
INSERT INTO populacia  VALUES( 2009, 527033, 200, 222 );
INSERT INTO populacia  VALUES( 2009, 527041, 595, 626 );
INSERT INTO populacia  VALUES( 2009, 527050, 197, 217 );
INSERT INTO populacia  VALUES( 2009, 527068, 244, 244 );
INSERT INTO populacia  VALUES( 2009, 527076, 501, 493 );
INSERT INTO populacia  VALUES( 2009, 527084, 122, 123 );
INSERT INTO populacia  VALUES( 2009, 527092, 631, 709 );
INSERT INTO populacia  VALUES( 2009, 527114, 96, 84 );
INSERT INTO populacia  VALUES( 2009, 527157, 359, 394 );
INSERT INTO populacia  VALUES( 2009, 527165, 63, 52 );
INSERT INTO populacia  VALUES( 2009, 527173, 212, 223 );
INSERT INTO populacia  VALUES( 2009, 527181, 259, 264 );
INSERT INTO populacia  VALUES( 2009, 527190, 7, 18 );
INSERT INTO populacia  VALUES( 2009, 527203, 68, 92 );
INSERT INTO populacia  VALUES( 2009, 527262, 220, 245 );
INSERT INTO populacia  VALUES( 2009, 527289, 100, 106 );
INSERT INTO populacia  VALUES( 2009, 527297, 213, 200 );
INSERT INTO populacia  VALUES( 2009, 527335, 277, 273 );
INSERT INTO populacia  VALUES( 2009, 527343, 24, 24 );
INSERT INTO populacia  VALUES( 2009, 527386, 94, 91 );
INSERT INTO populacia  VALUES( 2009, 527408, 39, 42 );
INSERT INTO populacia  VALUES( 2009, 527416, 38, 34 );
INSERT INTO populacia  VALUES( 2009, 527467, 19, 13 );
INSERT INTO populacia  VALUES( 2009, 527793, 107, 116 );
INSERT INTO populacia  VALUES( 2009, 527475, 137, 148 );
INSERT INTO populacia  VALUES( 2009, 527513, 133, 138 );
INSERT INTO populacia  VALUES( 2009, 527521, 100, 93 );
INSERT INTO populacia  VALUES( 2009, 527530, 51, 52 );
INSERT INTO populacia  VALUES( 2009, 527572, 68, 81 );
INSERT INTO populacia  VALUES( 2009, 527581, 163, 164 );
INSERT INTO populacia  VALUES( 2009, 527611, 42, 48 );
INSERT INTO populacia  VALUES( 2009, 527637, 195, 211 );
INSERT INTO populacia  VALUES( 2009, 527700, 116, 112 );
INSERT INTO populacia  VALUES( 2009, 527726, 42, 44 );
INSERT INTO populacia  VALUES( 2009, 527718, 32, 31 );
INSERT INTO populacia  VALUES( 2009, 527815, 19, 21 );
INSERT INTO populacia  VALUES( 2009, 527823, 112, 140 );
INSERT INTO populacia  VALUES( 2009, 527840, 5435, 5388 );
INSERT INTO populacia  VALUES( 2009, 527866, 158, 140 );
INSERT INTO populacia  VALUES( 2009, 527912, 211, 206 );
INSERT INTO populacia  VALUES( 2009, 527921, 65, 55 );
INSERT INTO populacia  VALUES( 2009, 527939, 184, 197 );
INSERT INTO populacia  VALUES( 2009, 527971, 78, 88 );
INSERT INTO populacia  VALUES( 2009, 527980, 85, 124 );
INSERT INTO populacia  VALUES( 2009, 527998, 114, 106 );
INSERT INTO populacia  VALUES( 2009, 528005, 34, 29 );
INSERT INTO populacia  VALUES( 2009, 528013, 57, 59 );
INSERT INTO populacia  VALUES( 2009, 528021, 65, 74 );
INSERT INTO populacia  VALUES( 2009, 528048, 304, 309 );
INSERT INTO populacia  VALUES( 2009, 560073, 88, 88 );
INSERT INTO populacia  VALUES( 2009, 527122, 9, 10 );
INSERT INTO populacia  VALUES( 2009, 527131, 111, 108 );
INSERT INTO populacia  VALUES( 2009, 527149, 30, 26 );
INSERT INTO populacia  VALUES( 2009, 527211, 266, 317 );
INSERT INTO populacia  VALUES( 2009, 527220, 44, 48 );
INSERT INTO populacia  VALUES( 2009, 527238, 32, 40 );
INSERT INTO populacia  VALUES( 2009, 527246, 18, 16 );
INSERT INTO populacia  VALUES( 2009, 527254, 104, 115 );
INSERT INTO populacia  VALUES( 2009, 580601, 122, 131 );
INSERT INTO populacia  VALUES( 2009, 527271, 61, 76 );
INSERT INTO populacia  VALUES( 2009, 519197, 2085, 2072 );
INSERT INTO populacia  VALUES( 2009, 527301, 6, 5 );
INSERT INTO populacia  VALUES( 2009, 527319, 169, 153 );
INSERT INTO populacia  VALUES( 2009, 527327, 158, 174 );
INSERT INTO populacia  VALUES( 2009, 527351, 36, 43 );
INSERT INTO populacia  VALUES( 2009, 519316, 281, 272 );
INSERT INTO populacia  VALUES( 2009, 527360, 188, 171 );
INSERT INTO populacia  VALUES( 2009, 527378, 108, 111 );
INSERT INTO populacia  VALUES( 2009, 519332, 52, 42 );
INSERT INTO populacia  VALUES( 2009, 527394, 29, 31 );
INSERT INTO populacia  VALUES( 2009, 519391, 595, 584 );
INSERT INTO populacia  VALUES( 2009, 527424, 181, 186 );
INSERT INTO populacia  VALUES( 2009, 527432, 94, 107 );
INSERT INTO populacia  VALUES( 2009, 527441, 26, 28 );
INSERT INTO populacia  VALUES( 2009, 527459, 43, 36 );
INSERT INTO populacia  VALUES( 2009, 527483, 291, 336 );
INSERT INTO populacia  VALUES( 2009, 519448, 350, 342 );
INSERT INTO populacia  VALUES( 2009, 527491, 176, 192 );
INSERT INTO populacia  VALUES( 2009, 527505, 464, 461 );
INSERT INTO populacia  VALUES( 2009, 519537, 255, 253 );
INSERT INTO populacia  VALUES( 2009, 519561, 128, 130 );
INSERT INTO populacia  VALUES( 2009, 527548, 65, 67 );
INSERT INTO populacia  VALUES( 2009, 527556, 21, 30 );
INSERT INTO populacia  VALUES( 2009, 527564, 221, 251 );
INSERT INTO populacia  VALUES( 2009, 519596, 71, 78 );
INSERT INTO populacia  VALUES( 2009, 527599, 39, 40 );
INSERT INTO populacia  VALUES( 2009, 527602, 96, 130 );
INSERT INTO populacia  VALUES( 2009, 527629, 42, 47 );
INSERT INTO populacia  VALUES( 2009, 527645, 51, 43 );
INSERT INTO populacia  VALUES( 2009, 527653, 73, 82 );
INSERT INTO populacia  VALUES( 2009, 527661, 122, 134 );
INSERT INTO populacia  VALUES( 2009, 527670, 130, 139 );
INSERT INTO populacia  VALUES( 2009, 527688, 36, 34 );
INSERT INTO populacia  VALUES( 2009, 527696, 321, 344 );
INSERT INTO populacia  VALUES( 2009, 527734, 9, 4 );
INSERT INTO populacia  VALUES( 2009, 527742, 30, 33 );
INSERT INTO populacia  VALUES( 2009, 527751, 219, 226 );
INSERT INTO populacia  VALUES( 2009, 527769, 118, 74 );
INSERT INTO populacia  VALUES( 2009, 527777, 237, 251 );
INSERT INTO populacia  VALUES( 2009, 527785, 178, 164 );
INSERT INTO populacia  VALUES( 2009, 527807, 71, 80 );
INSERT INTO populacia  VALUES( 2009, 527831, 267, 261 );
INSERT INTO populacia  VALUES( 2009, 527858, 61, 64 );
INSERT INTO populacia  VALUES( 2009, 527106, 5798, 6205 );
INSERT INTO populacia  VALUES( 2009, 527874, 5, 8 );
INSERT INTO populacia  VALUES( 2009, 527882, 144, 142 );
INSERT INTO populacia  VALUES( 2009, 527891, 42, 44 );
INSERT INTO populacia  VALUES( 2009, 527904, 58, 53 );
INSERT INTO populacia  VALUES( 2009, 527947, 54, 70 );
INSERT INTO populacia  VALUES( 2009, 527955, 118, 102 );
INSERT INTO populacia  VALUES( 2009, 527963, 23, 19 );
INSERT INTO populacia  VALUES( 2009, 528030, 95, 107 );
INSERT INTO populacia  VALUES( 2009, 528056, 36, 44 );
INSERT INTO populacia  VALUES( 2009, 528064, 42, 29 );
INSERT INTO populacia  VALUES( 2009, 528072, 279, 285 );
INSERT INTO populacia  VALUES( 2009, 528081, 201, 204 );
INSERT INTO populacia  VALUES( 2009, 519987, 252, 220 );
INSERT INTO populacia  VALUES( 2009, 519995, 175, 167 );
INSERT INTO populacia  VALUES( 2009, 544060, 112, 146 );
INSERT INTO populacia  VALUES( 2009, 544078, 832, 815 );
INSERT INTO populacia  VALUES( 2009, 544086, 244, 272 );
INSERT INTO populacia  VALUES( 2009, 544094, 1350, 1345 );
INSERT INTO populacia  VALUES( 2009, 544108, 188, 225 );
INSERT INTO populacia  VALUES( 2009, 544116, 1157, 1145 );
INSERT INTO populacia  VALUES( 2009, 544124, 554, 567 );
INSERT INTO populacia  VALUES( 2009, 544132, 381, 386 );
INSERT INTO populacia  VALUES( 2009, 544141, 230, 251 );
INSERT INTO populacia  VALUES( 2009, 544159, 390, 439 );
INSERT INTO populacia  VALUES( 2009, 544167, 22, 31 );
INSERT INTO populacia  VALUES( 2009, 544175, 702, 728 );
INSERT INTO populacia  VALUES( 2009, 544183, 117, 117 );
INSERT INTO populacia  VALUES( 2009, 544191, 78, 71 );
INSERT INTO populacia  VALUES( 2009, 544205, 34, 30 );
INSERT INTO populacia  VALUES( 2009, 544213, 1838, 1954 );
INSERT INTO populacia  VALUES( 2009, 581674, 621, 666 );
INSERT INTO populacia  VALUES( 2009, 544221, 351, 359 );
INSERT INTO populacia  VALUES( 2009, 544230, 878, 862 );
INSERT INTO populacia  VALUES( 2009, 528731, 218, 236 );
INSERT INTO populacia  VALUES( 2009, 528749, 116, 115 );
INSERT INTO populacia  VALUES( 2009, 528757, 217, 221 );
INSERT INTO populacia  VALUES( 2009, 528765, 171, 169 );
INSERT INTO populacia  VALUES( 2009, 528773, 628, 628 );
INSERT INTO populacia  VALUES( 2009, 528781, 263, 275 );
INSERT INTO populacia  VALUES( 2009, 528790, 224, 247 );
INSERT INTO populacia  VALUES( 2009, 528811, 258, 253 );
INSERT INTO populacia  VALUES( 2009, 528820, 220, 203 );
INSERT INTO populacia  VALUES( 2009, 528838, 219, 218 );
INSERT INTO populacia  VALUES( 2009, 528846, 212, 238 );
INSERT INTO populacia  VALUES( 2009, 528854, 136, 138 );
INSERT INTO populacia  VALUES( 2009, 528862, 142, 164 );
INSERT INTO populacia  VALUES( 2009, 528871, 304, 307 );
INSERT INTO populacia  VALUES( 2009, 528889, 171, 137 );
INSERT INTO populacia  VALUES( 2009, 528901, 817, 813 );
INSERT INTO populacia  VALUES( 2009, 528919, 765, 838 );
INSERT INTO populacia  VALUES( 2009, 528927, 201, 213 );
INSERT INTO populacia  VALUES( 2009, 528935, 170, 159 );
INSERT INTO populacia  VALUES( 2009, 528943, 397, 402 );
INSERT INTO populacia  VALUES( 2009, 528960, 358, 374 );
INSERT INTO populacia  VALUES( 2009, 528978, 66, 80 );
INSERT INTO populacia  VALUES( 2009, 528986, 218, 221 );
INSERT INTO populacia  VALUES( 2009, 528994, 77, 70 );
INSERT INTO populacia  VALUES( 2009, 529001, 418, 442 );
INSERT INTO populacia  VALUES( 2009, 529028, 110, 103 );
INSERT INTO populacia  VALUES( 2009, 529036, 93, 114 );
INSERT INTO populacia  VALUES( 2009, 529044, 90, 96 );
INSERT INTO populacia  VALUES( 2009, 529052, 162, 146 );
INSERT INTO populacia  VALUES( 2009, 529079, 315, 350 );
INSERT INTO populacia  VALUES( 2009, 529109, 42, 37 );
INSERT INTO populacia  VALUES( 2009, 529125, 1056, 1123 );
INSERT INTO populacia  VALUES( 2009, 529133, 1363, 1389 );
INSERT INTO populacia  VALUES( 2009, 529141, 671, 641 );
INSERT INTO populacia  VALUES( 2009, 529150, 378, 384 );
INSERT INTO populacia  VALUES( 2009, 529168, 391, 435 );
INSERT INTO populacia  VALUES( 2009, 529176, 1212, 1185 );
INSERT INTO populacia  VALUES( 2009, 529184, 50, 57 );
INSERT INTO populacia  VALUES( 2009, 529192, 546, 524 );
INSERT INTO populacia  VALUES( 2009, 529206, 54, 61 );
INSERT INTO populacia  VALUES( 2009, 529214, 32, 27 );
INSERT INTO populacia  VALUES( 2009, 529222, 1249, 1281 );
INSERT INTO populacia  VALUES( 2009, 529231, 115, 119 );
INSERT INTO populacia  VALUES( 2009, 544051, 11385, 11751 );
INSERT INTO populacia  VALUES( 2009, 529117, 95, 107 );
INSERT INTO populacia  VALUES( 2009, 529257, 609, 600 );
INSERT INTO populacia  VALUES( 2009, 529265, 1445, 1509 );
INSERT INTO populacia  VALUES( 2009, 529281, 35, 38 );
INSERT INTO populacia  VALUES( 2009, 529290, 398, 401 );
INSERT INTO populacia  VALUES( 2009, 526509, 3030, 3116 );
INSERT INTO populacia  VALUES( 2009, 526541, 729, 767 );
INSERT INTO populacia  VALUES( 2009, 526550, 45, 61 );
INSERT INTO populacia  VALUES( 2009, 543144, 149, 160 );
INSERT INTO populacia  VALUES( 2009, 543187, 986, 977 );
INSERT INTO populacia  VALUES( 2009, 543233, 792, 822 );
INSERT INTO populacia  VALUES( 2009, 543241, 376, 366 );
INSERT INTO populacia  VALUES( 2009, 543322, 983, 1029 );
INSERT INTO populacia  VALUES( 2009, 543365, 824, 867 );
INSERT INTO populacia  VALUES( 2009, 543373, 1510, 1521 );
INSERT INTO populacia  VALUES( 2009, 543497, 1667, 1750 );
INSERT INTO populacia  VALUES( 2009, 543501, 1235, 1245 );
INSERT INTO populacia  VALUES( 2009, 543551, 232, 244 );
INSERT INTO populacia  VALUES( 2009, 543560, 615, 601 );
INSERT INTO populacia  VALUES( 2009, 543632, 106, 115 );
INSERT INTO populacia  VALUES( 2009, 543659, 1010, 1037 );
INSERT INTO populacia  VALUES( 2009, 543683, 85, 68 );
INSERT INTO populacia  VALUES( 2009, 543705, 453, 469 );
INSERT INTO populacia  VALUES( 2009, 526631, 295, 305 );
INSERT INTO populacia  VALUES( 2009, 526649, 351, 372 );
INSERT INTO populacia  VALUES( 2009, 599891, 281, 283 );
INSERT INTO populacia  VALUES( 2009, 598119, 578, 577 );
INSERT INTO populacia  VALUES( 2009, 598151, 9071, 10581 );
INSERT INTO populacia  VALUES( 2009, 599875, 11357, 12067 );
INSERT INTO populacia  VALUES( 2009, 598186, 9372, 11052 );
INSERT INTO populacia  VALUES( 2009, 598127, 1019, 1098 );
INSERT INTO populacia  VALUES( 2009, 598194, 194, 207 );
INSERT INTO populacia  VALUES( 2009, 599972, 3068, 3002 );
INSERT INTO populacia  VALUES( 2009, 598216, 1000, 1032 );
INSERT INTO populacia  VALUES( 2009, 598208, 668, 738 );
INSERT INTO populacia  VALUES( 2009, 599859, 528, 560 );
INSERT INTO populacia  VALUES( 2009, 599883, 12156, 12788 );
INSERT INTO populacia  VALUES( 2009, 599841, 2667, 2713 );
INSERT INTO populacia  VALUES( 2009, 598224, 18543, 20899 );
INSERT INTO populacia  VALUES( 2009, 598682, 13145, 13932 );
INSERT INTO populacia  VALUES( 2009, 599018, 1281, 1324 );
INSERT INTO populacia  VALUES( 2009, 599093, 1543, 1765 );
INSERT INTO populacia  VALUES( 2009, 599824, 10124, 12047 );
INSERT INTO populacia  VALUES( 2009, 599794, 1981, 1978 );
INSERT INTO populacia  VALUES( 2009, 599816, 11756, 12670 );
INSERT INTO populacia  VALUES( 2009, 599786, 301, 330 );
INSERT INTO populacia  VALUES( 2009, 599913, 788, 816 );
INSERT INTO populacia  VALUES( 2009, 521141, 213, 233 );
INSERT INTO populacia  VALUES( 2009, 521159, 191, 188 );
INSERT INTO populacia  VALUES( 2009, 521167, 183, 177 );
INSERT INTO populacia  VALUES( 2009, 521175, 284, 309 );
INSERT INTO populacia  VALUES( 2009, 521183, 625, 626 );
INSERT INTO populacia  VALUES( 2009, 521191, 287, 279 );
INSERT INTO populacia  VALUES( 2009, 559831, 115, 108 );
INSERT INTO populacia  VALUES( 2009, 521205, 510, 511 );
INSERT INTO populacia  VALUES( 2009, 521213, 368, 369 );
INSERT INTO populacia  VALUES( 2009, 521221, 449, 509 );
INSERT INTO populacia  VALUES( 2009, 521248, 369, 360 );
INSERT INTO populacia  VALUES( 2009, 521256, 41, 44 );
INSERT INTO populacia  VALUES( 2009, 521264, 578, 604 );
INSERT INTO populacia  VALUES( 2009, 521272, 401, 409 );
INSERT INTO populacia  VALUES( 2009, 521281, 288, 291 );
INSERT INTO populacia  VALUES( 2009, 521299, 2626, 2569 );
INSERT INTO populacia  VALUES( 2009, 521302, 1004, 1048 );
INSERT INTO populacia  VALUES( 2009, 521311, 176, 195 );
INSERT INTO populacia  VALUES( 2009, 521329, 182, 193 );
INSERT INTO populacia  VALUES( 2009, 521337, 928, 940 );
INSERT INTO populacia  VALUES( 2009, 521345, 1207, 1221 );
INSERT INTO populacia  VALUES( 2009, 521353, 198, 196 );
INSERT INTO populacia  VALUES( 2009, 521361, 839, 830 );
INSERT INTO populacia  VALUES( 2009, 559873, 214, 227 );
INSERT INTO populacia  VALUES( 2009, 521370, 778, 778 );
INSERT INTO populacia  VALUES( 2009, 521388, 294, 279 );
INSERT INTO populacia  VALUES( 2009, 521396, 111, 106 );
INSERT INTO populacia  VALUES( 2009, 518123, 137, 138 );
INSERT INTO populacia  VALUES( 2009, 521400, 641, 708 );
INSERT INTO populacia  VALUES( 2009, 521418, 127, 155 );
INSERT INTO populacia  VALUES( 2009, 521426, 130, 131 );
INSERT INTO populacia  VALUES( 2009, 518107, 84, 100 );
INSERT INTO populacia  VALUES( 2009, 521442, 135, 168 );
INSERT INTO populacia  VALUES( 2009, 521469, 234, 229 );
INSERT INTO populacia  VALUES( 2009, 599310, 43, 49 );
INSERT INTO populacia  VALUES( 2009, 521477, 210, 199 );
INSERT INTO populacia  VALUES( 2009, 521485, 269, 282 );
INSERT INTO populacia  VALUES( 2009, 521493, 1524, 1579 );
INSERT INTO populacia  VALUES( 2009, 521507, 360, 340 );
INSERT INTO populacia  VALUES( 2009, 521523, 1519, 1470 );
INSERT INTO populacia  VALUES( 2009, 521540, 59, 63 );
INSERT INTO populacia  VALUES( 2009, 559687, 519, 514 );
INSERT INTO populacia  VALUES( 2009, 521558, 547, 579 );
INSERT INTO populacia  VALUES( 2009, 521566, 180, 200 );
INSERT INTO populacia  VALUES( 2009, 582514, 618, 623 );
INSERT INTO populacia  VALUES( 2009, 521574, 505, 479 );
INSERT INTO populacia  VALUES( 2009, 521582, 430, 513 );
INSERT INTO populacia  VALUES( 2009, 521591, 600, 622 );
INSERT INTO populacia  VALUES( 2009, 521604, 127, 139 );
INSERT INTO populacia  VALUES( 2009, 521612, 565, 549 );
INSERT INTO populacia  VALUES( 2009, 521639, 716, 693 );
INSERT INTO populacia  VALUES( 2009, 521655, 666, 674 );
INSERT INTO populacia  VALUES( 2009, 521663, 96, 87 );
INSERT INTO populacia  VALUES( 2009, 521671, 1964, 1972 );
INSERT INTO populacia  VALUES( 2009, 580252, 195, 179 );
INSERT INTO populacia  VALUES( 2009, 521680, 658, 698 );
INSERT INTO populacia  VALUES( 2009, 521698, 4953, 5189 );
INSERT INTO populacia  VALUES( 2009, 521701, 33, 44 );
INSERT INTO populacia  VALUES( 2009, 518140, 276, 254 );
INSERT INTO populacia  VALUES( 2009, 521728, 254, 264 );
INSERT INTO populacia  VALUES( 2009, 521736, 752, 755 );
INSERT INTO populacia  VALUES( 2009, 521744, 139, 142 );
INSERT INTO populacia  VALUES( 2009, 521752, 357, 361 );
INSERT INTO populacia  VALUES( 2009, 521761, 194, 223 );
INSERT INTO populacia  VALUES( 2009, 521795, 213, 201 );
INSERT INTO populacia  VALUES( 2009, 521787, 363, 359 );
INSERT INTO populacia  VALUES( 2009, 521809, 97, 105 );
INSERT INTO populacia  VALUES( 2009, 521817, 206, 194 );
INSERT INTO populacia  VALUES( 2009, 521825, 276, 307 );
INSERT INTO populacia  VALUES( 2009, 521833, 42, 44 );
INSERT INTO populacia  VALUES( 2009, 521841, 97, 99 );
INSERT INTO populacia  VALUES( 2009, 521850, 269, 308 );
INSERT INTO populacia  VALUES( 2009, 521868, 216, 199 );
INSERT INTO populacia  VALUES( 2009, 521876, 703, 769 );
INSERT INTO populacia  VALUES( 2009, 521884, 402, 411 );
INSERT INTO populacia  VALUES( 2009, 521892, 1347, 1421 );
INSERT INTO populacia  VALUES( 2009, 521906, 187, 156 );
INSERT INTO populacia  VALUES( 2009, 521914, 357, 346 );
INSERT INTO populacia  VALUES( 2009, 521922, 179, 168 );
INSERT INTO populacia  VALUES( 2009, 521931, 1097, 1129 );
INSERT INTO populacia  VALUES( 2009, 521949, 290, 320 );
INSERT INTO populacia  VALUES( 2009, 521957, 670, 686 );
INSERT INTO populacia  VALUES( 2009, 521965, 844, 941 );
INSERT INTO populacia  VALUES( 2009, 521973, 1108, 1012 );
INSERT INTO populacia  VALUES( 2009, 521981, 520, 593 );
INSERT INTO populacia  VALUES( 2009, 518115, 95, 114 );
INSERT INTO populacia  VALUES( 2009, 522007, 664, 690 );
INSERT INTO populacia  VALUES( 2009, 522015, 92, 113 );
INSERT INTO populacia  VALUES( 2009, 522023, 243, 232 );
INSERT INTO populacia  VALUES( 2009, 522031, 472, 534 );
INSERT INTO populacia  VALUES( 2009, 559865, 572, 607 );
INSERT INTO populacia  VALUES( 2009, 522040, 414, 456 );
INSERT INTO populacia  VALUES( 2009, 522066, 431, 350 );
INSERT INTO populacia  VALUES( 2009, 522074, 364, 380 );
INSERT INTO populacia  VALUES( 2009, 522082, 101, 89 );
INSERT INTO populacia  VALUES( 2009, 522091, 124, 132 );
INSERT INTO populacia  VALUES( 2009, 522104, 700, 757 );
INSERT INTO populacia  VALUES( 2009, 559784, 1742, 1791 );
INSERT INTO populacia  VALUES( 2009, 521779, 175, 178 );
INSERT INTO populacia  VALUES( 2009, 522121, 278, 275 );
INSERT INTO populacia  VALUES( 2009, 522139, 2013, 2007 );
INSERT INTO populacia  VALUES( 2009, 522147, 1624, 1594 );
INSERT INTO populacia  VALUES( 2009, 522155, 124, 130 );
INSERT INTO populacia  VALUES( 2009, 522163, 448, 467 );
INSERT INTO populacia  VALUES( 2009, 522171, 214, 210 );
INSERT INTO populacia  VALUES( 2009, 522180, 133, 109 );
INSERT INTO populacia  VALUES( 2009, 522198, 437, 475 );
INSERT INTO populacia  VALUES( 2009, 522201, 161, 148 );
INSERT INTO populacia  VALUES( 2009, 522210, 217, 219 );
INSERT INTO populacia  VALUES( 2009, 582093, 272, 262 );
INSERT INTO populacia  VALUES( 2009, 559881, 75, 97 );
INSERT INTO populacia  VALUES( 2009, 522244, 181, 176 );
INSERT INTO populacia  VALUES( 2009, 522252, 209, 207 );
INSERT INTO populacia  VALUES( 2009, 522261, 666, 663 );
INSERT INTO populacia  VALUES( 2009, 522287, 239, 260 );
INSERT INTO populacia  VALUES( 2009, 522295, 361, 354 );
INSERT INTO populacia  VALUES( 2009, 528137, 169, 183 );
INSERT INTO populacia  VALUES( 2009, 522368, 467, 489 );
INSERT INTO populacia  VALUES( 2009, 513857, 111, 117 );
INSERT INTO populacia  VALUES( 2009, 522376, 763, 748 );
INSERT INTO populacia  VALUES( 2009, 522392, 173, 176 );
INSERT INTO populacia  VALUES( 2009, 528277, 443, 424 );
INSERT INTO populacia  VALUES( 2009, 528307, 136, 153 );
INSERT INTO populacia  VALUES( 2009, 528331, 636, 672 );
INSERT INTO populacia  VALUES( 2009, 522406, 329, 348 );
INSERT INTO populacia  VALUES( 2009, 522414, 313, 363 );
INSERT INTO populacia  VALUES( 2009, 522431, 369, 383 );
INSERT INTO populacia  VALUES( 2009, 522449, 218, 232 );
INSERT INTO populacia  VALUES( 2009, 522465, 122, 122 );
INSERT INTO populacia  VALUES( 2009, 522481, 395, 463 );
INSERT INTO populacia  VALUES( 2009, 522511, 328, 362 );
INSERT INTO populacia  VALUES( 2009, 528391, 47, 53 );
INSERT INTO populacia  VALUES( 2009, 522546, 162, 160 );
INSERT INTO populacia  VALUES( 2009, 522562, 412, 417 );
INSERT INTO populacia  VALUES( 2009, 522571, 206, 208 );
INSERT INTO populacia  VALUES( 2009, 522589, 176, 179 );
INSERT INTO populacia  VALUES( 2009, 528404, 385, 458 );
INSERT INTO populacia  VALUES( 2009, 522597, 169, 230 );
INSERT INTO populacia  VALUES( 2009, 522651, 297, 324 );
INSERT INTO populacia  VALUES( 2009, 528463, 443, 444 );
INSERT INTO populacia  VALUES( 2009, 522686, 170, 180 );
INSERT INTO populacia  VALUES( 2009, 522694, 538, 606 );
INSERT INTO populacia  VALUES( 2009, 522708, 289, 301 );
INSERT INTO populacia  VALUES( 2009, 522724, 200, 229 );
INSERT INTO populacia  VALUES( 2009, 522732, 399, 405 );
INSERT INTO populacia  VALUES( 2009, 522741, 238, 289 );
INSERT INTO populacia  VALUES( 2009, 522759, 733, 712 );
INSERT INTO populacia  VALUES( 2009, 522767, 120, 124 );
INSERT INTO populacia  VALUES( 2009, 522783, 453, 448 );
INSERT INTO populacia  VALUES( 2009, 528579, 299, 309 );
INSERT INTO populacia  VALUES( 2009, 522279, 19036, 20390 );
INSERT INTO populacia  VALUES( 2009, 522791, 492, 552 );
INSERT INTO populacia  VALUES( 2009, 522805, 891, 871 );
INSERT INTO populacia  VALUES( 2009, 528633, 356, 360 );
INSERT INTO populacia  VALUES( 2009, 522848, 240, 264 );
INSERT INTO populacia  VALUES( 2009, 522864, 433, 466 );
INSERT INTO populacia  VALUES( 2009, 522872, 2185, 2257 );
INSERT INTO populacia  VALUES( 2009, 522881, 85, 113 );
INSERT INTO populacia  VALUES( 2009, 522902, 490, 478 );
INSERT INTO populacia  VALUES( 2009, 522945, 296, 339 );
INSERT INTO populacia  VALUES( 2009, 522961, 631, 646 );
INSERT INTO populacia  VALUES( 2009, 528692, 230, 268 );
INSERT INTO populacia  VALUES( 2009, 522988, 178, 177 );
INSERT INTO populacia  VALUES( 2009, 522996, 482, 607 );
INSERT INTO populacia  VALUES( 2009, 528714, 286, 308 );
INSERT INTO populacia  VALUES( 2009, 523054, 377, 360 );
INSERT INTO populacia  VALUES( 2009, 523062, 319, 296 );
INSERT INTO populacia  VALUES( 2009, 523071, 357, 366 );
INSERT INTO populacia  VALUES( 2009, 523097, 376, 419 );
INSERT INTO populacia  VALUES( 2009, 523101, 2276, 2317 );
INSERT INTO populacia  VALUES( 2009, 523119, 308, 327 );
INSERT INTO populacia  VALUES( 2009, 523127, 101, 95 );
INSERT INTO populacia  VALUES( 2009, 523135, 187, 215 );
INSERT INTO populacia  VALUES( 2009, 523151, 307, 309 );
INSERT INTO populacia  VALUES( 2009, 523186, 926, 984 );
INSERT INTO populacia  VALUES( 2009, 523194, 260, 287 );
INSERT INTO populacia  VALUES( 2009, 523208, 325, 374 );
INSERT INTO populacia  VALUES( 2009, 523216, 274, 290 );
INSERT INTO populacia  VALUES( 2009, 543853, 4644, 4901 );
INSERT INTO populacia  VALUES( 2009, 543870, 165, 151 );
INSERT INTO populacia  VALUES( 2009, 543888, 307, 319 );
INSERT INTO populacia  VALUES( 2009, 523259, 803, 909 );
INSERT INTO populacia  VALUES( 2009, 543942, 445, 433 );
INSERT INTO populacia  VALUES( 2009, 523275, 121, 134 );
INSERT INTO populacia  VALUES( 2009, 523283, 467, 464 );
INSERT INTO populacia  VALUES( 2009, 523291, 368, 386 );
INSERT INTO populacia  VALUES( 2009, 523241, 545, 593 );
INSERT INTO populacia  VALUES( 2009, 523348, 219, 227 );
INSERT INTO populacia  VALUES( 2009, 523356, 260, 280 );
INSERT INTO populacia  VALUES( 2009, 523364, 445, 490 );
INSERT INTO populacia  VALUES( 2009, 522635, 199, 167 );
INSERT INTO populacia  VALUES( 2009, 523372, 475, 491 );
INSERT INTO populacia  VALUES( 2009, 525537, 87, 74 );
INSERT INTO populacia  VALUES( 2009, 525545, 481, 456 );
INSERT INTO populacia  VALUES( 2009, 525553, 151, 156 );
INSERT INTO populacia  VALUES( 2009, 525561, 232, 266 );
INSERT INTO populacia  VALUES( 2009, 525570, 31, 35 );
INSERT INTO populacia  VALUES( 2009, 514578, 175, 204 );
INSERT INTO populacia  VALUES( 2009, 560022, 621, 696 );
INSERT INTO populacia  VALUES( 2009, 525596, 314, 313 );
INSERT INTO populacia  VALUES( 2009, 525600, 241, 251 );
INSERT INTO populacia  VALUES( 2009, 560031, 342, 307 );
INSERT INTO populacia  VALUES( 2009, 525618, 146, 143 );
INSERT INTO populacia  VALUES( 2009, 525626, 273, 310 );
INSERT INTO populacia  VALUES( 2009, 525634, 2572, 2589 );
INSERT INTO populacia  VALUES( 2009, 525642, 334, 354 );
INSERT INTO populacia  VALUES( 2009, 525651, 640, 704 );
INSERT INTO populacia  VALUES( 2009, 514748, 333, 351 );
INSERT INTO populacia  VALUES( 2009, 525669, 1005, 1065 );
INSERT INTO populacia  VALUES( 2009, 525693, 133, 117 );
INSERT INTO populacia  VALUES( 2009, 525707, 179, 202 );
INSERT INTO populacia  VALUES( 2009, 525715, 27, 36 );
INSERT INTO populacia  VALUES( 2009, 525723, 225, 235 );
INSERT INTO populacia  VALUES( 2009, 525731, 200, 191 );
INSERT INTO populacia  VALUES( 2009, 525740, 574, 594 );
INSERT INTO populacia  VALUES( 2009, 525758, 169, 180 );
INSERT INTO populacia  VALUES( 2009, 525782, 398, 437 );
INSERT INTO populacia  VALUES( 2009, 560049, 366, 377 );
INSERT INTO populacia  VALUES( 2009, 525821, 184, 192 );
INSERT INTO populacia  VALUES( 2009, 525839, 216, 235 );
INSERT INTO populacia  VALUES( 2009, 525847, 123, 136 );
INSERT INTO populacia  VALUES( 2009, 525855, 32, 35 );
INSERT INTO populacia  VALUES( 2009, 525863, 335, 369 );
INSERT INTO populacia  VALUES( 2009, 525871, 1283, 1346 );
INSERT INTO populacia  VALUES( 2009, 560065, 253, 246 );
INSERT INTO populacia  VALUES( 2009, 525898, 332, 331 );
INSERT INTO populacia  VALUES( 2009, 525910, 268, 255 );
INSERT INTO populacia  VALUES( 2009, 525936, 95, 107 );
INSERT INTO populacia  VALUES( 2009, 525952, 76, 89 );
INSERT INTO populacia  VALUES( 2009, 525961, 95, 118 );
INSERT INTO populacia  VALUES( 2009, 526045, 588, 594 );
INSERT INTO populacia  VALUES( 2009, 526053, 255, 316 );
INSERT INTO populacia  VALUES( 2009, 526061, 298, 345 );
INSERT INTO populacia  VALUES( 2009, 526070, 132, 156 );
INSERT INTO populacia  VALUES( 2009, 526088, 43, 60 );
INSERT INTO populacia  VALUES( 2009, 526096, 1201, 1240 );
INSERT INTO populacia  VALUES( 2009, 526126, 281, 297 );
INSERT INTO populacia  VALUES( 2009, 526134, 362, 367 );
INSERT INTO populacia  VALUES( 2009, 526177, 158, 178 );
INSERT INTO populacia  VALUES( 2009, 526185, 256, 275 );
INSERT INTO populacia  VALUES( 2009, 526193, 96, 97 );
INSERT INTO populacia  VALUES( 2009, 525529, 8889, 9994 );
INSERT INTO populacia  VALUES( 2009, 526207, 267, 284 );
INSERT INTO populacia  VALUES( 2009, 526215, 365, 378 );
INSERT INTO populacia  VALUES( 2009, 526223, 273, 282 );
INSERT INTO populacia  VALUES( 2009, 526231, 83, 90 );
INSERT INTO populacia  VALUES( 2009, 526240, 105, 111 );
INSERT INTO populacia  VALUES( 2009, 526266, 236, 228 );
INSERT INTO populacia  VALUES( 2009, 526274, 63, 72 );
INSERT INTO populacia  VALUES( 2009, 526282, 892, 941 );
INSERT INTO populacia  VALUES( 2009, 526291, 66, 68 );
INSERT INTO populacia  VALUES( 2009, 526312, 775, 746 );
INSERT INTO populacia  VALUES( 2009, 526339, 441, 434 );
INSERT INTO populacia  VALUES( 2009, 526347, 253, 253 );
INSERT INTO populacia  VALUES( 2009, 522309, 129, 132 );
INSERT INTO populacia  VALUES( 2009, 522317, 98, 126 );
INSERT INTO populacia  VALUES( 2009, 522325, 492, 521 );
INSERT INTO populacia  VALUES( 2009, 522333, 64, 83 );
INSERT INTO populacia  VALUES( 2009, 522341, 259, 276 );
INSERT INTO populacia  VALUES( 2009, 522350, 100, 118 );
INSERT INTO populacia  VALUES( 2009, 522384, 165, 177 );
INSERT INTO populacia  VALUES( 2009, 522422, 152, 152 );
INSERT INTO populacia  VALUES( 2009, 522457, 180, 196 );
INSERT INTO populacia  VALUES( 2009, 522473, 188, 194 );
INSERT INTO populacia  VALUES( 2009, 522490, 84, 74 );
INSERT INTO populacia  VALUES( 2009, 522503, 293, 313 );
INSERT INTO populacia  VALUES( 2009, 522520, 103, 118 );
INSERT INTO populacia  VALUES( 2009, 522538, 163, 165 );
INSERT INTO populacia  VALUES( 2009, 522554, 226, 217 );
INSERT INTO populacia  VALUES( 2009, 522601, 93, 87 );
INSERT INTO populacia  VALUES( 2009, 522627, 188, 185 );
INSERT INTO populacia  VALUES( 2009, 522643, 281, 243 );
INSERT INTO populacia  VALUES( 2009, 522660, 199, 233 );
INSERT INTO populacia  VALUES( 2009, 522678, 156, 156 );
INSERT INTO populacia  VALUES( 2009, 522716, 472, 524 );
INSERT INTO populacia  VALUES( 2009, 522813, 204, 227 );
INSERT INTO populacia  VALUES( 2009, 522821, 157, 172 );
INSERT INTO populacia  VALUES( 2009, 522830, 124, 132 );
INSERT INTO populacia  VALUES( 2009, 522856, 130, 142 );
INSERT INTO populacia  VALUES( 2009, 522899, 99, 125 );
INSERT INTO populacia  VALUES( 2009, 522911, 83, 95 );
INSERT INTO populacia  VALUES( 2009, 522929, 184, 221 );
INSERT INTO populacia  VALUES( 2009, 522937, 108, 112 );
INSERT INTO populacia  VALUES( 2009, 522953, 213, 236 );
INSERT INTO populacia  VALUES( 2009, 522970, 146, 144 );
INSERT INTO populacia  VALUES( 2009, 523003, 334, 301 );
INSERT INTO populacia  VALUES( 2009, 523011, 57, 64 );
INSERT INTO populacia  VALUES( 2009, 523020, 133, 122 );
INSERT INTO populacia  VALUES( 2009, 523038, 164, 179 );
INSERT INTO populacia  VALUES( 2009, 523046, 99, 79 );
INSERT INTO populacia  VALUES( 2009, 523089, 3075, 3190 );
INSERT INTO populacia  VALUES( 2009, 523143, 50, 61 );
INSERT INTO populacia  VALUES( 2009, 523160, 95, 103 );
INSERT INTO populacia  VALUES( 2009, 523178, 249, 263 );
INSERT INTO populacia  VALUES( 2009, 523224, 330, 348 );
INSERT INTO populacia  VALUES( 2009, 523232, 263, 269 );
INSERT INTO populacia  VALUES( 2009, 523267, 122, 113 );
INSERT INTO populacia  VALUES( 2009, 523305, 199, 187 );
INSERT INTO populacia  VALUES( 2009, 523313, 124, 126 );
INSERT INTO populacia  VALUES( 2009, 523321, 204, 202 );
INSERT INTO populacia  VALUES( 2009, 523330, 320, 368 );
INSERT INTO populacia  VALUES( 2009, 526363, 353, 330 );
INSERT INTO populacia  VALUES( 2009, 526398, 330, 336 );
INSERT INTO populacia  VALUES( 2009, 526436, 1547, 1568 );
INSERT INTO populacia  VALUES( 2009, 526444, 273, 254 );
INSERT INTO populacia  VALUES( 2009, 526533, 884, 929 );
INSERT INTO populacia  VALUES( 2009, 526568, 117, 105 );
INSERT INTO populacia  VALUES( 2009, 526576, 276, 260 );
INSERT INTO populacia  VALUES( 2009, 526584, 226, 242 );
INSERT INTO populacia  VALUES( 2009, 526592, 1131, 1244 );
INSERT INTO populacia  VALUES( 2009, 543152, 436, 392 );
INSERT INTO populacia  VALUES( 2009, 543161, 489, 500 );
INSERT INTO populacia  VALUES( 2009, 543195, 560, 549 );
INSERT INTO populacia  VALUES( 2009, 543209, 219, 213 );
INSERT INTO populacia  VALUES( 2009, 543250, 285, 296 );
INSERT INTO populacia  VALUES( 2009, 543268, 4349, 4574 );
INSERT INTO populacia  VALUES( 2009, 543284, 1070, 1063 );
INSERT INTO populacia  VALUES( 2009, 543306, 147, 149 );
INSERT INTO populacia  VALUES( 2009, 543331, 1945, 1951 );
INSERT INTO populacia  VALUES( 2009, 543349, 239, 261 );
INSERT INTO populacia  VALUES( 2009, 543357, 283, 298 );
INSERT INTO populacia  VALUES( 2009, 543403, 462, 468 );
INSERT INTO populacia  VALUES( 2009, 543411, 493, 507 );
INSERT INTO populacia  VALUES( 2009, 543438, 91, 101 );
INSERT INTO populacia  VALUES( 2009, 543489, 501, 519 );
INSERT INTO populacia  VALUES( 2009, 543519, 1873, 1934 );
INSERT INTO populacia  VALUES( 2009, 543527, 153, 159 );
INSERT INTO populacia  VALUES( 2009, 543535, 947, 964 );
INSERT INTO populacia  VALUES( 2009, 560154, 4347, 4351 );
INSERT INTO populacia  VALUES( 2009, 526355, 18630, 19365 );
INSERT INTO populacia  VALUES( 2009, 543586, 858, 844 );
INSERT INTO populacia  VALUES( 2009, 543594, 1814, 1847 );
INSERT INTO populacia  VALUES( 2009, 543616, 611, 655 );
INSERT INTO populacia  VALUES( 2009, 543667, 565, 589 );
INSERT INTO populacia  VALUES( 2009, 543713, 286, 273 );
INSERT INTO populacia  VALUES( 2009, 543721, 210, 233 );
INSERT INTO populacia  VALUES( 2009, 526657, 1064, 942 );
INSERT INTO populacia  VALUES( 2009, 528102, 295, 348 );
INSERT INTO populacia  VALUES( 2009, 528111, 301, 308 );
INSERT INTO populacia  VALUES( 2009, 528129, 165, 174 );
INSERT INTO populacia  VALUES( 2009, 528145, 715, 750 );
INSERT INTO populacia  VALUES( 2009, 528161, 334, 353 );
INSERT INTO populacia  VALUES( 2009, 528170, 602, 639 );
INSERT INTO populacia  VALUES( 2009, 528188, 656, 635 );
INSERT INTO populacia  VALUES( 2009, 528200, 324, 316 );
INSERT INTO populacia  VALUES( 2009, 528218, 353, 351 );
INSERT INTO populacia  VALUES( 2009, 528226, 69, 91 );
INSERT INTO populacia  VALUES( 2009, 528234, 570, 614 );
INSERT INTO populacia  VALUES( 2009, 528242, 246, 281 );
INSERT INTO populacia  VALUES( 2009, 528251, 406, 422 );
INSERT INTO populacia  VALUES( 2009, 528269, 87, 129 );
INSERT INTO populacia  VALUES( 2009, 528285, 191, 223 );
INSERT INTO populacia  VALUES( 2009, 528293, 1955, 2070 );
INSERT INTO populacia  VALUES( 2009, 528315, 267, 303 );
INSERT INTO populacia  VALUES( 2009, 528323, 230, 230 );
INSERT INTO populacia  VALUES( 2009, 528340, 285, 316 );
INSERT INTO populacia  VALUES( 2009, 528358, 209, 229 );
INSERT INTO populacia  VALUES( 2009, 528366, 786, 847 );
INSERT INTO populacia  VALUES( 2009, 528374, 410, 434 );
INSERT INTO populacia  VALUES( 2009, 528382, 225, 236 );
INSERT INTO populacia  VALUES( 2009, 528412, 126, 142 );
INSERT INTO populacia  VALUES( 2009, 528421, 426, 420 );
INSERT INTO populacia  VALUES( 2009, 513831, 111, 104 );
INSERT INTO populacia  VALUES( 2009, 528439, 113, 110 );
INSERT INTO populacia  VALUES( 2009, 528447, 3766, 4089 );
INSERT INTO populacia  VALUES( 2009, 528455, 150, 164 );
INSERT INTO populacia  VALUES( 2009, 528471, 804, 875 );
INSERT INTO populacia  VALUES( 2009, 528480, 186, 199 );
INSERT INTO populacia  VALUES( 2009, 528498, 164, 176 );
INSERT INTO populacia  VALUES( 2009, 528501, 544, 535 );
INSERT INTO populacia  VALUES( 2009, 528510, 856, 941 );
INSERT INTO populacia  VALUES( 2009, 528528, 137, 154 );
INSERT INTO populacia  VALUES( 2009, 513792, 213, 221 );
INSERT INTO populacia  VALUES( 2009, 528536, 259, 258 );
INSERT INTO populacia  VALUES( 2009, 528544, 586, 629 );
INSERT INTO populacia  VALUES( 2009, 528552, 540, 573 );
INSERT INTO populacia  VALUES( 2009, 528561, 203, 239 );
INSERT INTO populacia  VALUES( 2009, 528587, 884, 918 );
INSERT INTO populacia  VALUES( 2009, 528609, 678, 712 );
INSERT INTO populacia  VALUES( 2009, 528617, 496, 528 );
INSERT INTO populacia  VALUES( 2009, 528625, 299, 329 );
INSERT INTO populacia  VALUES( 2009, 528676, 953, 987 );
INSERT INTO populacia  VALUES( 2009, 528641, 380, 405 );
INSERT INTO populacia  VALUES( 2009, 528668, 266, 270 );
INSERT INTO populacia  VALUES( 2009, 528684, 479, 541 );
INSERT INTO populacia  VALUES( 2009, 528706, 276, 295 );
INSERT INTO populacia  VALUES( 2009, 528722, 4051, 4220 );
INSERT INTO populacia  VALUES( 2009, 543730, 290, 326 );
INSERT INTO populacia  VALUES( 2009, 543748, 379, 403 );
INSERT INTO populacia  VALUES( 2009, 543756, 519, 555 );
INSERT INTO populacia  VALUES( 2009, 543764, 110, 131 );
INSERT INTO populacia  VALUES( 2009, 543772, 780, 845 );
INSERT INTO populacia  VALUES( 2009, 513849, 207, 222 );
INSERT INTO populacia  VALUES( 2009, 543781, 79, 98 );
INSERT INTO populacia  VALUES( 2009, 543799, 333, 341 );
INSERT INTO populacia  VALUES( 2009, 543802, 1088, 1266 );
INSERT INTO populacia  VALUES( 2009, 528153, 309, 289 );
INSERT INTO populacia  VALUES( 2009, 528650, 401, 458 );
INSERT INTO populacia  VALUES( 2009, 543811, 129, 100 );
INSERT INTO populacia  VALUES( 2009, 528099, 11360, 12100 );
INSERT INTO populacia  VALUES( 2009, 543829, 82, 91 );
INSERT INTO populacia  VALUES( 2009, 543845, 407, 429 );
INSERT INTO populacia  VALUES( 2009, 513806, 211, 230 );
INSERT INTO populacia  VALUES( 2009, 543861, 362, 386 );
INSERT INTO populacia  VALUES( 2009, 543896, 713, 727 );
INSERT INTO populacia  VALUES( 2009, 543900, 483, 487 );
INSERT INTO populacia  VALUES( 2009, 543918, 384, 429 );
INSERT INTO populacia  VALUES( 2009, 543926, 242, 282 );
INSERT INTO populacia  VALUES( 2009, 543934, 121, 115 );
INSERT INTO populacia  VALUES( 2009, 543951, 1050, 1114 );
INSERT INTO populacia  VALUES( 2009, 543969, 275, 267 );
INSERT INTO populacia  VALUES( 2009, 543977, 396, 422 );
INSERT INTO populacia  VALUES( 2009, 543985, 154, 151 );
INSERT INTO populacia  VALUES( 2009, 543993, 192, 195 );
INSERT INTO populacia  VALUES( 2009, 544001, 457, 492 );
INSERT INTO populacia  VALUES( 2009, 544019, 756, 790 );
INSERT INTO populacia  VALUES( 2009, 544027, 527, 587 );
INSERT INTO populacia  VALUES( 2009, 544035, 335, 328 );
INSERT INTO populacia  VALUES( 2009, 544043, 232, 246 );

GRANT ALL PRIVILEGES ON ALL TABLES IN SCHEMA public TO starosta;
GRANT ALL PRIVILEGES ON ALL TABLES IN SCHEMA public TO postgres;
\q
